city_clean,company_size_clean,edu_score,salary_mid,search_keyword,competitiveness_score
北京,50人以下,2,11.0,Java开发,0.8
北京,50人以下,2,11.0,Java开发,0.8
北京,50人以下,2,11.0,Java开发,0.8
北京,50人以下,2,11.0,Java开发,0.8
北京,50人以下,2,11.0,Java开发,0.8
北京,50人以下,2,11.0,Java开发,0.8
北京,50人以下,2,11.0,Java开发,0.8
北京,50人以下,2,11.0,Java开发,0.8
北京,50人以下,2,11.0,Java开发,0.8
上海,50人以下,2,11.0,Java开发,0.8
上海,50人以下,2,11.0,Java开发,0.8
广州,50人以下,2,11.0,Java开发,0.8
广州,50人以下,2,11.0,Java开发,0.8
广州,50人以下,2,11.0,Java开发,0.8
深圳,50人以下,2,11.0,Java开发,0.8
深圳,50人以下,2,11.0,Java开发,0.8
深圳,50人以下,2,11.0,Java开发,0.8
深圳,50人以下,2,11.0,Java开发,0.8
深圳,50人以下,2,11.0,Java开发,0.8
上海,50人以下,2,11.0,后端开发,0.8
上海,50人以下,2,11.0,客户端开发,0.8
上海,50人以下,2,11.0,推荐算法,0.8
上海,50人以下,2,11.0,推荐算法,0.8
上海,50人以下,2,11.0,推荐算法,0.8
上海,50人以下,2,11.0,推荐算法,0.8
上海,50人以下,2,11.0,大模型算法,0.8
北京,50人以下,2,11.0,产品经理,0.8
北京,50人以下,2,11.0,产品经理,0.8
北京,50人以下,2,11.0,产品经理,0.8
北京,50人以下,2,11.0,产品经理,0.8
北京,50人以下,2,11.0,产品经理,0.8
北京,50人以下,2,11.0,产品经理,0.8
北京,50人以下,2,11.0,产品经理,0.8
北京,50人以下,2,11.0,产品经理,0.8
北京,50人以下,2,11.0,产品经理,0.8
北京,50人以下,2,11.0,产品经理,0.8
北京,50人以下,2,11.0,产品经理,0.8
北京,50人以下,2,11.0,产品经理,0.8
上海,50人以下,2,11.0,产品经理,0.8
上海,50人以下,2,11.0,产品经理,0.8
上海,50人以下,2,11.0,产品经理,0.8
上海,50人以下,2,11.0,产品经理,0.8
上海,50人以下,2,11.0,产品经理,0.8
上海,50人以下,2,11.0,产品经理,0.8
上海,50人以下,2,11.0,产品经理,0.8
上海,50人以下,2,11.0,产品经理,0.8
上海,50人以下,2,11.0,产品经理,0.8
上海,50人以下,2,11.0,产品经理,0.8
上海,50人以下,2,11.0,产品经理,0.8
深圳,50人以下,2,11.0,产品经理,0.8
深圳,50人以下,2,11.0,产品经理,0.8
深圳,50人以下,2,11.0,产品经理,0.8
杭州,50人以下,2,11.0,产品经理,0.8
杭州,50人以下,2,11.0,产品经理,0.8
上海,50人以下,3,11.0,后端开发,0.7
上海,50人以下,3,11.0,推荐算法,0.7
北京,50人以下,3,11.0,产品经理,0.7
上海,50人以下,3,11.0,产品经理,0.7
深圳,150-500人,0,9.9,数据分析,0.94
深圳,50人以下,0,9.9,产品经理,0.94
成都,50人以下,0,9.9,产品运营,0.94
上海,50人以下,2,9.9,Java开发,0.74
北京,50人以下,2,9.9,后端开发,0.74
上海,50人以下,2,9.9,算法工程师,0.74
上海,150-500人,2,9.9,数据分析,0.74
北京,50人以下,2,9.9,产品经理,0.74
北京,50人以下,3,9.9,后端开发,0.64
北京,50人以下,3,9.9,后端开发,0.64
北京,50-150人,3,9.9,后端开发,0.64
北京,50-150人,3,9.9,后端开发,0.64
北京,50人以下,3,9.9,后端开发,0.64
北京,50人以下,3,9.9,后端开发,0.64
北京,50人以下,3,9.9,后端开发,0.64
上海,50-150人,3,9.9,后端开发,0.64
上海,150-500人,3,9.9,后端开发,0.64
上海,50人以下,3,9.9,后端开发,0.64
深圳,50人以下,3,9.9,后端开发,0.64
杭州,50人以下,3,9.9,后端开发,0.64
杭州,50人以下,3,9.9,后端开发,0.64
北京,50人以下,3,9.9,算法工程师,0.64
上海,50人以下,3,9.9,算法工程师,0.64
杭州,50人以下,2,9.0,后端开发,0.6909
上海,50人以下,0,8.8,Java开发,0.88
上海,50人以下,0,8.8,Java开发,0.88
上海,50人以下,0,8.8,Java开发,0.88
上海,50人以下,0,8.8,Java开发,0.88
上海,50人以下,0,8.8,Java开发,0.88
上海,50人以下,0,8.8,Java开发,0.88
上海,50人以下,0,8.8,Java开发,0.88
杭州,15-50人,0,8.8,Java开发,0.88
南京,50-150人,0,8.8,Java开发,0.88
北京,50人以下,0,8.8,后端开发,0.88
北京,50人以下,0,8.8,后端开发,0.88
北京,50人以下,0,8.8,后端开发,0.88
全国,50-150人,0,8.8,后端开发,0.88
上海,50人以下,0,8.8,后端开发,0.88
上海,50人以下,0,8.8,后端开发,0.88
上海,50人以下,0,8.8,后端开发,0.88
上海,50人以下,0,8.8,后端开发,0.88
杭州,15-50人,0,8.8,后端开发,0.88
长沙,50人以下,0,8.8,后端开发,0.88
北京,50人以下,0,8.8,算法工程师,0.88
上海,50人以下,0,8.8,算法工程师,0.88
上海,50人以下,0,8.8,算法工程师,0.88
长沙,50人以下,0,8.8,算法工程师,0.88
北京,150-500人,0,8.8,数据分析,0.88
武汉,50-150人,0,8.8,产品经理,0.88
成都,15-50人,0,8.8,产品运营,0.88
成都,15-50人,1,8.8,Java开发,0.78
北京,50人以下,2,8.8,Java开发,0.68
北京,15-50人,2,8.8,Java开发,0.68
北京,50-150人,2,8.8,Java开发,0.68
北京,50人以下,2,8.8,Java开发,0.68
北京,50-150人,2,8.8,Java开发,0.68
北京,50-150人,2,8.8,Java开发,0.68
北京,50人以下,2,8.8,Java开发,0.68
北京,50人以下,2,8.8,Java开发,0.68
北京,50-150人,2,8.8,Java开发,0.68
北京,50人以下,2,8.8,Java开发,0.68
上海,50-150人,2,8.8,Java开发,0.68
上海,50-150人,2,8.8,Java开发,0.68
上海,50-150人,2,8.8,Java开发,0.68
上海,50-150人,2,8.8,Java开发,0.68
上海,50人以下,2,8.8,Java开发,0.68
上海,50-150人,2,8.8,Java开发,0.68
上海,15-50人,2,8.8,Java开发,0.68
上海,50人以下,2,8.8,Java开发,0.68
上海,50人以下,2,8.8,Java开发,0.68
上海,50人以下,2,8.8,Java开发,0.68
上海,50人以下,2,8.8,Java开发,0.68
杭州,50人以下,2,8.8,Java开发,0.68
北京,150-500人,2,8.8,前端开发,0.68
北京,50人以下,2,8.8,后端开发,0.68
北京,50人以下,2,8.8,后端开发,0.68
北京,15-50人,2,8.8,后端开发,0.68
北京,50人以下,2,8.8,后端开发,0.68
上海,15-50人,2,8.8,后端开发,0.68
上海,50人以下,2,8.8,后端开发,0.68
上海,50人以下,2,8.8,后端开发,0.68
广州,50人以下,2,8.8,后端开发,0.68
深圳,50-150人,2,8.8,后端开发,0.68
深圳,50-150人,2,8.8,后端开发,0.68
青岛,150-500人,2,8.8,后端开发,0.68
深圳,150-500人,2,8.8,客户端开发,0.68
北京,50人以下,2,8.8,算法工程师,0.68
北京,50人以下,2,8.8,算法工程师,0.68
北京,50人以下,2,8.8,算法工程师,0.68
上海,50人以下,2,8.8,算法工程师,0.68
上海,15-50人,2,8.8,算法工程师,0.68
深圳,50人以下,2,8.8,算法工程师,0.68
北京,50人以下,2,8.8,人工智能,0.68
上海,50-150人,2,8.8,数据分析,0.68
上海,50-150人,2,8.8,数据分析,0.68
上海,50人以下,2,8.8,数据分析,0.68
上海,15-50人,2,8.8,数据分析,0.68
北京,50-150人,2,8.8,产品经理,0.68
北京,50-150人,2,8.8,产品经理,0.68
北京,50人以下,2,8.8,产品经理,0.68
北京,50-150人,2,8.8,产品经理,0.68
北京,15-50人,2,8.8,产品经理,0.68
北京,50人以下,2,8.8,产品经理,0.68
上海,50-150人,2,8.8,产品经理,0.68
上海,50-150人,2,8.8,产品经理,0.68
上海,50-150人,2,8.8,产品经理,0.68
上海,50-150人,2,8.8,产品经理,0.68
广州,150-500人,2,8.8,游戏开发,0.68
北京,50人以下,3,8.8,Java开发,0.58
上海,50人以下,3,8.8,Java开发,0.58
上海,50人以下,3,8.8,Java开发,0.58
上海,150-500人,3,8.8,Java开发,0.58
上海,50人以下,3,8.8,Java开发,0.58
深圳,150-500人,3,8.8,Java开发,0.58
上海,15-50人,3,8.8,前端开发,0.58
北京,150-500人,3,8.8,后端开发,0.58
北京,50人以下,3,8.8,后端开发,0.58
北京,50-150人,3,8.8,后端开发,0.58
北京,50人以下,3,8.8,后端开发,0.58
北京,15-50人,3,8.8,后端开发,0.58
北京,150-500人,3,8.8,后端开发,0.58
北京,150-500人,3,8.8,后端开发,0.58
北京,50人以下,3,8.8,后端开发,0.58
北京,150-500人,3,8.8,后端开发,0.58
北京,50人以下,3,8.8,后端开发,0.58
北京,150-500人,3,8.8,后端开发,0.58
北京,150-500人,3,8.8,后端开发,0.58
北京,50人以下,3,8.8,后端开发,0.58
上海,50人以下,3,8.8,后端开发,0.58
上海,50人以下,3,8.8,后端开发,0.58
上海,50人以下,3,8.8,后端开发,0.58
上海,50人以下,3,8.8,后端开发,0.58
上海,50人以下,3,8.8,后端开发,0.58
上海,150-500人,3,8.8,后端开发,0.58
上海,50人以下,3,8.8,后端开发,0.58
上海,50人以下,3,8.8,后端开发,0.58
上海,50人以下,3,8.8,后端开发,0.58
上海,150-500人,3,8.8,后端开发,0.58
上海,50人以下,3,8.8,后端开发,0.58
上海,50人以下,3,8.8,后端开发,0.58
广州,50人以下,3,8.8,后端开发,0.58
深圳,50-150人,3,8.8,后端开发,0.58
深圳,150-500人,3,8.8,后端开发,0.58
深圳,50人以下,3,8.8,后端开发,0.58
宁波,15-50人,3,8.8,后端开发,0.58
北京,150-500人,3,8.8,客户端开发,0.58
北京,50人以下,3,8.8,算法工程师,0.58
北京,50人以下,3,8.8,算法工程师,0.58
上海,50人以下,3,8.8,算法工程师,0.58
上海,150-500人,3,8.8,算法工程师,0.58
上海,15-50人,3,8.8,算法工程师,0.58
深圳,15-50人,3,8.8,算法工程师,0.58
重庆,50人以下,3,8.8,人工智能,0.58
成都,15-50人,4,8.8,后端开发,0.48
北京,50人以下,0,8.5,Java开发,0.8636
北京,50人以下,2,8.350000000000001,Java开发,0.6555
上海,50人以下,2,8.350000000000001,Java开发,0.6555
杭州,50人以下,2,8.350000000000001,Java开发,0.6555
杭州,50人以下,2,8.350000000000001,Java开发,0.6555
北京,50人以下,2,8.350000000000001,后端开发,0.6555
北京,50人以下,2,8.350000000000001,后端开发,0.6555
上海,50人以下,2,8.350000000000001,后端开发,0.6555
上海,50人以下,2,8.350000000000001,后端开发,0.6555
杭州,50人以下,2,8.350000000000001,后端开发,0.6555
全国,150-500人,0,8.25,后端开发,0.85
上海,15-50人,0,8.25,测试开发,0.85
上海,50人以下,0,8.25,算法工程师,0.85
上海,50人以下,0,8.25,算法工程师,0.85
上海,50人以下,0,8.25,数据分析,0.85
北京,50人以下,2,8.25,Java开发,0.65
上海,50人以下,2,8.25,Java开发,0.65
上海,50-150人,2,8.25,Java开发,0.65
深圳,150-500人,2,8.25,Java开发,0.65
北京,50-150人,2,8.25,后端开发,0.65
杭州,15人以下,2,8.25,后端开发,0.65
北京,50人以下,2,8.25,产品经理,0.65
深圳,150-500人,2,8.25,产品经理,0.65
上海,15-50人,3,8.25,Java开发,0.55
北京,15-50人,3,8.25,后端开发,0.55
北京,50人以下,3,8.25,后端开发,0.55
北京,50人以下,3,8.25,后端开发,0.55
北京,50人以下,3,8.25,后端开发,0.55
北京,15-50人,3,8.25,后端开发,0.55
上海,50人以下,3,8.25,后端开发,0.55
上海,50人以下,3,8.25,后端开发,0.55
深圳,50人以下,3,8.25,后端开发,0.55
深圳,50人以下,3,8.25,后端开发,0.55
深圳,50人以下,3,8.25,后端开发,0.55
深圳,50人以下,3,8.25,后端开发,0.55
上海,50-150人,3,8.25,算法工程师,0.55
深圳,50人以下,3,8.25,算法工程师,0.55
上海,15-50人,3,8.25,大模型算法,0.55
上海,15-50人,3,8.25,产品经理,0.55
北京,50人以下,0,8.0,Java开发,0.8364
北京,50人以下,2,7.800000000000001,Java开发,0.6255
武汉,50人以下,2,7.800000000000001,Java开发,0.6255
上海,50人以下,2,7.800000000000001,产品经理,0.6255
深圳,50人以下,2,7.800000000000001,产品经理,0.6255
北京,150-500人,0,7.7,Java开发,0.82
上海,15人以下,0,7.7,Java开发,0.82
北京,50人以下,0,7.7,后端开发,0.82
北京,50人以下,0,7.7,后端开发,0.82
北京,50人以下,0,7.7,后端开发,0.82
成都,50-150人,0,7.7,人工智能,0.82
上海,50人以下,0,7.7,产品经理,0.82
北京,50人以下,0,7.7,产品运营,0.82
上海,50人以下,0,7.7,产品运营,0.82
上海,50人以下,1,7.7,测试开发,0.72
北京,50人以下,2,7.7,Java开发,0.62
北京,50人以下,2,7.7,Java开发,0.62
北京,50人以下,2,7.7,Java开发,0.62
北京,50人以下,2,7.7,Java开发,0.62
北京,50人以下,2,7.7,Java开发,0.62
北京,50人以下,2,7.7,Java开发,0.62
北京,50人以下,2,7.7,Java开发,0.62
北京,50人以下,2,7.7,Java开发,0.62
上海,50人以下,2,7.7,Java开发,0.62
上海,50人以下,2,7.7,Java开发,0.62
上海,50人以下,2,7.7,Java开发,0.62
上海,50人以下,2,7.7,Java开发,0.62
上海,50人以下,2,7.7,Java开发,0.62
上海,50人以下,2,7.7,Java开发,0.62
上海,50人以下,2,7.7,Java开发,0.62
上海,50人以下,2,7.7,Java开发,0.62
上海,50人以下,2,7.7,Java开发,0.62
上海,50人以下,2,7.7,Java开发,0.62
上海,50人以下,2,7.7,Java开发,0.62
上海,50人以下,2,7.7,Java开发,0.62
上海,50人以下,2,7.7,Java开发,0.62
上海,50人以下,2,7.7,Java开发,0.62
上海,50人以下,2,7.7,Java开发,0.62
上海,50人以下,2,7.7,Java开发,0.62
杭州,50人以下,2,7.7,Java开发,0.62
杭州,50人以下,2,7.7,Java开发,0.62
北京,50人以下,2,7.7,前端开发,0.62
上海,50人以下,2,7.7,前端开发,0.62
上海,50人以下,2,7.7,前端开发,0.62
深圳,50人以下,2,7.7,前端开发,0.62
北京,50人以下,2,7.7,后端开发,0.62
北京,50人以下,2,7.7,后端开发,0.62
北京,150-500人,2,7.7,后端开发,0.62
北京,50人以下,2,7.7,后端开发,0.62
北京,15-50人,2,7.7,后端开发,0.62
北京,50人以下,2,7.7,后端开发,0.62
北京,50人以下,2,7.7,后端开发,0.62
北京,50人以下,2,7.7,后端开发,0.62
北京,50人以下,2,7.7,后端开发,0.62
北京,50人以下,2,7.7,后端开发,0.62
北京,50人以下,2,7.7,后端开发,0.62
北京,50人以下,2,7.7,后端开发,0.62
北京,50人以下,2,7.7,后端开发,0.62
北京,50人以下,2,7.7,后端开发,0.62
北京,50人以下,2,7.7,后端开发,0.62
北京,50人以下,2,7.7,后端开发,0.62
北京,50人以下,2,7.7,后端开发,0.62
北京,50人以下,2,7.7,后端开发,0.62
北京,50人以下,2,7.7,后端开发,0.62
北京,50人以下,2,7.7,后端开发,0.62
北京,50人以下,2,7.7,后端开发,0.62
北京,50人以下,2,7.7,后端开发,0.62
上海,15-50人,2,7.7,后端开发,0.62
上海,50人以下,2,7.7,后端开发,0.62
上海,50人以下,2,7.7,后端开发,0.62
上海,50人以下,2,7.7,后端开发,0.62
上海,50人以下,2,7.7,后端开发,0.62
上海,150-500人,2,7.7,后端开发,0.62
上海,50人以下,2,7.7,后端开发,0.62
上海,50人以下,2,7.7,后端开发,0.62
上海,50人以下,2,7.7,后端开发,0.62
上海,50人以下,2,7.7,后端开发,0.62
上海,50人以下,2,7.7,后端开发,0.62
上海,50人以下,2,7.7,后端开发,0.62
上海,150-500人,2,7.7,后端开发,0.62
杭州,50人以下,2,7.7,后端开发,0.62
上海,50-150人,2,7.7,测试开发,0.62
北京,50人以下,2,7.7,客户端开发,0.62
北京,50人以下,2,7.7,客户端开发,0.62
上海,50人以下,2,7.7,客户端开发,0.62
上海,50人以下,2,7.7,客户端开发,0.62
北京,50人以下,2,7.7,算法工程师,0.62
北京,50人以下,2,7.7,算法工程师,0.62
北京,50人以下,2,7.7,算法工程师,0.62
北京,50人以下,2,7.7,算法工程师,0.62
北京,50人以下,2,7.7,算法工程师,0.62
北京,50人以下,2,7.7,算法工程师,0.62
上海,50人以下,2,7.7,算法工程师,0.62
上海,50人以下,2,7.7,算法工程师,0.62
上海,50人以下,2,7.7,算法工程师,0.62
上海,50人以下,2,7.7,算法工程师,0.62
上海,50人以下,2,7.7,算法工程师,0.62
上海,50人以下,2,7.7,算法工程师,0.62
上海,50人以下,2,7.7,算法工程师,0.62
上海,50人以下,2,7.7,算法工程师,0.62
上海,50人以下,2,7.7,算法工程师,0.62
上海,50人以下,2,7.7,算法工程师,0.62
杭州,50人以下,2,7.7,算法工程师,0.62
上海,50人以下,2,7.7,推荐算法,0.62
北京,50人以下,2,7.7,计算机视觉,0.62
上海,50人以下,2,7.7,计算机视觉,0.62
深圳,50人以下,2,7.7,计算机视觉,0.62
北京,50人以下,2,7.7,大模型算法,0.62
上海,50人以下,2,7.7,大模型算法,0.62
北京,50人以下,2,7.7,数据分析,0.62
北京,15-50人,2,7.7,数据分析,0.62
北京,50人以下,2,7.7,数据分析,0.62
北京,50人以下,2,7.7,数据分析,0.62
北京,50人以下,2,7.7,数据分析,0.62
北京,50人以下,2,7.7,数据分析,0.62
北京,50人以下,2,7.7,数据分析,0.62
北京,50人以下,2,7.7,数据分析,0.62
北京,50人以下,2,7.7,数据分析,0.62
北京,50人以下,2,7.7,数据分析,0.62
北京,50人以下,2,7.7,数据分析,0.62
北京,50人以下,2,7.7,数据分析,0.62
北京,50人以下,2,7.7,数据分析,0.62
北京,50人以下,2,7.7,数据分析,0.62
北京,50人以下,2,7.7,数据分析,0.62
北京,50人以下,2,7.7,数据分析,0.62
北京,50人以下,2,7.7,数据分析,0.62
北京,50人以下,2,7.7,数据分析,0.62
上海,50人以下,2,7.7,数据分析,0.62
上海,50人以下,2,7.7,数据分析,0.62
上海,50人以下,2,7.7,数据分析,0.62
上海,50人以下,2,7.7,数据分析,0.62
上海,50人以下,2,7.7,数据分析,0.62
上海,50人以下,2,7.7,数据分析,0.62
上海,50人以下,2,7.7,数据分析,0.62
上海,50人以下,2,7.7,数据分析,0.62
上海,50人以下,2,7.7,数据分析,0.62
上海,50人以下,2,7.7,数据分析,0.62
上海,50人以下,2,7.7,数据分析,0.62
上海,50人以下,2,7.7,数据分析,0.62
上海,50人以下,2,7.7,数据分析,0.62
上海,50人以下,2,7.7,数据分析,0.62
上海,50人以下,2,7.7,数据分析,0.62
上海,50人以下,2,7.7,数据分析,0.62
上海,50人以下,2,7.7,数据分析,0.62
上海,50人以下,2,7.7,数据分析,0.62
上海,50人以下,2,7.7,数据分析,0.62
上海,50人以下,2,7.7,数据分析,0.62
上海,50人以下,2,7.7,数据分析,0.62
上海,50人以下,2,7.7,数据分析,0.62
上海,50人以下,2,7.7,数据分析,0.62
上海,50人以下,2,7.7,数据分析,0.62
上海,50人以下,2,7.7,数据分析,0.62
上海,50人以下,2,7.7,数据分析,0.62
上海,50人以下,2,7.7,数据分析,0.62
深圳,50人以下,2,7.7,数据分析,0.62
深圳,50人以下,2,7.7,数据分析,0.62
杭州,50人以下,2,7.7,数据分析,0.62
上海,50人以下,2,7.7,数据工程师,0.62
上海,50人以下,2,7.7,数据工程师,0.62
上海,50-150人,2,7.7,数据工程师,0.62
北京,50人以下,2,7.7,产品经理,0.62
北京,50人以下,2,7.7,产品经理,0.62
北京,50人以下,2,7.7,产品经理,0.62
北京,50人以下,2,7.7,产品经理,0.62
北京,50人以下,2,7.7,产品经理,0.62
北京,50人以下,2,7.7,产品经理,0.62
北京,50人以下,2,7.7,产品经理,0.62
北京,50人以下,2,7.7,产品经理,0.62
北京,50人以下,2,7.7,产品经理,0.62
北京,50人以下,2,7.7,产品经理,0.62
北京,50人以下,2,7.7,产品经理,0.62
北京,50人以下,2,7.7,产品经理,0.62
北京,50人以下,2,7.7,产品经理,0.62
北京,50人以下,2,7.7,产品经理,0.62
北京,50人以下,2,7.7,产品经理,0.62
北京,50人以下,2,7.7,产品经理,0.62
北京,50人以下,2,7.7,产品经理,0.62
北京,50人以下,2,7.7,产品经理,0.62
北京,50人以下,2,7.7,产品经理,0.62
北京,50人以下,2,7.7,产品经理,0.62
北京,50人以下,2,7.7,产品经理,0.62
北京,50人以下,2,7.7,产品经理,0.62
北京,50人以下,2,7.7,产品经理,0.62
北京,50人以下,2,7.7,产品经理,0.62
北京,50人以下,2,7.7,产品经理,0.62
上海,50-150人,2,7.7,产品经理,0.62
上海,15-50人,2,7.7,产品经理,0.62
上海,50人以下,2,7.7,产品经理,0.62
上海,50人以下,2,7.7,产品经理,0.62
上海,150-500人,2,7.7,产品经理,0.62
上海,50人以下,2,7.7,产品经理,0.62
上海,50人以下,2,7.7,产品经理,0.62
上海,50人以下,2,7.7,产品经理,0.62
上海,50人以下,2,7.7,产品经理,0.62
上海,50人以下,2,7.7,产品经理,0.62
上海,50人以下,2,7.7,产品经理,0.62
上海,50人以下,2,7.7,产品经理,0.62
上海,50人以下,2,7.7,产品经理,0.62
上海,50人以下,2,7.7,产品经理,0.62
上海,50人以下,2,7.7,产品经理,0.62
上海,50人以下,2,7.7,产品经理,0.62
上海,50人以下,2,7.7,产品经理,0.62
上海,50人以下,2,7.7,产品经理,0.62
上海,50人以下,2,7.7,产品经理,0.62
上海,50人以下,2,7.7,产品经理,0.62
上海,50人以下,2,7.7,产品经理,0.62
上海,50人以下,2,7.7,产品经理,0.62
上海,50人以下,2,7.7,产品经理,0.62
上海,50人以下,2,7.7,产品经理,0.62
上海,50人以下,2,7.7,产品经理,0.62
上海,50人以下,2,7.7,产品经理,0.62
上海,15-50人,2,7.7,产品经理,0.62
上海,50人以下,2,7.7,产品经理,0.62
上海,50人以下,2,7.7,产品经理,0.62
上海,50人以下,2,7.7,产品经理,0.62
上海,50人以下,2,7.7,产品经理,0.62
上海,50人以下,2,7.7,产品经理,0.62
上海,50人以下,2,7.7,产品经理,0.62
上海,50人以下,2,7.7,产品经理,0.62
上海,50人以下,2,7.7,产品经理,0.62
上海,50人以下,2,7.7,产品经理,0.62
上海,50人以下,2,7.7,产品经理,0.62
上海,150-500人,2,7.7,产品经理,0.62
上海,50人以下,2,7.7,产品经理,0.62
上海,50人以下,2,7.7,产品经理,0.62
上海,50人以下,2,7.7,产品经理,0.62
上海,50人以下,2,7.7,产品经理,0.62
上海,50人以下,2,7.7,产品经理,0.62
上海,50人以下,2,7.7,产品经理,0.62
上海,50人以下,2,7.7,产品经理,0.62
上海,50人以下,2,7.7,产品经理,0.62
上海,50人以下,2,7.7,产品经理,0.62
上海,50人以下,2,7.7,产品经理,0.62
上海,50人以下,2,7.7,产品经理,0.62
上海,50人以下,2,7.7,产品经理,0.62
上海,50人以下,2,7.7,产品经理,0.62
上海,50人以下,2,7.7,产品经理,0.62
上海,50人以下,2,7.7,产品经理,0.62
上海,50人以下,2,7.7,产品经理,0.62
上海,50人以下,2,7.7,产品经理,0.62
上海,50人以下,2,7.7,产品经理,0.62
上海,50人以下,2,7.7,产品经理,0.62
上海,50人以下,2,7.7,产品经理,0.62
上海,50人以下,2,7.7,产品经理,0.62
上海,50人以下,2,7.7,产品经理,0.62
广州,150-500人,2,7.7,产品经理,0.62
广州,50人以下,2,7.7,产品经理,0.62
深圳,50人以下,2,7.7,产品经理,0.62
深圳,50人以下,2,7.7,产品经理,0.62
深圳,50人以下,2,7.7,产品经理,0.62
深圳,50人以下,2,7.7,产品经理,0.62
深圳,50人以下,2,7.7,产品经理,0.62
深圳,50人以下,2,7.7,产品经理,0.62
深圳,50人以下,2,7.7,产品经理,0.62
深圳,50人以下,2,7.7,产品经理,0.62
深圳,50人以下,2,7.7,产品经理,0.62
深圳,50人以下,2,7.7,产品经理,0.62
深圳,50人以下,2,7.7,产品经理,0.62
深圳,50人以下,2,7.7,产品经理,0.62
深圳,50人以下,2,7.7,产品经理,0.62
杭州,50人以下,2,7.7,产品经理,0.62
杭州,50人以下,2,7.7,产品经理,0.62
杭州,50人以下,2,7.7,产品经理,0.62
杭州,50人以下,2,7.7,产品经理,0.62
杭州,50人以下,2,7.7,产品经理,0.62
北京,50人以下,2,7.7,产品运营,0.62
北京,50人以下,2,7.7,产品运营,0.62
北京,50人以下,2,7.7,产品运营,0.62
北京,50人以下,2,7.7,产品运营,0.62
北京,50人以下,2,7.7,产品运营,0.62
北京,50人以下,2,7.7,产品运营,0.62
北京,50人以下,2,7.7,产品运营,0.62
北京,50人以下,2,7.7,产品运营,0.62
北京,50人以下,2,7.7,产品运营,0.62
北京,50人以下,2,7.7,产品运营,0.62
北京,50人以下,2,7.7,产品运营,0.62
北京,50人以下,2,7.7,产品运营,0.62
北京,50-150人,2,7.7,产品运营,0.62
北京,50人以下,2,7.7,产品运营,0.62
北京,50人以下,2,7.7,产品运营,0.62
上海,50人以下,2,7.7,产品运营,0.62
上海,50人以下,2,7.7,产品运营,0.62
上海,50人以下,2,7.7,产品运营,0.62
上海,50人以下,2,7.7,产品运营,0.62
上海,50人以下,2,7.7,产品运营,0.62
上海,50人以下,2,7.7,产品运营,0.62
上海,50人以下,2,7.7,产品运营,0.62
上海,50人以下,2,7.7,产品运营,0.62
上海,50人以下,2,7.7,产品运营,0.62
上海,50人以下,2,7.7,产品运营,0.62
上海,50人以下,2,7.7,产品运营,0.62
上海,50人以下,2,7.7,产品运营,0.62
上海,50人以下,2,7.7,产品运营,0.62
上海,50人以下,2,7.7,产品运营,0.62
上海,50人以下,2,7.7,产品运营,0.62
上海,50人以下,2,7.7,产品运营,0.62
上海,50人以下,2,7.7,产品运营,0.62
上海,50人以下,2,7.7,产品运营,0.62
上海,50人以下,2,7.7,产品运营,0.62
上海,50人以下,2,7.7,产品运营,0.62
上海,50人以下,2,7.7,产品运营,0.62
上海,50人以下,2,7.7,产品运营,0.62
上海,50人以下,2,7.7,产品运营,0.62
上海,50人以下,2,7.7,产品运营,0.62
上海,50人以下,2,7.7,产品运营,0.62
上海,150-500人,2,7.7,产品运营,0.62
上海,50人以下,2,7.7,产品运营,0.62
上海,50人以下,2,7.7,产品运营,0.62
上海,50人以下,2,7.7,产品运营,0.62
上海,50人以下,2,7.7,产品运营,0.62
上海,15-50人,2,7.7,产品运营,0.62
上海,50人以下,2,7.7,产品运营,0.62
上海,50人以下,2,7.7,产品运营,0.62
上海,50人以下,2,7.7,产品运营,0.62
广州,50人以下,2,7.7,产品运营,0.62
广州,50人以下,2,7.7,产品运营,0.62
深圳,50人以下,2,7.7,产品运营,0.62
深圳,50人以下,2,7.7,产品运营,0.62
深圳,50人以下,2,7.7,产品运营,0.62
深圳,50人以下,2,7.7,产品运营,0.62
深圳,50人以下,2,7.7,产品运营,0.62
深圳,50人以下,2,7.7,产品运营,0.62
深圳,50-150人,2,7.7,产品运营,0.62
深圳,50人以下,2,7.7,产品运营,0.62
深圳,50人以下,2,7.7,产品运营,0.62
深圳,50人以下,2,7.7,产品运营,0.62
深圳,50人以下,2,7.7,产品运营,0.62
杭州,50人以下,2,7.7,产品运营,0.62
杭州,50人以下,2,7.7,产品运营,0.62
武汉,50人以下,2,7.7,产品运营,0.62
西安,50-150人,2,7.7,产品运营,0.62
北京,50人以下,2,7.7,数据运营,0.62
北京,50-150人,2,7.7,数据运营,0.62
北京,50人以下,2,7.7,数据运营,0.62
上海,50人以下,2,7.7,UI设计师,0.62
上海,50人以下,2,7.7,UI设计师,0.62
上海,50人以下,2,7.7,UI设计师,0.62
上海,50人以下,2,7.7,UI设计师,0.62
上海,50人以下,2,7.7,UI设计师,0.62
北京,50人以下,3,7.7,Java开发,0.52
上海,150-500人,3,7.7,Java开发,0.52
上海,50-150人,3,7.7,Java开发,0.52
北京,50人以下,3,7.7,后端开发,0.52
北京,50-150人,3,7.7,后端开发,0.52
北京,50人以下,3,7.7,后端开发,0.52
北京,50人以下,3,7.7,后端开发,0.52
北京,50人以下,3,7.7,后端开发,0.52
北京,50人以下,3,7.7,后端开发,0.52
北京,50人以下,3,7.7,后端开发,0.52
北京,50人以下,3,7.7,后端开发,0.52
北京,50人以下,3,7.7,后端开发,0.52
北京,15-50人,3,7.7,后端开发,0.52
北京,50人以下,3,7.7,后端开发,0.52
北京,50人以下,3,7.7,后端开发,0.52
北京,50人以下,3,7.7,后端开发,0.52
北京,50人以下,3,7.7,后端开发,0.52
北京,50人以下,3,7.7,后端开发,0.52
北京,50人以下,3,7.7,后端开发,0.52
北京,50人以下,3,7.7,后端开发,0.52
北京,50人以下,3,7.7,后端开发,0.52
北京,50人以下,3,7.7,后端开发,0.52
北京,50人以下,3,7.7,后端开发,0.52
北京,50人以下,3,7.7,后端开发,0.52
北京,50人以下,3,7.7,后端开发,0.52
北京,15-50人,3,7.7,后端开发,0.52
上海,15-50人,3,7.7,后端开发,0.52
上海,150-500人,3,7.7,后端开发,0.52
上海,50人以下,3,7.7,后端开发,0.52
上海,150-500人,3,7.7,后端开发,0.52
上海,50人以下,3,7.7,后端开发,0.52
上海,150-500人,3,7.7,后端开发,0.52
广州,50人以下,3,7.7,后端开发,0.52
广州,50人以下,3,7.7,后端开发,0.52
深圳,50人以下,3,7.7,后端开发,0.52
深圳,50人以下,3,7.7,后端开发,0.52
深圳,50人以下,3,7.7,后端开发,0.52
深圳,50人以下,3,7.7,后端开发,0.52
杭州,50人以下,3,7.7,后端开发,0.52
杭州,50人以下,3,7.7,后端开发,0.52
杭州,50人以下,3,7.7,后端开发,0.52
杭州,50人以下,3,7.7,后端开发,0.52
杭州,50人以下,3,7.7,后端开发,0.52
南京,50人以下,3,7.7,后端开发,0.52
长沙,50人以下,3,7.7,后端开发,0.52
上海,150-500人,3,7.7,运维开发,0.52
上海,150-500人,3,7.7,运维开发,0.52
北京,50人以下,3,7.7,算法工程师,0.52
北京,50人以下,3,7.7,算法工程师,0.52
北京,50人以下,3,7.7,算法工程师,0.52
北京,50人以下,3,7.7,算法工程师,0.52
上海,50人以下,3,7.7,算法工程师,0.52
上海,50人以下,3,7.7,算法工程师,0.52
上海,50人以下,3,7.7,算法工程师,0.52
杭州,50人以下,3,7.7,算法工程师,0.52
长沙,50人以下,3,7.7,算法工程师,0.52
杭州,50人以下,3,7.7,人工智能,0.52
上海,50人以下,3,7.7,数据分析,0.52
北京,50人以下,3,7.7,数据工程师,0.52
北京,50人以下,3,7.7,产品经理,0.52
武汉,50人以下,3,7.7,产品运营,0.52
上海,50人以下,2,7.6,产品经理,0.6145
北京,50人以下,2,7.6,产品运营,0.6145
杭州,50人以下,0,7.5,Java开发,0.8091
北京,50人以下,2,7.5,Java开发,0.6091
杭州,50人以下,2,7.5,算法工程师,0.6091
北京,50人以下,0,7.15,Java开发,0.79
全国,50-150人,0,7.15,Java开发,0.79
上海,50人以下,0,7.15,后端开发,0.79
上海,50人以下,0,7.15,产品经理,0.79
深圳,15-50人,1,7.15,算法工程师,0.69
广州,50人以下,1,7.15,产品运营,0.69
北京,50人以下,2,7.15,Java开发,0.59
北京,50人以下,2,7.15,Java开发,0.59
北京,50人以下,2,7.15,Java开发,0.59
北京,50人以下,2,7.15,Java开发,0.59
北京,50人以下,2,7.15,Java开发,0.59
北京,50人以下,2,7.15,Java开发,0.59
北京,50人以下,2,7.15,Java开发,0.59
上海,15-50人,2,7.15,Java开发,0.59
上海,50人以下,2,7.15,Java开发,0.59
上海,50人以下,2,7.15,Java开发,0.59
深圳,50人以下,2,7.15,Java开发,0.59
武汉,50人以下,2,7.15,Java开发,0.59
武汉,50人以下,2,7.15,Java开发,0.59
南京,50人以下,2,7.15,Java开发,0.59
苏州,50人以下,2,7.15,Java开发,0.59
苏州,50人以下,2,7.15,Java开发,0.59
北京,50人以下,2,7.15,前端开发,0.59
北京,50人以下,2,7.15,后端开发,0.59
北京,50人以下,2,7.15,后端开发,0.59
北京,50人以下,2,7.15,后端开发,0.59
北京,50人以下,2,7.15,后端开发,0.59
北京,50人以下,2,7.15,后端开发,0.59
北京,50人以下,2,7.15,后端开发,0.59
北京,50人以下,2,7.15,后端开发,0.59
北京,50人以下,2,7.15,后端开发,0.59
全国,150-500人,2,7.15,后端开发,0.59
北京,50人以下,2,7.15,后端开发,0.59
北京,50人以下,2,7.15,后端开发,0.59
上海,50人以下,2,7.15,后端开发,0.59
上海,150-500人,2,7.15,后端开发,0.59
上海,50人以下,2,7.15,后端开发,0.59
上海,50人以下,2,7.15,后端开发,0.59
上海,50人以下,2,7.15,后端开发,0.59
武汉,50人以下,2,7.15,后端开发,0.59
南京,50人以下,2,7.15,后端开发,0.59
北京,50人以下,2,7.15,测试开发,0.59
西安,50人以下,2,7.15,测试开发,0.59
北京,50人以下,2,7.15,算法工程师,0.59
北京,50人以下,2,7.15,算法工程师,0.59
上海,50人以下,2,7.15,算法工程师,0.59
上海,150-500人,2,7.15,算法工程师,0.59
上海,150-500人,2,7.15,算法工程师,0.59
上海,15-50人,2,7.15,算法工程师,0.59
上海,50人以下,2,7.15,算法工程师,0.59
上海,50人以下,2,7.15,算法工程师,0.59
上海,50人以下,2,7.15,算法工程师,0.59
苏州,15-50人,2,7.15,算法工程师,0.59
武汉,50人以下,2,7.15,人工智能,0.59
北京,50人以下,2,7.15,数据分析,0.59
北京,50人以下,2,7.15,数据分析,0.59
北京,50人以下,2,7.15,数据分析,0.59
北京,50人以下,2,7.15,数据分析,0.59
北京,50人以下,2,7.15,数据分析,0.59
广州,50人以下,2,7.15,数据分析,0.59
武汉,50人以下,2,7.15,数据分析,0.59
武汉,50人以下,2,7.15,数据挖掘,0.59
广州,50人以下,2,7.15,数据工程师,0.59
北京,50人以下,2,7.15,产品经理,0.59
北京,50人以下,2,7.15,产品经理,0.59
北京,50人以下,2,7.15,产品经理,0.59
北京,50人以下,2,7.15,产品经理,0.59
北京,50人以下,2,7.15,产品经理,0.59
广州,50人以下,2,7.15,产品经理,0.59
广州,50人以下,2,7.15,产品经理,0.59
深圳,50人以下,2,7.15,产品经理,0.59
南京,50人以下,2,7.15,产品经理,0.59
深圳,50人以下,2,7.15,产品运营,0.59
杭州,50人以下,3,7.15,Java开发,0.49
苏州,50人以下,3,7.15,Java开发,0.49
北京,50人以下,3,7.15,后端开发,0.49
北京,50人以下,3,7.15,后端开发,0.49
北京,50人以下,3,7.15,后端开发,0.49
北京,50人以下,3,7.15,后端开发,0.49
北京,50人以下,3,7.15,后端开发,0.49
北京,50人以下,3,7.15,后端开发,0.49
北京,150-500人,3,7.15,后端开发,0.49
北京,50人以下,3,7.15,后端开发,0.49
北京,50人以下,3,7.15,后端开发,0.49
北京,50人以下,3,7.15,后端开发,0.49
北京,50人以下,3,7.15,后端开发,0.49
北京,50人以下,3,7.15,后端开发,0.49
北京,50人以下,3,7.15,后端开发,0.49
北京,50人以下,3,7.15,后端开发,0.49
上海,50-150人,3,7.15,后端开发,0.49
上海,50人以下,3,7.15,后端开发,0.49
上海,50人以下,3,7.15,后端开发,0.49
上海,50人以下,3,7.15,后端开发,0.49
上海,50人以下,3,7.15,后端开发,0.49
上海,50-150人,3,7.15,后端开发,0.49
上海,50人以下,3,7.15,后端开发,0.49
上海,50人以下,3,7.15,后端开发,0.49
上海,50人以下,3,7.15,后端开发,0.49
西安,50人以下,3,7.15,后端开发,0.49
苏州,50人以下,3,7.15,后端开发,0.49
北京,50人以下,3,7.15,算法工程师,0.49
上海,50人以下,3,7.15,算法工程师,0.49
上海,50人以下,3,7.15,算法工程师,0.49
深圳,50人以下,3,7.15,算法工程师,0.49
苏州,15-50人,3,7.15,算法工程师,0.49
上海,50人以下,3,7.15,人工智能,0.49
北京,50人以下,3,7.15,数据分析,0.49
北京,50人以下,3,7.15,产品运营,0.49
上海,50人以下,4,7.15,后端开发,0.39
北京,50人以下,4,7.15,算法工程师,0.39
上海,50人以下,2,7.0,Java开发,0.5818
北京,50人以下,3,7.0,后端开发,0.4818
上海,50人以下,3,7.0,算法工程师,0.4818
上海,50人以下,0,6.6000000000000005,Java开发,0.76
上海,50人以下,0,6.6000000000000005,Java开发,0.76
武汉,50人以下,0,6.6000000000000005,Java开发,0.76
苏州,50-150人,0,6.6000000000000005,Java开发,0.76
长沙,50人以下,0,6.6000000000000005,Java开发,0.76
杭州,50-150人,0,6.6000000000000005,后端开发,0.76
重庆,50人以下,0,6.6000000000000005,后端开发,0.76
苏州,50-150人,0,6.6000000000000005,后端开发,0.76
上海,15人以下,0,6.6000000000000005,算法工程师,0.76
长沙,50人以下,0,6.6000000000000005,算法工程师,0.76
无锡,50人以下,0,6.6000000000000005,算法工程师,0.76
无锡,50人以下,0,6.6000000000000005,算法工程师,0.76
无锡,50人以下,0,6.6000000000000005,人工智能,0.76
杭州,50人以下,0,6.6000000000000005,计算机视觉,0.76
北京,50人以下,0,6.6000000000000005,大模型算法,0.76
上海,50人以下,0,6.6000000000000005,产品经理,0.76
全国,50人以下,0,6.6000000000000005,产品经理,0.76
广州,15-50人,0,6.6000000000000005,产品经理,0.76
全国,50人以下,0,6.6000000000000005,产品运营,0.76
广州,50人以下,0,6.6000000000000005,产品运营,0.76
杭州,15人以下,0,6.6000000000000005,产品运营,0.76
杭州,50人以下,0,6.6000000000000005,产品运营,0.76
重庆,15-50人,0,6.6000000000000005,产品运营,0.76
全国,15-50人,1,6.6000000000000005,产品经理,0.66
深圳,15-50人,1,6.6000000000000005,产品运营,0.66
北京,50人以下,1,6.6000000000000005,数据运营,0.66
北京,150-500人,2,6.6000000000000005,Java开发,0.56
北京,50人以下,2,6.6000000000000005,Java开发,0.56
北京,50人以下,2,6.6000000000000005,Java开发,0.56
北京,50人以下,2,6.6000000000000005,Java开发,0.56
北京,50-150人,2,6.6000000000000005,Java开发,0.56
北京,50人以下,2,6.6000000000000005,Java开发,0.56
北京,50人以下,2,6.6000000000000005,Java开发,0.56
北京,50人以下,2,6.6000000000000005,Java开发,0.56
北京,50-150人,2,6.6000000000000005,Java开发,0.56
北京,150-500人,2,6.6000000000000005,Java开发,0.56
北京,15人以下,2,6.6000000000000005,Java开发,0.56
北京,50人以下,2,6.6000000000000005,Java开发,0.56
北京,50人以下,2,6.6000000000000005,Java开发,0.56
北京,50人以下,2,6.6000000000000005,Java开发,0.56
北京,150-500人,2,6.6000000000000005,Java开发,0.56
北京,150-500人,2,6.6000000000000005,Java开发,0.56
北京,150-500人,2,6.6000000000000005,Java开发,0.56
北京,50人以下,2,6.6000000000000005,Java开发,0.56
上海,50人以下,2,6.6000000000000005,Java开发,0.56
上海,150-500人,2,6.6000000000000005,Java开发,0.56
上海,50人以下,2,6.6000000000000005,Java开发,0.56
上海,50人以下,2,6.6000000000000005,Java开发,0.56
上海,15-50人,2,6.6000000000000005,Java开发,0.56
上海,50人以下,2,6.6000000000000005,Java开发,0.56
上海,50人以下,2,6.6000000000000005,Java开发,0.56
深圳,50人以下,2,6.6000000000000005,Java开发,0.56
深圳,50人以下,2,6.6000000000000005,Java开发,0.56
深圳,50人以下,2,6.6000000000000005,Java开发,0.56
成都,50人以下,2,6.6000000000000005,Java开发,0.56
成都,50人以下,2,6.6000000000000005,Java开发,0.56
成都,50人以下,2,6.6000000000000005,Java开发,0.56
苏州,15-50人,2,6.6000000000000005,Java开发,0.56
苏州,15-50人,2,6.6000000000000005,Java开发,0.56
无锡,50人以下,2,6.6000000000000005,Java开发,0.56
北京,150-500人,2,6.6000000000000005,后端开发,0.56
北京,50人以下,2,6.6000000000000005,后端开发,0.56
北京,50人以下,2,6.6000000000000005,后端开发,0.56
北京,150-500人,2,6.6000000000000005,后端开发,0.56
北京,50人以下,2,6.6000000000000005,后端开发,0.56
北京,50人以下,2,6.6000000000000005,后端开发,0.56
北京,50人以下,2,6.6000000000000005,后端开发,0.56
北京,50人以下,2,6.6000000000000005,后端开发,0.56
北京,15-50人,2,6.6000000000000005,后端开发,0.56
全国,15-50人,2,6.6000000000000005,后端开发,0.56
北京,150-500人,2,6.6000000000000005,后端开发,0.56
北京,50人以下,2,6.6000000000000005,后端开发,0.56
北京,150-500人,2,6.6000000000000005,后端开发,0.56
北京,50人以下,2,6.6000000000000005,后端开发,0.56
北京,50人以下,2,6.6000000000000005,后端开发,0.56
北京,50人以下,2,6.6000000000000005,后端开发,0.56
北京,50人以下,2,6.6000000000000005,后端开发,0.56
上海,15-50人,2,6.6000000000000005,后端开发,0.56
上海,50人以下,2,6.6000000000000005,后端开发,0.56
上海,50人以下,2,6.6000000000000005,后端开发,0.56
上海,15-50人,2,6.6000000000000005,后端开发,0.56
上海,50人以下,2,6.6000000000000005,后端开发,0.56
上海,50人以下,2,6.6000000000000005,后端开发,0.56
上海,50人以下,2,6.6000000000000005,后端开发,0.56
上海,50人以下,2,6.6000000000000005,后端开发,0.56
上海,50人以下,2,6.6000000000000005,后端开发,0.56
上海,150-500人,2,6.6000000000000005,后端开发,0.56
广州,15-50人,2,6.6000000000000005,后端开发,0.56
广州,15-50人,2,6.6000000000000005,后端开发,0.56
深圳,50-150人,2,6.6000000000000005,后端开发,0.56
深圳,50人以下,2,6.6000000000000005,后端开发,0.56
深圳,50人以下,2,6.6000000000000005,后端开发,0.56
深圳,15-50人,2,6.6000000000000005,后端开发,0.56
深圳,50-150人,2,6.6000000000000005,后端开发,0.56
杭州,15-50人,2,6.6000000000000005,后端开发,0.56
成都,50人以下,2,6.6000000000000005,后端开发,0.56
成都,50人以下,2,6.6000000000000005,后端开发,0.56
北京,50-150人,2,6.6000000000000005,Python开发,0.56
苏州,15-50人,2,6.6000000000000005,测试开发,0.56
北京,50人以下,2,6.6000000000000005,运维开发,0.56
北京,50人以下,2,6.6000000000000005,算法工程师,0.56
北京,150-500人,2,6.6000000000000005,算法工程师,0.56
北京,50人以下,2,6.6000000000000005,算法工程师,0.56
上海,150-500人,2,6.6000000000000005,算法工程师,0.56
上海,50人以下,2,6.6000000000000005,算法工程师,0.56
深圳,50-150人,2,6.6000000000000005,算法工程师,0.56
上海,50人以下,2,6.6000000000000005,人工智能,0.56
广州,150-500人,2,6.6000000000000005,人工智能,0.56
上海,15人以下,2,6.6000000000000005,大模型算法,0.56
上海,50人以下,2,6.6000000000000005,大模型算法,0.56
全国,50-150人,2,6.6000000000000005,数据分析,0.56
北京,150-500人,2,6.6000000000000005,数据分析,0.56
北京,50人以下,2,6.6000000000000005,数据分析,0.56
上海,150-500人,2,6.6000000000000005,数据分析,0.56
深圳,50人以下,2,6.6000000000000005,数据分析,0.56
北京,50人以下,2,6.6000000000000005,产品经理,0.56
北京,50人以下,2,6.6000000000000005,产品经理,0.56
北京,50人以下,2,6.6000000000000005,产品经理,0.56
北京,15-50人,2,6.6000000000000005,产品经理,0.56
北京,50人以下,2,6.6000000000000005,产品经理,0.56
北京,15-50人,2,6.6000000000000005,产品经理,0.56
北京,50人以下,2,6.6000000000000005,产品经理,0.56
北京,50人以下,2,6.6000000000000005,产品经理,0.56
上海,50人以下,2,6.6000000000000005,产品经理,0.56
上海,50-150人,2,6.6000000000000005,产品经理,0.56
上海,15-50人,2,6.6000000000000005,产品经理,0.56
上海,15-50人,2,6.6000000000000005,产品经理,0.56
上海,50人以下,2,6.6000000000000005,产品经理,0.56
上海,50人以下,2,6.6000000000000005,产品经理,0.56
广州,150-500人,2,6.6000000000000005,产品经理,0.56
广州,50人以下,2,6.6000000000000005,产品经理,0.56
广州,50人以下,2,6.6000000000000005,产品经理,0.56
深圳,50人以下,2,6.6000000000000005,产品经理,0.56
深圳,50人以下,2,6.6000000000000005,产品经理,0.56
深圳,50人以下,2,6.6000000000000005,产品经理,0.56
深圳,50人以下,2,6.6000000000000005,产品经理,0.56
深圳,150-500人,2,6.6000000000000005,产品经理,0.56
杭州,15-50人,2,6.6000000000000005,产品经理,0.56
杭州,50人以下,2,6.6000000000000005,产品经理,0.56
杭州,50人以下,2,6.6000000000000005,产品经理,0.56
成都,50人以下,2,6.6000000000000005,产品经理,0.56
成都,50人以下,2,6.6000000000000005,产品经理,0.56
成都,15-50人,2,6.6000000000000005,产品经理,0.56
成都,50人以下,2,6.6000000000000005,产品经理,0.56
成都,50人以下,2,6.6000000000000005,产品经理,0.56
武汉,50人以下,2,6.6000000000000005,产品经理,0.56
武汉,15-50人,2,6.6000000000000005,产品经理,0.56
武汉,50人以下,2,6.6000000000000005,产品经理,0.56
南京,50人以下,2,6.6000000000000005,产品经理,0.56
南京,50人以下,2,6.6000000000000005,产品经理,0.56
重庆,50人以下,2,6.6000000000000005,产品经理,0.56
重庆,50人以下,2,6.6000000000000005,产品经理,0.56
苏州,50人以下,2,6.6000000000000005,产品经理,0.56
苏州,50人以下,2,6.6000000000000005,产品经理,0.56
长沙,50人以下,2,6.6000000000000005,产品经理,0.56
长沙,50人以下,2,6.6000000000000005,产品经理,0.56
合肥,50人以下,2,6.6000000000000005,产品经理,0.56
合肥,50人以下,2,6.6000000000000005,产品经理,0.56
广州,150-500人,2,6.6000000000000005,产品运营,0.56
杭州,150-500人,2,6.6000000000000005,产品运营,0.56
成都,50人以下,2,6.6000000000000005,产品运营,0.56
武汉,50人以下,2,6.6000000000000005,产品运营,0.56
武汉,50人以下,2,6.6000000000000005,产品运营,0.56
上海,15-50人,2,6.6000000000000005,数据运营,0.56
西安,50人以下,2,6.6000000000000005,UI设计师,0.56
西安,50人以下,2,6.6000000000000005,UI设计师,0.56
北京,150-500人,3,6.6000000000000005,Java开发,0.46
北京,150-500人,3,6.6000000000000005,Java开发,0.46
北京,50人以下,3,6.6000000000000005,后端开发,0.46
北京,50-150人,3,6.6000000000000005,后端开发,0.46
北京,150-500人,3,6.6000000000000005,后端开发,0.46
北京,50-150人,3,6.6000000000000005,后端开发,0.46
北京,50人以下,3,6.6000000000000005,后端开发,0.46
北京,150-500人,3,6.6000000000000005,后端开发,0.46
北京,50人以下,3,6.6000000000000005,后端开发,0.46
北京,50人以下,3,6.6000000000000005,后端开发,0.46
北京,50人以下,3,6.6000000000000005,后端开发,0.46
北京,50-150人,3,6.6000000000000005,后端开发,0.46
北京,50-150人,3,6.6000000000000005,后端开发,0.46
北京,50人以下,3,6.6000000000000005,后端开发,0.46
北京,50人以下,3,6.6000000000000005,后端开发,0.46
北京,150-500人,3,6.6000000000000005,后端开发,0.46
北京,50人以下,3,6.6000000000000005,后端开发,0.46
北京,50人以下,3,6.6000000000000005,后端开发,0.46
上海,50-150人,3,6.6000000000000005,后端开发,0.46
上海,50人以下,3,6.6000000000000005,后端开发,0.46
上海,50人以下,3,6.6000000000000005,后端开发,0.46
广州,50人以下,3,6.6000000000000005,后端开发,0.46
深圳,50人以下,3,6.6000000000000005,后端开发,0.46
杭州,50人以下,3,6.6000000000000005,后端开发,0.46
杭州,50-150人,3,6.6000000000000005,后端开发,0.46
厦门,50人以下,3,6.6000000000000005,后端开发,0.46
无锡,50-150人,3,6.6000000000000005,后端开发,0.46
北京,50人以下,3,6.6000000000000005,算法工程师,0.46
上海,150-500人,3,6.6000000000000005,算法工程师,0.46
上海,15人以下,3,6.6000000000000005,算法工程师,0.46
上海,150-500人,3,6.6000000000000005,算法工程师,0.46
杭州,50人以下,3,6.6000000000000005,算法工程师,0.46
上海,50人以下,3,6.6000000000000005,人工智能,0.46
杭州,15-50人,3,6.6000000000000005,产品经理,0.46
杭州,15-50人,3,6.6000000000000005,产品经理,0.46
北京,50人以下,0,6.6,Java开发,0.76
上海,50人以下,0,6.6,Java开发,0.76
上海,50人以下,0,6.6,数据分析,0.76
上海,50人以下,0,6.6,产品经理,0.76
北京,50人以下,2,6.6,Java开发,0.56
上海,50人以下,2,6.6,Java开发,0.56
上海,150-500人,2,6.6,Java开发,0.56
上海,50人以下,2,6.6,Java开发,0.56
上海,50人以下,2,6.6,Java开发,0.56
上海,50人以下,2,6.6,Java开发,0.56
上海,50人以下,2,6.6,Java开发,0.56
深圳,50人以下,2,6.6,Java开发,0.56
北京,50人以下,2,6.6,后端开发,0.56
北京,50人以下,2,6.6,后端开发,0.56
北京,50人以下,2,6.6,后端开发,0.56
上海,50人以下,2,6.6,后端开发,0.56
上海,50人以下,2,6.6,后端开发,0.56
深圳,50人以下,2,6.6,后端开发,0.56
杭州,50人以下,2,6.6,后端开发,0.56
北京,50人以下,2,6.6,测试开发,0.56
上海,50人以下,2,6.6,测试开发,0.56
上海,50人以下,2,6.6,算法工程师,0.56
上海,50人以下,2,6.6,算法工程师,0.56
上海,50人以下,2,6.6,算法工程师,0.56
上海,50人以下,2,6.6,算法工程师,0.56
上海,50人以下,2,6.6,算法工程师,0.56
深圳,50人以下,2,6.6,算法工程师,0.56
上海,50-150人,2,6.6,人工智能,0.56
深圳,50人以下,2,6.6,大模型算法,0.56
上海,50人以下,2,6.6,数据分析,0.56
深圳,50人以下,2,6.6,数据分析,0.56
上海,50人以下,2,6.6,产品经理,0.56
深圳,50人以下,2,6.6,产品经理,0.56
深圳,50人以下,2,6.6,产品经理,0.56
深圳,50人以下,2,6.6,产品运营,0.56
北京,50人以下,3,6.6,Java开发,0.46
上海,150-500人,3,6.6,Java开发,0.46
上海,15-50人,3,6.6,Java开发,0.46
上海,150-500人,3,6.6,Java开发,0.46
深圳,50人以下,3,6.6,Java开发,0.46
上海,50人以下,3,6.6,前端开发,0.46
北京,50人以下,3,6.6,后端开发,0.46
北京,50人以下,3,6.6,后端开发,0.46
上海,50人以下,3,6.6,后端开发,0.46
上海,50人以下,3,6.6,后端开发,0.46
上海,50人以下,3,6.6,后端开发,0.46
深圳,50人以下,3,6.6,后端开发,0.46
杭州,50人以下,3,6.6,后端开发,0.46
杭州,50人以下,3,6.6,后端开发,0.46
苏州,50人以下,3,6.6,后端开发,0.46
上海,50人以下,3,6.6,测试开发,0.46
上海,50人以下,3,6.6,算法工程师,0.46
深圳,50人以下,3,6.6,算法工程师,0.46
杭州,50人以下,3,6.6,算法工程师,0.46
北京,15-50人,3,6.6,数据分析,0.46
北京,50人以下,0,6.5,数据分析,0.7545
北京,50人以下,0,6.5,数据分析,0.7545
上海,50人以下,2,6.5,产品运营,0.5545
南京,50人以下,3,6.4,后端开发,0.4491
北京,50人以下,2,6.25,Java开发,0.5409
北京,50人以下,2,6.25,Java开发,0.5409
上海,50人以下,2,6.25,Java开发,0.5409
上海,50人以下,2,6.25,Java开发,0.5409
上海,50人以下,2,6.25,Java开发,0.5409
深圳,50人以下,2,6.25,Java开发,0.5409
深圳,50人以下,2,6.25,Java开发,0.5409
杭州,50人以下,2,6.25,Java开发,0.5409
上海,50人以下,2,6.25,客户端开发,0.5409
北京,50人以下,2,6.25,产品经理,0.5409
北京,50人以下,2,6.25,产品经理,0.5409
北京,50人以下,2,6.25,产品经理,0.5409
北京,50人以下,2,6.25,产品经理,0.5409
上海,50人以下,2,6.25,产品经理,0.5409
上海,50人以下,2,6.25,产品经理,0.5409
上海,50人以下,2,6.15,Java开发,0.5355
北京,50人以下,2,6.15,大模型算法,0.5355
上海,50人以下,0,6.05,Java开发,0.73
上海,50人以下,0,6.05,后端开发,0.73
上海,50人以下,0,6.05,后端开发,0.73
上海,50人以下,0,6.05,测试开发,0.73
杭州,50人以下,0,6.05,客户端开发,0.73
上海,50人以下,0,6.05,算法工程师,0.73
上海,15-50人,0,6.05,算法工程师,0.73
北京,50人以下,0,6.05,大模型算法,0.73
北京,50人以下,0,6.05,数据分析,0.73
北京,50人以下,0,6.05,数据分析,0.73
北京,50人以下,0,6.05,数据分析,0.73
北京,50人以下,0,6.05,产品经理,0.73
北京,50人以下,0,6.05,产品经理,0.73
上海,50人以下,0,6.05,游戏开发,0.73
上海,50人以下,0,6.05,游戏开发,0.73
上海,50人以下,0,6.05,游戏开发,0.73
上海,50人以下,0,6.05,UI设计师,0.73
北京,50人以下,2,6.05,Java开发,0.53
北京,50人以下,2,6.05,Java开发,0.53
北京,50人以下,2,6.05,Java开发,0.53
北京,150-500人,2,6.05,Java开发,0.53
北京,50人以下,2,6.05,Java开发,0.53
北京,50人以下,2,6.05,Java开发,0.53
北京,50人以下,2,6.05,Java开发,0.53
北京,50人以下,2,6.05,Java开发,0.53
北京,50人以下,2,6.05,Java开发,0.53
上海,50人以下,2,6.05,Java开发,0.53
上海,150-500人,2,6.05,Java开发,0.53
上海,50人以下,2,6.05,Java开发,0.53
上海,50人以下,2,6.05,Java开发,0.53
上海,50人以下,2,6.05,Java开发,0.53
上海,150-500人,2,6.05,Java开发,0.53
上海,50人以下,2,6.05,Java开发,0.53
上海,50人以下,2,6.05,Java开发,0.53
广州,50人以下,2,6.05,Java开发,0.53
广州,150-500人,2,6.05,Java开发,0.53
深圳,50-150人,2,6.05,Java开发,0.53
苏州,50人以下,2,6.05,Java开发,0.53
苏州,50人以下,2,6.05,Java开发,0.53
苏州,50人以下,2,6.05,Java开发,0.53
苏州,50人以下,2,6.05,Java开发,0.53
北京,50人以下,2,6.05,前端开发,0.53
北京,50人以下,2,6.05,前端开发,0.53
北京,50人以下,2,6.05,前端开发,0.53
北京,50人以下,2,6.05,前端开发,0.53
深圳,50人以下,2,6.05,前端开发,0.53
北京,50人以下,2,6.05,后端开发,0.53
北京,50人以下,2,6.05,后端开发,0.53
北京,50人以下,2,6.05,后端开发,0.53
北京,50人以下,2,6.05,后端开发,0.53
上海,50人以下,2,6.05,后端开发,0.53
上海,50人以下,2,6.05,后端开发,0.53
上海,50人以下,2,6.05,后端开发,0.53
上海,150-500人,2,6.05,后端开发,0.53
上海,150-500人,2,6.05,后端开发,0.53
上海,50-150人,2,6.05,后端开发,0.53
深圳,50-150人,2,6.05,后端开发,0.53
深圳,50-150人,2,6.05,后端开发,0.53
杭州,50人以下,2,6.05,后端开发,0.53
南京,50人以下,2,6.05,后端开发,0.53
厦门,50人以下,2,6.05,后端开发,0.53
北京,50人以下,2,6.05,测试开发,0.53
上海,50人以下,2,6.05,测试开发,0.53
北京,50人以下,2,6.05,客户端开发,0.53
北京,50人以下,2,6.05,客户端开发,0.53
上海,50人以下,2,6.05,客户端开发,0.53
北京,50人以下,2,6.05,运维开发,0.53
深圳,50人以下,2,6.05,算法工程师,0.53
南京,50人以下,2,6.05,算法工程师,0.53
南京,50人以下,2,6.05,算法工程师,0.53
北京,50人以下,2,6.05,人工智能,0.53
上海,50人以下,2,6.05,人工智能,0.53
深圳,50人以下,2,6.05,人工智能,0.53
南京,50人以下,2,6.05,人工智能,0.53
南京,50人以下,2,6.05,人工智能,0.53
南京,50人以下,2,6.05,人工智能,0.53
上海,50人以下,2,6.05,计算机视觉,0.53
上海,15-50人,2,6.05,计算机视觉,0.53
上海,50人以下,2,6.05,计算机视觉,0.53
上海,50人以下,2,6.05,计算机视觉,0.53
上海,50人以下,2,6.05,大模型算法,0.53
北京,50人以下,2,6.05,数据分析,0.53
北京,50人以下,2,6.05,数据分析,0.53
北京,50人以下,2,6.05,数据分析,0.53
北京,50人以下,2,6.05,数据分析,0.53
北京,50人以下,2,6.05,数据分析,0.53
北京,50人以下,2,6.05,数据分析,0.53
北京,50人以下,2,6.05,数据分析,0.53
北京,50人以下,2,6.05,数据分析,0.53
北京,50人以下,2,6.05,数据分析,0.53
北京,50人以下,2,6.05,数据分析,0.53
北京,50人以下,2,6.05,数据分析,0.53
北京,50人以下,2,6.05,数据分析,0.53
北京,50人以下,2,6.05,数据分析,0.53
北京,50人以下,2,6.05,数据分析,0.53
北京,50人以下,2,6.05,数据分析,0.53
北京,50人以下,2,6.05,数据分析,0.53
北京,50人以下,2,6.05,数据分析,0.53
北京,50人以下,2,6.05,数据分析,0.53
北京,50人以下,2,6.05,数据分析,0.53
北京,50人以下,2,6.05,数据分析,0.53
北京,50人以下,2,6.05,数据分析,0.53
北京,50人以下,2,6.05,数据分析,0.53
北京,50人以下,2,6.05,数据分析,0.53
上海,50人以下,2,6.05,数据分析,0.53
上海,50人以下,2,6.05,数据分析,0.53
上海,50人以下,2,6.05,数据分析,0.53
上海,50人以下,2,6.05,数据分析,0.53
上海,50人以下,2,6.05,数据分析,0.53
上海,50人以下,2,6.05,数据分析,0.53
深圳,50人以下,2,6.05,数据分析,0.53
北京,50人以下,2,6.05,数据工程师,0.53
上海,50人以下,2,6.05,数据工程师,0.53
上海,50人以下,2,6.05,数据工程师,0.53
上海,50人以下,2,6.05,数据工程师,0.53
上海,50人以下,2,6.05,数据工程师,0.53
上海,50人以下,2,6.05,数据工程师,0.53
上海,50人以下,2,6.05,数据工程师,0.53
北京,50人以下,2,6.05,产品经理,0.53
北京,50人以下,2,6.05,产品经理,0.53
北京,50人以下,2,6.05,产品经理,0.53
北京,50人以下,2,6.05,产品经理,0.53
北京,50人以下,2,6.05,产品经理,0.53
北京,50人以下,2,6.05,产品经理,0.53
北京,15-50人,2,6.05,产品经理,0.53
北京,50人以下,2,6.05,产品经理,0.53
北京,50人以下,2,6.05,产品经理,0.53
北京,50人以下,2,6.05,产品经理,0.53
北京,15-50人,2,6.05,产品经理,0.53
北京,50人以下,2,6.05,产品经理,0.53
上海,50人以下,2,6.05,产品经理,0.53
上海,50人以下,2,6.05,产品经理,0.53
上海,50人以下,2,6.05,产品经理,0.53
上海,50人以下,2,6.05,产品经理,0.53
上海,50人以下,2,6.05,产品经理,0.53
上海,50-150人,2,6.05,产品经理,0.53
上海,50人以下,2,6.05,产品经理,0.53
上海,50人以下,2,6.05,产品经理,0.53
上海,50人以下,2,6.05,产品经理,0.53
上海,50人以下,2,6.05,产品经理,0.53
上海,50人以下,2,6.05,产品经理,0.53
上海,50人以下,2,6.05,产品经理,0.53
深圳,50人以下,2,6.05,产品经理,0.53
深圳,50人以下,2,6.05,产品经理,0.53
深圳,50人以下,2,6.05,产品经理,0.53
深圳,50人以下,2,6.05,产品经理,0.53
杭州,50-150人,2,6.05,产品经理,0.53
杭州,50人以下,2,6.05,产品经理,0.53
西安,50人以下,2,6.05,产品经理,0.53
上海,50人以下,2,6.05,产品运营,0.53
广州,50人以下,2,6.05,产品运营,0.53
北京,50人以下,2,6.05,数据运营,0.53
上海,50人以下,2,6.05,游戏开发,0.53
上海,50人以下,2,6.05,游戏开发,0.53
上海,50人以下,2,6.05,游戏开发,0.53
上海,50人以下,2,6.05,游戏开发,0.53
上海,50人以下,2,6.05,游戏开发,0.53
上海,50人以下,2,6.05,游戏开发,0.53
上海,50人以下,2,6.05,游戏开发,0.53
上海,150-500人,2,6.05,UI设计师,0.53
上海,150-500人,2,6.05,UI设计师,0.53
武汉,50人以下,2,6.05,UI设计师,0.53
西安,50人以下,2,6.05,UI设计师,0.53
上海,50人以下,3,6.05,Java开发,0.43
上海,50人以下,3,6.05,Java开发,0.43
上海,50人以下,3,6.05,Java开发,0.43
广州,50人以下,3,6.05,Java开发,0.43
南京,50人以下,3,6.05,Java开发,0.43
北京,50人以下,3,6.05,后端开发,0.43
北京,50人以下,3,6.05,后端开发,0.43
北京,50-150人,3,6.05,后端开发,0.43
北京,50人以下,3,6.05,后端开发,0.43
上海,50人以下,3,6.05,后端开发,0.43
上海,50人以下,3,6.05,后端开发,0.43
上海,50人以下,3,6.05,后端开发,0.43
上海,50人以下,3,6.05,后端开发,0.43
上海,50人以下,3,6.05,后端开发,0.43
上海,50-150人,3,6.05,后端开发,0.43
上海,50人以下,3,6.05,后端开发,0.43
上海,50人以下,3,6.05,后端开发,0.43
上海,50人以下,3,6.05,后端开发,0.43
上海,50人以下,3,6.05,后端开发,0.43
上海,50人以下,3,6.05,后端开发,0.43
上海,50人以下,3,6.05,后端开发,0.43
上海,50人以下,3,6.05,后端开发,0.43
深圳,50人以下,3,6.05,后端开发,0.43
深圳,50人以下,3,6.05,后端开发,0.43
深圳,50人以下,3,6.05,后端开发,0.43
南京,50人以下,3,6.05,后端开发,0.43
南京,50人以下,3,6.05,后端开发,0.43
南京,50人以下,3,6.05,后端开发,0.43
南京,50人以下,3,6.05,后端开发,0.43
南京,50人以下,3,6.05,后端开发,0.43
南京,50人以下,3,6.05,后端开发,0.43
南京,50人以下,3,6.05,后端开发,0.43
上海,50人以下,3,6.05,Python开发,0.43
北京,50人以下,3,6.05,算法工程师,0.43
北京,50人以下,3,6.05,算法工程师,0.43
北京,50人以下,3,6.05,算法工程师,0.43
北京,50人以下,3,6.05,算法工程师,0.43
上海,150-500人,3,6.05,算法工程师,0.43
上海,50人以下,3,6.05,算法工程师,0.43
上海,50人以下,3,6.05,算法工程师,0.43
深圳,50人以下,3,6.05,算法工程师,0.43
南京,50人以下,3,6.05,算法工程师,0.43
南京,50人以下,3,6.05,算法工程师,0.43
北京,50人以下,3,6.05,人工智能,0.43
上海,150-500人,3,6.05,人工智能,0.43
南京,50人以下,3,6.05,人工智能,0.43
北京,50人以下,3,6.05,数据分析,0.43
北京,50人以下,3,6.05,数据分析,0.43
北京,50人以下,3,6.05,产品经理,0.43
北京,50人以下,3,6.05,产品经理,0.43
南京,50人以下,3,6.05,产品经理,0.43
南京,50人以下,3,6.05,UI设计师,0.43
上海,150-500人,4,6.05,后端开发,0.33
上海,150-500人,4,6.05,测试开发,0.33
北京,50人以下,2,6.0,Java开发,0.5273
北京,50人以下,2,6.0,数据工程师,0.5273
北京,50人以下,2,6.0,产品经理,0.5273
北京,50人以下,2,6.0,产品经理,0.5273
杭州,50人以下,2,5.9,产品经理,0.5218
杭州,50人以下,2,5.9,产品经理,0.5218
北京,50人以下,2,5.800000000000001,Java开发,0.5164
上海,50人以下,2,5.800000000000001,Java开发,0.5164
深圳,50人以下,2,5.7,产品经理,0.5109
北京,50人以下,0,5.5,Java开发,0.7
北京,50人以下,0,5.5,Java开发,0.7
上海,15人以下,0,5.5,Java开发,0.7
武汉,50人以下,0,5.5,Java开发,0.7
北京,15-50人,0,5.5,后端开发,0.7
北京,50人以下,0,5.5,后端开发,0.7
北京,50人以下,0,5.5,后端开发,0.7
北京,50人以下,0,5.5,后端开发,0.7
北京,50人以下,0,5.5,后端开发,0.7
北京,50人以下,0,5.5,后端开发,0.7
北京,50人以下,0,5.5,后端开发,0.7
北京,50人以下,0,5.5,后端开发,0.7
北京,50人以下,0,5.5,后端开发,0.7
上海,50人以下,0,5.5,后端开发,0.7
深圳,50人以下,0,5.5,后端开发,0.7
杭州,50人以下,0,5.5,后端开发,0.7
北京,15人以下,0,5.5,算法工程师,0.7
北京,150-500人,0,5.5,算法工程师,0.7
深圳,50-150人,0,5.5,人工智能,0.7
上海,15-50人,0,5.5,计算机视觉,0.7
武汉,50人以下,0,5.5,大模型算法,0.7
北京,50人以下,0,5.5,数据分析,0.7
北京,50人以下,0,5.5,数据工程师,0.7
北京,50人以下,0,5.5,产品经理,0.7
北京,50人以下,0,5.5,产品经理,0.7
北京,150-500人,0,5.5,产品经理,0.7
北京,50人以下,0,5.5,产品经理,0.7
北京,50人以下,0,5.5,产品经理,0.7
北京,15-50人,0,5.5,产品经理,0.7
上海,50人以下,0,5.5,产品经理,0.7
上海,15-50人,0,5.5,产品经理,0.7
上海,150-500人,0,5.5,产品经理,0.7
上海,15-50人,0,5.5,产品经理,0.7
上海,50人以下,0,5.5,产品经理,0.7
上海,15-50人,0,5.5,产品经理,0.7
上海,50人以下,0,5.5,产品经理,0.7
深圳,50人以下,0,5.5,产品经理,0.7
杭州,15-50人,0,5.5,产品运营,0.7
成都,50人以下,0,5.5,产品运营,0.7
无锡,50人以下,0,5.5,产品运营,0.7
上海,50人以下,0,5.5,游戏开发,0.7
上海,50人以下,0,5.5,游戏开发,0.7
上海,50人以下,0,5.5,UI设计师,0.7
合肥,50人以下,1,5.5,测试开发,0.6
上海,50-150人,1,5.5,算法工程师,0.6
上海,15人以下,1,5.5,算法工程师,0.6
深圳,50-150人,1,5.5,人工智能,0.6
上海,50人以下,1,5.5,产品经理,0.6
北京,50人以下,1,5.5,产品运营,0.6
深圳,50-150人,1,5.5,产品运营,0.6
北京,150-500人,2,5.5,Java开发,0.5
北京,50人以下,2,5.5,Java开发,0.5
北京,50人以下,2,5.5,Java开发,0.5
北京,50人以下,2,5.5,Java开发,0.5
北京,50人以下,2,5.5,Java开发,0.5
全国,150-500人,2,5.5,Java开发,0.5
北京,50人以下,2,5.5,Java开发,0.5
北京,50人以下,2,5.5,Java开发,0.5
北京,50人以下,2,5.5,Java开发,0.5
北京,50人以下,2,5.5,Java开发,0.5
北京,50人以下,2,5.5,Java开发,0.5
北京,50人以下,2,5.5,Java开发,0.5
北京,50人以下,2,5.5,Java开发,0.5
北京,50人以下,2,5.5,Java开发,0.5
北京,50人以下,2,5.5,Java开发,0.5
北京,50人以下,2,5.5,Java开发,0.5
北京,50人以下,2,5.5,Java开发,0.5
北京,50人以下,2,5.5,Java开发,0.5
北京,50人以下,2,5.5,Java开发,0.5
北京,50人以下,2,5.5,Java开发,0.5
北京,50人以下,2,5.5,Java开发,0.5
北京,50人以下,2,5.5,Java开发,0.5
北京,50人以下,2,5.5,Java开发,0.5
北京,50人以下,2,5.5,Java开发,0.5
北京,50人以下,2,5.5,Java开发,0.5
全国,15-50人,2,5.5,Java开发,0.5
北京,50人以下,2,5.5,Java开发,0.5
北京,15-50人,2,5.5,Java开发,0.5
北京,50人以下,2,5.5,Java开发,0.5
北京,50人以下,2,5.5,Java开发,0.5
北京,50人以下,2,5.5,Java开发,0.5
北京,50人以下,2,5.5,Java开发,0.5
北京,50人以下,2,5.5,Java开发,0.5
北京,50人以下,2,5.5,Java开发,0.5
北京,50人以下,2,5.5,Java开发,0.5
北京,50人以下,2,5.5,Java开发,0.5
北京,50人以下,2,5.5,Java开发,0.5
北京,50人以下,2,5.5,Java开发,0.5
北京,50人以下,2,5.5,Java开发,0.5
北京,50人以下,2,5.5,Java开发,0.5
上海,50-150人,2,5.5,Java开发,0.5
上海,50人以下,2,5.5,Java开发,0.5
上海,50人以下,2,5.5,Java开发,0.5
上海,50人以下,2,5.5,Java开发,0.5
上海,150-500人,2,5.5,Java开发,0.5
上海,50人以下,2,5.5,Java开发,0.5
上海,15-50人,2,5.5,Java开发,0.5
上海,15-50人,2,5.5,Java开发,0.5
上海,50人以下,2,5.5,Java开发,0.5
上海,15人以下,2,5.5,Java开发,0.5
上海,150-500人,2,5.5,Java开发,0.5
上海,50人以下,2,5.5,Java开发,0.5
上海,50人以下,2,5.5,Java开发,0.5
上海,50人以下,2,5.5,Java开发,0.5
上海,50人以下,2,5.5,Java开发,0.5
上海,50人以下,2,5.5,Java开发,0.5
上海,50人以下,2,5.5,Java开发,0.5
广州,15-50人,2,5.5,Java开发,0.5
广州,15-50人,2,5.5,Java开发,0.5
深圳,150-500人,2,5.5,Java开发,0.5
深圳,150-500人,2,5.5,Java开发,0.5
深圳,50人以下,2,5.5,Java开发,0.5
深圳,50人以下,2,5.5,Java开发,0.5
深圳,50人以下,2,5.5,Java开发,0.5
深圳,50人以下,2,5.5,Java开发,0.5
深圳,50-150人,2,5.5,Java开发,0.5
深圳,50-150人,2,5.5,Java开发,0.5
深圳,15-50人,2,5.5,Java开发,0.5
深圳,15-50人,2,5.5,Java开发,0.5
杭州,50人以下,2,5.5,Java开发,0.5
杭州,50人以下,2,5.5,Java开发,0.5
杭州,50人以下,2,5.5,Java开发,0.5
杭州,50-150人,2,5.5,Java开发,0.5
成都,50人以下,2,5.5,Java开发,0.5
无锡,50人以下,2,5.5,Java开发,0.5
无锡,50人以下,2,5.5,Java开发,0.5
上海,50人以下,2,5.5,前端开发,0.5
南京,150-500人,2,5.5,前端开发,0.5
南京,150-500人,2,5.5,前端开发,0.5
北京,50人以下,2,5.5,后端开发,0.5
北京,150-500人,2,5.5,后端开发,0.5
北京,50人以下,2,5.5,后端开发,0.5
北京,50人以下,2,5.5,后端开发,0.5
北京,50人以下,2,5.5,后端开发,0.5
北京,150-500人,2,5.5,后端开发,0.5
北京,50人以下,2,5.5,后端开发,0.5
北京,50人以下,2,5.5,后端开发,0.5
上海,50人以下,2,5.5,后端开发,0.5
上海,15人以下,2,5.5,后端开发,0.5
上海,150-500人,2,5.5,后端开发,0.5
上海,50人以下,2,5.5,后端开发,0.5
上海,50人以下,2,5.5,后端开发,0.5
上海,50人以下,2,5.5,后端开发,0.5
上海,15-50人,2,5.5,后端开发,0.5
上海,50人以下,2,5.5,后端开发,0.5
上海,50人以下,2,5.5,后端开发,0.5
上海,50人以下,2,5.5,后端开发,0.5
上海,50人以下,2,5.5,后端开发,0.5
深圳,50人以下,2,5.5,后端开发,0.5
深圳,50人以下,2,5.5,后端开发,0.5
深圳,50人以下,2,5.5,后端开发,0.5
深圳,50-150人,2,5.5,后端开发,0.5
成都,150-500人,2,5.5,后端开发,0.5
南京,50人以下,2,5.5,后端开发,0.5
苏州,50-150人,2,5.5,后端开发,0.5
苏州,50人以下,2,5.5,后端开发,0.5
合肥,50-150人,2,5.5,后端开发,0.5
合肥,50-150人,2,5.5,后端开发,0.5
合肥,50-150人,2,5.5,后端开发,0.5
上海,50人以下,2,5.5,测试开发,0.5
上海,50人以下,2,5.5,测试开发,0.5
深圳,150-500人,2,5.5,测试开发,0.5
深圳,50人以下,2,5.5,测试开发,0.5
北京,50人以下,2,5.5,客户端开发,0.5
北京,50人以下,2,5.5,客户端开发,0.5
上海,50人以下,2,5.5,客户端开发,0.5
上海,150-500人,2,5.5,客户端开发,0.5
深圳,50人以下,2,5.5,客户端开发,0.5
苏州,50人以下,2,5.5,客户端开发,0.5
上海,50-150人,2,5.5,运维开发,0.5
北京,50人以下,2,5.5,算法工程师,0.5
北京,50人以下,2,5.5,算法工程师,0.5
北京,50人以下,2,5.5,算法工程师,0.5
北京,50人以下,2,5.5,算法工程师,0.5
北京,50人以下,2,5.5,算法工程师,0.5
上海,15-50人,2,5.5,算法工程师,0.5
上海,15-50人,2,5.5,算法工程师,0.5
上海,15-50人,2,5.5,算法工程师,0.5
上海,15人以下,2,5.5,算法工程师,0.5
上海,15-50人,2,5.5,算法工程师,0.5
深圳,50人以下,2,5.5,算法工程师,0.5
深圳,50人以下,2,5.5,算法工程师,0.5
深圳,50人以下,2,5.5,算法工程师,0.5
深圳,50人以下,2,5.5,算法工程师,0.5
深圳,50人以下,2,5.5,算法工程师,0.5
深圳,50人以下,2,5.5,算法工程师,0.5
苏州,50人以下,2,5.5,算法工程师,0.5
天津,150-500人,2,5.5,算法工程师,0.5
北京,50人以下,2,5.5,人工智能,0.5
北京,150-500人,2,5.5,人工智能,0.5
上海,50人以下,2,5.5,人工智能,0.5
深圳,50人以下,2,5.5,人工智能,0.5
深圳,50人以下,2,5.5,人工智能,0.5
苏州,50人以下,2,5.5,人工智能,0.5
北京,50人以下,2,5.5,计算机视觉,0.5
北京,50人以下,2,5.5,计算机视觉,0.5
上海,50人以下,2,5.5,计算机视觉,0.5
上海,50人以下,2,5.5,计算机视觉,0.5
深圳,50人以下,2,5.5,计算机视觉,0.5
苏州,50人以下,2,5.5,计算机视觉,0.5
北京,50人以下,2,5.5,大模型算法,0.5
北京,50人以下,2,5.5,大模型算法,0.5
北京,50人以下,2,5.5,大模型算法,0.5
北京,50人以下,2,5.5,大模型算法,0.5
上海,50-150人,2,5.5,大模型算法,0.5
上海,50人以下,2,5.5,大模型算法,0.5
北京,50人以下,2,5.5,数据分析,0.5
北京,150-500人,2,5.5,数据分析,0.5
北京,50人以下,2,5.5,数据分析,0.5
北京,50人以下,2,5.5,数据分析,0.5
北京,50人以下,2,5.5,数据分析,0.5
北京,50人以下,2,5.5,数据分析,0.5
北京,50人以下,2,5.5,数据分析,0.5
北京,50人以下,2,5.5,数据分析,0.5
北京,50人以下,2,5.5,数据分析,0.5
北京,50人以下,2,5.5,数据分析,0.5
北京,50人以下,2,5.5,数据分析,0.5
北京,50人以下,2,5.5,数据分析,0.5
北京,50人以下,2,5.5,数据分析,0.5
北京,50人以下,2,5.5,数据分析,0.5
北京,50人以下,2,5.5,数据分析,0.5
北京,50人以下,2,5.5,数据分析,0.5
北京,15-50人,2,5.5,数据分析,0.5
北京,50人以下,2,5.5,数据分析,0.5
北京,50人以下,2,5.5,数据分析,0.5
北京,50人以下,2,5.5,数据分析,0.5
北京,50人以下,2,5.5,数据分析,0.5
北京,50人以下,2,5.5,数据分析,0.5
北京,50人以下,2,5.5,数据分析,0.5
上海,50人以下,2,5.5,数据分析,0.5
上海,150-500人,2,5.5,数据分析,0.5
上海,50人以下,2,5.5,数据分析,0.5
上海,50人以下,2,5.5,数据分析,0.5
上海,50人以下,2,5.5,数据分析,0.5
上海,50人以下,2,5.5,数据分析,0.5
上海,50人以下,2,5.5,数据分析,0.5
上海,50人以下,2,5.5,数据分析,0.5
上海,50人以下,2,5.5,数据分析,0.5
上海,15-50人,2,5.5,数据分析,0.5
上海,15-50人,2,5.5,数据分析,0.5
上海,50人以下,2,5.5,数据分析,0.5
上海,50人以下,2,5.5,数据分析,0.5
深圳,50人以下,2,5.5,数据分析,0.5
杭州,50人以下,2,5.5,数据分析,0.5
杭州,50人以下,2,5.5,数据分析,0.5
厦门,50人以下,2,5.5,数据分析,0.5
北京,150-500人,2,5.5,数据挖掘,0.5
深圳,50人以下,2,5.5,数据挖掘,0.5
北京,150-500人,2,5.5,数据工程师,0.5
北京,50人以下,2,5.5,产品经理,0.5
北京,50人以下,2,5.5,产品经理,0.5
北京,50人以下,2,5.5,产品经理,0.5
北京,50人以下,2,5.5,产品经理,0.5
北京,50人以下,2,5.5,产品经理,0.5
北京,50人以下,2,5.5,产品经理,0.5
北京,50人以下,2,5.5,产品经理,0.5
北京,50人以下,2,5.5,产品经理,0.5
北京,50人以下,2,5.5,产品经理,0.5
北京,50人以下,2,5.5,产品经理,0.5
北京,50人以下,2,5.5,产品经理,0.5
北京,50人以下,2,5.5,产品经理,0.5
北京,50人以下,2,5.5,产品经理,0.5
北京,50人以下,2,5.5,产品经理,0.5
北京,50人以下,2,5.5,产品经理,0.5
北京,50人以下,2,5.5,产品经理,0.5
北京,50人以下,2,5.5,产品经理,0.5
北京,50人以下,2,5.5,产品经理,0.5
北京,50人以下,2,5.5,产品经理,0.5
北京,150-500人,2,5.5,产品经理,0.5
北京,50人以下,2,5.5,产品经理,0.5
北京,50人以下,2,5.5,产品经理,0.5
北京,50人以下,2,5.5,产品经理,0.5
北京,50人以下,2,5.5,产品经理,0.5
北京,50人以下,2,5.5,产品经理,0.5
北京,50人以下,2,5.5,产品经理,0.5
北京,50人以下,2,5.5,产品经理,0.5
北京,50人以下,2,5.5,产品经理,0.5
上海,50人以下,2,5.5,产品经理,0.5
上海,50人以下,2,5.5,产品经理,0.5
上海,15-50人,2,5.5,产品经理,0.5
上海,50人以下,2,5.5,产品经理,0.5
上海,50人以下,2,5.5,产品经理,0.5
上海,15-50人,2,5.5,产品经理,0.5
上海,150-500人,2,5.5,产品经理,0.5
上海,50人以下,2,5.5,产品经理,0.5
上海,15-50人,2,5.5,产品经理,0.5
上海,50-150人,2,5.5,产品经理,0.5
上海,50人以下,2,5.5,产品经理,0.5
上海,50人以下,2,5.5,产品经理,0.5
上海,50人以下,2,5.5,产品经理,0.5
上海,50人以下,2,5.5,产品经理,0.5
上海,50人以下,2,5.5,产品经理,0.5
上海,50人以下,2,5.5,产品经理,0.5
上海,50人以下,2,5.5,产品经理,0.5
上海,50-150人,2,5.5,产品经理,0.5
广州,50人以下,2,5.5,产品经理,0.5
广州,15-50人,2,5.5,产品经理,0.5
广州,50-150人,2,5.5,产品经理,0.5
广州,150-500人,2,5.5,产品经理,0.5
广州,50人以下,2,5.5,产品经理,0.5
深圳,50人以下,2,5.5,产品经理,0.5
深圳,50-150人,2,5.5,产品经理,0.5
深圳,15-50人,2,5.5,产品经理,0.5
深圳,50人以下,2,5.5,产品经理,0.5
深圳,50人以下,2,5.5,产品经理,0.5
深圳,50人以下,2,5.5,产品经理,0.5
深圳,50人以下,2,5.5,产品经理,0.5
深圳,50-150人,2,5.5,产品经理,0.5
深圳,50人以下,2,5.5,产品经理,0.5
深圳,50-150人,2,5.5,产品经理,0.5
成都,50人以下,2,5.5,产品经理,0.5
武汉,50人以下,2,5.5,产品经理,0.5
无锡,50人以下,2,5.5,产品经理,0.5
北京,50人以下,2,5.5,产品运营,0.5
北京,50人以下,2,5.5,产品运营,0.5
北京,50人以下,2,5.5,产品运营,0.5
北京,50人以下,2,5.5,产品运营,0.5
北京,50人以下,2,5.5,产品运营,0.5
北京,50人以下,2,5.5,产品运营,0.5
上海,50人以下,2,5.5,产品运营,0.5
上海,50人以下,2,5.5,产品运营,0.5
上海,50人以下,2,5.5,产品运营,0.5
上海,15-50人,2,5.5,产品运营,0.5
上海,50人以下,2,5.5,产品运营,0.5
上海,50人以下,2,5.5,产品运营,0.5
上海,50人以下,2,5.5,产品运营,0.5
广州,50人以下,2,5.5,产品运营,0.5
深圳,50人以下,2,5.5,产品运营,0.5
深圳,50人以下,2,5.5,产品运营,0.5
深圳,50人以下,2,5.5,产品运营,0.5
深圳,50人以下,2,5.5,产品运营,0.5
深圳,50人以下,2,5.5,产品运营,0.5
杭州,15人以下,2,5.5,产品运营,0.5
杭州,15人以下,2,5.5,产品运营,0.5
杭州,50人以下,2,5.5,产品运营,0.5
杭州,50人以下,2,5.5,产品运营,0.5
杭州,50人以下,2,5.5,产品运营,0.5
杭州,50人以下,2,5.5,产品运营,0.5
成都,50人以下,2,5.5,产品运营,0.5
成都,50人以下,2,5.5,产品运营,0.5
武汉,50人以下,2,5.5,产品运营,0.5
南京,50人以下,2,5.5,产品运营,0.5
西安,50人以下,2,5.5,产品运营,0.5
重庆,50人以下,2,5.5,产品运营,0.5
苏州,50人以下,2,5.5,产品运营,0.5
郑州,50人以下,2,5.5,产品运营,0.5
郑州,50人以下,2,5.5,产品运营,0.5
合肥,50人以下,2,5.5,产品运营,0.5
无锡,50人以下,2,5.5,产品运营,0.5
北京,50人以下,2,5.5,数据运营,0.5
北京,50-150人,2,5.5,数据运营,0.5
北京,50人以下,2,5.5,游戏开发,0.5
上海,50人以下,2,5.5,游戏开发,0.5
上海,50人以下,2,5.5,游戏开发,0.5
上海,50人以下,2,5.5,游戏开发,0.5
上海,15人以下,2,5.5,游戏开发,0.5
广州,50-150人,2,5.5,游戏开发,0.5
广州,50-150人,2,5.5,游戏开发,0.5
广州,50-150人,2,5.5,游戏开发,0.5
广州,50-150人,2,5.5,游戏开发,0.5
广州,50-150人,2,5.5,游戏开发,0.5
深圳,50人以下,2,5.5,游戏开发,0.5
杭州,50人以下,2,5.5,游戏开发,0.5
上海,50-150人,2,5.5,UI设计师,0.5
上海,50人以下,2,5.5,UI设计师,0.5
深圳,50人以下,2,5.5,UI设计师,0.5
深圳,50-150人,2,5.5,UI设计师,0.5
北京,50人以下,3,5.5,Java开发,0.4
北京,50人以下,3,5.5,Java开发,0.4
北京,50人以下,3,5.5,Java开发,0.4
北京,50人以下,3,5.5,Java开发,0.4
北京,50人以下,3,5.5,Java开发,0.4
北京,50人以下,3,5.5,Java开发,0.4
北京,50人以下,3,5.5,Java开发,0.4
北京,50人以下,3,5.5,Java开发,0.4
北京,50人以下,3,5.5,Java开发,0.4
北京,50人以下,3,5.5,Java开发,0.4
上海,15-50人,3,5.5,Java开发,0.4
深圳,50人以下,3,5.5,Java开发,0.4
深圳,50人以下,3,5.5,Java开发,0.4
深圳,50人以下,3,5.5,Java开发,0.4
深圳,50人以下,3,5.5,Java开发,0.4
杭州,50人以下,3,5.5,Java开发,0.4
武汉,50人以下,3,5.5,Java开发,0.4
苏州,150-500人,3,5.5,Java开发,0.4
无锡,150-500人,3,5.5,Java开发,0.4
北京,50人以下,3,5.5,后端开发,0.4
北京,50人以下,3,5.5,后端开发,0.4
北京,15-50人,3,5.5,后端开发,0.4
北京,150-500人,3,5.5,后端开发,0.4
北京,50人以下,3,5.5,后端开发,0.4
北京,50人以下,3,5.5,后端开发,0.4
北京,50人以下,3,5.5,后端开发,0.4
北京,50人以下,3,5.5,后端开发,0.4
北京,50人以下,3,5.5,后端开发,0.4
北京,50人以下,3,5.5,后端开发,0.4
北京,50人以下,3,5.5,后端开发,0.4
北京,50人以下,3,5.5,后端开发,0.4
北京,50人以下,3,5.5,后端开发,0.4
北京,50人以下,3,5.5,后端开发,0.4
北京,50人以下,3,5.5,后端开发,0.4
上海,50人以下,3,5.5,后端开发,0.4
上海,50人以下,3,5.5,后端开发,0.4
上海,50-150人,3,5.5,后端开发,0.4
上海,50人以下,3,5.5,后端开发,0.4
上海,50人以下,3,5.5,后端开发,0.4
上海,50人以下,3,5.5,后端开发,0.4
上海,50人以下,3,5.5,后端开发,0.4
上海,50人以下,3,5.5,后端开发,0.4
上海,50人以下,3,5.5,后端开发,0.4
上海,50-150人,3,5.5,后端开发,0.4
上海,15-50人,3,5.5,后端开发,0.4
上海,50人以下,3,5.5,后端开发,0.4
广州,50人以下,3,5.5,后端开发,0.4
广州,50人以下,3,5.5,后端开发,0.4
深圳,50人以下,3,5.5,后端开发,0.4
深圳,50人以下,3,5.5,后端开发,0.4
深圳,50人以下,3,5.5,后端开发,0.4
深圳,50人以下,3,5.5,后端开发,0.4
深圳,50人以下,3,5.5,后端开发,0.4
深圳,50人以下,3,5.5,后端开发,0.4
深圳,50人以下,3,5.5,后端开发,0.4
深圳,50-150人,3,5.5,后端开发,0.4
杭州,50人以下,3,5.5,后端开发,0.4
杭州,50人以下,3,5.5,后端开发,0.4
上海,50人以下,3,5.5,测试开发,0.4
南京,50人以下,3,5.5,测试开发,0.4
北京,50人以下,3,5.5,算法工程师,0.4
北京,50人以下,3,5.5,算法工程师,0.4
北京,15-50人,3,5.5,算法工程师,0.4
上海,50-150人,3,5.5,算法工程师,0.4
上海,50人以下,3,5.5,算法工程师,0.4
杭州,50人以下,3,5.5,算法工程师,0.4
武汉,50-150人,3,5.5,算法工程师,0.4
苏州,50-150人,3,5.5,算法工程师,0.4
上海,15-50人,3,5.5,人工智能,0.4
南京,50人以下,3,5.5,人工智能,0.4
北京,50人以下,3,5.5,数据分析,0.4
北京,50人以下,3,5.5,数据分析,0.4
北京,50人以下,3,5.5,数据分析,0.4
北京,50人以下,3,5.5,数据分析,0.4
北京,50人以下,3,5.5,数据分析,0.4
北京,50人以下,3,5.5,数据分析,0.4
北京,50人以下,3,5.5,数据分析,0.4
北京,50人以下,3,5.5,数据分析,0.4
上海,50-150人,3,5.5,数据分析,0.4
上海,50人以下,3,5.5,数据分析,0.4
上海,50人以下,3,5.5,数据分析,0.4
杭州,50人以下,3,5.5,数据分析,0.4
北京,50人以下,3,5.5,数据工程师,0.4
北京,150-500人,3,5.5,产品经理,0.4
北京,50人以下,3,5.5,产品经理,0.4
上海,15-50人,3,5.5,产品经理,0.4
南京,50-150人,3,5.5,产品经理,0.4
杭州,50人以下,3,5.5,UI设计师,0.4
上海,50人以下,4,5.5,客户端开发,0.3
北京,150-500人,0,5.3,Java开发,0.6891
成都,15-50人,0,5.3,Java开发,0.6891
成都,15-50人,0,5.3,Java开发,0.6891
北京,50-150人,0,5.3,后端开发,0.6891
北京,50-150人,0,5.3,测试开发,0.6891
深圳,15-50人,0,5.3,客户端开发,0.6891
深圳,150-500人,0,5.3,算法工程师,0.6891
武汉,50人以下,0,5.3,算法工程师,0.6891
广州,15人以下,0,5.3,产品运营,0.6891
南京,15-50人,0,5.3,产品运营,0.6891
南京,50-150人,0,5.3,产品运营,0.6891
北京,50-150人,0,5.3,UI设计师,0.6891
重庆,50人以下,1,5.3,测试开发,0.5891
上海,50人以下,1,5.3,客户端开发,0.5891
上海,50人以下,2,5.3,Java开发,0.4891
长沙,150-500人,2,5.3,Java开发,0.4891
北京,50人以下,2,5.3,后端开发,0.4891
上海,50人以下,2,5.3,后端开发,0.4891
上海,50人以下,2,5.3,后端开发,0.4891
上海,50人以下,2,5.3,后端开发,0.4891
厦门,15-50人,2,5.3,计算机视觉,0.4891
北京,50人以下,2,5.3,大模型算法,0.4891
上海,50人以下,2,5.3,数据分析,0.4891
北京,50人以下,2,5.3,数据工程师,0.4891
北京,50人以下,2,5.3,产品经理,0.4891
北京,50人以下,2,5.3,产品经理,0.4891
北京,50人以下,2,5.3,产品经理,0.4891
杭州,150-500人,2,5.3,产品经理,0.4891
广州,50-150人,2,5.3,产品运营,0.4891
深圳,15-50人,2,5.3,产品运营,0.4891
上海,50人以下,2,5.3,UI设计师,0.4891
上海,50人以下,3,5.3,算法工程师,0.3891
杭州,15-50人,3,5.3,算法工程师,0.3891
北京,50人以下,0,5.0,后端开发,0.6727
北京,50人以下,0,5.0,数据分析,0.6727
北京,50人以下,0,5.0,产品经理,0.6727
北京,50人以下,0,5.0,产品经理,0.6727
北京,50人以下,0,5.0,产品经理,0.6727
北京,50人以下,0,5.0,产品经理,0.6727
北京,50人以下,0,5.0,产品经理,0.6727
北京,50人以下,2,5.0,Java开发,0.4727
北京,50人以下,2,5.0,数据分析,0.4727
北京,50人以下,2,5.0,数据分析,0.4727
北京,50人以下,2,5.0,产品经理,0.4727
北京,50人以下,2,5.0,产品经理,0.4727
北京,50人以下,2,5.0,产品经理,0.4727
北京,50人以下,2,5.0,产品经理,0.4727
北京,50人以下,2,5.0,产品经理,0.4727
北京,50人以下,2,5.0,产品经理,0.4727
北京,50人以下,2,5.0,产品经理,0.4727
北京,50人以下,0,4.95,Java开发,0.67
北京,50人以下,0,4.95,Java开发,0.67
北京,50人以下,0,4.95,Java开发,0.67
北京,50人以下,0,4.95,Java开发,0.67
北京,50人以下,0,4.95,Java开发,0.67
北京,50人以下,0,4.95,Java开发,0.67
北京,50人以下,0,4.95,Java开发,0.67
北京,50人以下,0,4.95,Java开发,0.67
北京,50人以下,0,4.95,Java开发,0.67
上海,50人以下,0,4.95,Java开发,0.67
上海,50人以下,0,4.95,Java开发,0.67
上海,50人以下,0,4.95,Java开发,0.67
杭州,50人以下,0,4.95,Java开发,0.67
重庆,150-500人,0,4.95,Java开发,0.67
杭州,50人以下,0,4.95,前端开发,0.67
北京,50人以下,0,4.95,后端开发,0.67
北京,50人以下,0,4.95,后端开发,0.67
北京,50人以下,0,4.95,后端开发,0.67
北京,50人以下,0,4.95,后端开发,0.67
北京,50人以下,0,4.95,后端开发,0.67
上海,50-150人,0,4.95,后端开发,0.67
上海,15-50人,0,4.95,后端开发,0.67
上海,150-500人,0,4.95,后端开发,0.67
上海,50人以下,0,4.95,后端开发,0.67
广州,50人以下,0,4.95,后端开发,0.67
杭州,50人以下,0,4.95,后端开发,0.67
长沙,50人以下,0,4.95,后端开发,0.67
无锡,50人以下,0,4.95,后端开发,0.67
北京,15-50人,0,4.95,测试开发,0.67
深圳,50人以下,0,4.95,测试开发,0.67
青岛,150-500人,0,4.95,测试开发,0.67
北京,50-150人,0,4.95,运维开发,0.67
北京,50人以下,0,4.95,算法工程师,0.67
上海,15人以下,0,4.95,算法工程师,0.67
上海,50人以下,0,4.95,算法工程师,0.67
上海,50人以下,0,4.95,数据分析,0.67
上海,50人以下,0,4.95,数据工程师,0.67
北京,50人以下,0,4.95,产品经理,0.67
北京,50人以下,0,4.95,产品经理,0.67
北京,50人以下,0,4.95,产品经理,0.67
北京,50人以下,0,4.95,产品经理,0.67
北京,50人以下,0,4.95,产品经理,0.67
北京,50人以下,0,4.95,产品经理,0.67
北京,50人以下,0,4.95,产品经理,0.67
北京,50人以下,0,4.95,产品经理,0.67
北京,50人以下,0,4.95,产品经理,0.67
北京,50人以下,0,4.95,产品经理,0.67
上海,50人以下,0,4.95,产品经理,0.67
深圳,50人以下,0,4.95,产品经理,0.67
深圳,50人以下,0,4.95,产品经理,0.67
杭州,50人以下,0,4.95,产品经理,0.67
北京,50人以下,0,4.95,产品运营,0.67
北京,50人以下,0,4.95,产品运营,0.67
上海,50人以下,0,4.95,产品运营,0.67
广州,50人以下,0,4.95,产品运营,0.67
广州,150-500人,0,4.95,产品运营,0.67
深圳,50人以下,0,4.95,产品运营,0.67
成都,50人以下,0,4.95,产品运营,0.67
武汉,50人以下,0,4.95,产品运营,0.67
北京,50人以下,0,4.95,数据运营,0.67
北京,50人以下,0,4.95,数据运营,0.67
上海,50人以下,0,4.95,数据运营,0.67
上海,15-50人,1,4.95,Java开发,0.57
上海,15-50人,1,4.95,测试开发,0.57
武汉,50人以下,1,4.95,算法工程师,0.57
广州,150-500人,1,4.95,数据仓库,0.57
上海,50人以下,1,4.95,产品经理,0.57
上海,50人以下,1,4.95,产品经理,0.57
深圳,15-50人,1,4.95,产品经理,0.57
北京,50人以下,2,4.95,Java开发,0.47
北京,50人以下,2,4.95,Java开发,0.47
北京,50人以下,2,4.95,Java开发,0.47
北京,50人以下,2,4.95,Java开发,0.47
北京,50人以下,2,4.95,Java开发,0.47
北京,50人以下,2,4.95,Java开发,0.47
北京,50人以下,2,4.95,Java开发,0.47
北京,50人以下,2,4.95,Java开发,0.47
北京,50人以下,2,4.95,Java开发,0.47
北京,50人以下,2,4.95,Java开发,0.47
北京,50人以下,2,4.95,Java开发,0.47
北京,15-50人,2,4.95,Java开发,0.47
北京,50人以下,2,4.95,Java开发,0.47
北京,50人以下,2,4.95,Java开发,0.47
上海,150-500人,2,4.95,Java开发,0.47
上海,150-500人,2,4.95,Java开发,0.47
上海,15人以下,2,4.95,Java开发,0.47
上海,50人以下,2,4.95,Java开发,0.47
上海,50人以下,2,4.95,Java开发,0.47
上海,50人以下,2,4.95,Java开发,0.47
上海,150-500人,2,4.95,Java开发,0.47
上海,150-500人,2,4.95,Java开发,0.47
上海,50人以下,2,4.95,Java开发,0.47
上海,50人以下,2,4.95,Java开发,0.47
上海,50人以下,2,4.95,Java开发,0.47
上海,50人以下,2,4.95,Java开发,0.47
深圳,50人以下,2,4.95,Java开发,0.47
深圳,50人以下,2,4.95,Java开发,0.47
深圳,50-150人,2,4.95,Java开发,0.47
武汉,50人以下,2,4.95,Java开发,0.47
南京,50人以下,2,4.95,Java开发,0.47
苏州,15-50人,2,4.95,Java开发,0.47
苏州,50人以下,2,4.95,Java开发,0.47
苏州,50人以下,2,4.95,Java开发,0.47
苏州,50人以下,2,4.95,Java开发,0.47
苏州,50人以下,2,4.95,Java开发,0.47
苏州,50人以下,2,4.95,Java开发,0.47
苏州,50人以下,2,4.95,Java开发,0.47
长沙,50人以下,2,4.95,Java开发,0.47
厦门,50人以下,2,4.95,Java开发,0.47
厦门,50人以下,2,4.95,Java开发,0.47
厦门,50人以下,2,4.95,Java开发,0.47
厦门,50人以下,2,4.95,Java开发,0.47
厦门,50人以下,2,4.95,Java开发,0.47
无锡,50人以下,2,4.95,Java开发,0.47
无锡,50人以下,2,4.95,Java开发,0.47
无锡,50人以下,2,4.95,Java开发,0.47
无锡,50人以下,2,4.95,Java开发,0.47
无锡,50人以下,2,4.95,Java开发,0.47
无锡,50人以下,2,4.95,Java开发,0.47
无锡,50人以下,2,4.95,Java开发,0.47
无锡,50人以下,2,4.95,Java开发,0.47
无锡,50人以下,2,4.95,Java开发,0.47
无锡,50人以下,2,4.95,Java开发,0.47
无锡,50人以下,2,4.95,Java开发,0.47
北京,50人以下,2,4.95,前端开发,0.47
北京,50人以下,2,4.95,前端开发,0.47
北京,50人以下,2,4.95,前端开发,0.47
北京,50人以下,2,4.95,前端开发,0.47
上海,50人以下,2,4.95,前端开发,0.47
深圳,50人以下,2,4.95,前端开发,0.47
杭州,50人以下,2,4.95,前端开发,0.47
厦门,50人以下,2,4.95,前端开发,0.47
北京,50人以下,2,4.95,后端开发,0.47
北京,50人以下,2,4.95,后端开发,0.47
北京,50人以下,2,4.95,后端开发,0.47
北京,50-150人,2,4.95,后端开发,0.47
北京,50人以下,2,4.95,后端开发,0.47
北京,50人以下,2,4.95,后端开发,0.47
北京,50人以下,2,4.95,后端开发,0.47
北京,150-500人,2,4.95,后端开发,0.47
北京,50人以下,2,4.95,后端开发,0.47
北京,50人以下,2,4.95,后端开发,0.47
北京,50人以下,2,4.95,后端开发,0.47
北京,50人以下,2,4.95,后端开发,0.47
北京,50人以下,2,4.95,后端开发,0.47
北京,50人以下,2,4.95,后端开发,0.47
北京,50人以下,2,4.95,后端开发,0.47
北京,50人以下,2,4.95,后端开发,0.47
北京,50人以下,2,4.95,后端开发,0.47
北京,150-500人,2,4.95,后端开发,0.47
北京,50人以下,2,4.95,后端开发,0.47
北京,150-500人,2,4.95,后端开发,0.47
北京,50人以下,2,4.95,后端开发,0.47
北京,50人以下,2,4.95,后端开发,0.47
北京,50人以下,2,4.95,后端开发,0.47
北京,50人以下,2,4.95,后端开发,0.47
上海,50人以下,2,4.95,后端开发,0.47
上海,50人以下,2,4.95,后端开发,0.47
上海,15-50人,2,4.95,后端开发,0.47
上海,50人以下,2,4.95,后端开发,0.47
上海,150-500人,2,4.95,后端开发,0.47
上海,150-500人,2,4.95,后端开发,0.47
深圳,50人以下,2,4.95,后端开发,0.47
深圳,50-150人,2,4.95,后端开发,0.47
深圳,50-150人,2,4.95,后端开发,0.47
深圳,50人以下,2,4.95,后端开发,0.47
深圳,50人以下,2,4.95,后端开发,0.47
杭州,50人以下,2,4.95,后端开发,0.47
西安,50-150人,2,4.95,后端开发,0.47
西安,50-150人,2,4.95,后端开发,0.47
苏州,50人以下,2,4.95,后端开发,0.47
苏州,50人以下,2,4.95,后端开发,0.47
苏州,50人以下,2,4.95,后端开发,0.47
苏州,15-50人,2,4.95,后端开发,0.47
苏州,50人以下,2,4.95,后端开发,0.47
苏州,50人以下,2,4.95,后端开发,0.47
苏州,50人以下,2,4.95,后端开发,0.47
苏州,50人以下,2,4.95,后端开发,0.47
苏州,50人以下,2,4.95,后端开发,0.47
长沙,50人以下,2,4.95,后端开发,0.47
厦门,50人以下,2,4.95,后端开发,0.47
无锡,50人以下,2,4.95,后端开发,0.47
无锡,50人以下,2,4.95,后端开发,0.47
无锡,50人以下,2,4.95,后端开发,0.47
无锡,50人以下,2,4.95,后端开发,0.47
无锡,50人以下,2,4.95,后端开发,0.47
无锡,50人以下,2,4.95,后端开发,0.47
无锡,50人以下,2,4.95,后端开发,0.47
北京,15-50人,2,4.95,Python开发,0.47
北京,50人以下,2,4.95,测试开发,0.47
上海,50-150人,2,4.95,测试开发,0.47
上海,50人以下,2,4.95,测试开发,0.47
深圳,50人以下,2,4.95,测试开发,0.47
苏州,50人以下,2,4.95,测试开发,0.47
苏州,50人以下,2,4.95,测试开发,0.47
苏州,50人以下,2,4.95,测试开发,0.47
无锡,50人以下,2,4.95,测试开发,0.47
北京,50人以下,2,4.95,客户端开发,0.47
北京,150-500人,2,4.95,客户端开发,0.47
北京,50人以下,2,4.95,客户端开发,0.47
北京,50人以下,2,4.95,客户端开发,0.47
北京,50人以下,2,4.95,客户端开发,0.47
上海,50人以下,2,4.95,客户端开发,0.47
上海,50人以下,2,4.95,客户端开发,0.47
上海,50人以下,2,4.95,客户端开发,0.47
上海,50人以下,2,4.95,客户端开发,0.47
上海,50人以下,2,4.95,客户端开发,0.47
上海,50人以下,2,4.95,客户端开发,0.47
上海,50人以下,2,4.95,客户端开发,0.47
上海,150-500人,2,4.95,客户端开发,0.47
上海,50人以下,2,4.95,客户端开发,0.47
无锡,50人以下,2,4.95,客户端开发,0.47
无锡,150-500人,2,4.95,客户端开发,0.47
北京,50人以下,2,4.95,运维开发,0.47
上海,50-150人,2,4.95,运维开发,0.47
深圳,50人以下,2,4.95,运维开发,0.47
北京,50人以下,2,4.95,算法工程师,0.47
北京,50人以下,2,4.95,算法工程师,0.47
北京,50人以下,2,4.95,算法工程师,0.47
北京,50人以下,2,4.95,算法工程师,0.47
上海,15-50人,2,4.95,算法工程师,0.47
上海,50人以下,2,4.95,算法工程师,0.47
上海,50人以下,2,4.95,算法工程师,0.47
上海,50人以下,2,4.95,算法工程师,0.47
上海,50人以下,2,4.95,算法工程师,0.47
深圳,50人以下,2,4.95,算法工程师,0.47
深圳,50人以下,2,4.95,算法工程师,0.47
苏州,50人以下,2,4.95,算法工程师,0.47
苏州,50人以下,2,4.95,算法工程师,0.47
苏州,50人以下,2,4.95,算法工程师,0.47
苏州,50人以下,2,4.95,算法工程师,0.47
苏州,50人以下,2,4.95,算法工程师,0.47
苏州,50人以下,2,4.95,算法工程师,0.47
苏州,15-50人,2,4.95,算法工程师,0.47
苏州,50人以下,2,4.95,算法工程师,0.47
长沙,50人以下,2,4.95,算法工程师,0.47
无锡,50人以下,2,4.95,算法工程师,0.47
无锡,50人以下,2,4.95,算法工程师,0.47
无锡,50人以下,2,4.95,算法工程师,0.47
无锡,50人以下,2,4.95,算法工程师,0.47
北京,150-500人,2,4.95,人工智能,0.47
北京,50人以下,2,4.95,人工智能,0.47
上海,50人以下,2,4.95,人工智能,0.47
深圳,50人以下,2,4.95,人工智能,0.47
北京,50人以下,2,4.95,推荐算法,0.47
北京,50人以下,2,4.95,推荐算法,0.47
北京,50人以下,2,4.95,计算机视觉,0.47
上海,50人以下,2,4.95,计算机视觉,0.47
深圳,50人以下,2,4.95,计算机视觉,0.47
北京,50人以下,2,4.95,大模型算法,0.47
上海,150-500人,2,4.95,大模型算法,0.47
上海,50人以下,2,4.95,大模型算法,0.47
上海,50人以下,2,4.95,大模型算法,0.47
上海,50人以下,2,4.95,大模型算法,0.47
上海,50人以下,2,4.95,大模型算法,0.47
北京,50人以下,2,4.95,数据分析,0.47
北京,50人以下,2,4.95,数据分析,0.47
北京,150-500人,2,4.95,数据分析,0.47
北京,50人以下,2,4.95,数据分析,0.47
北京,50人以下,2,4.95,数据分析,0.47
北京,50人以下,2,4.95,数据分析,0.47
北京,50人以下,2,4.95,数据分析,0.47
北京,50人以下,2,4.95,数据分析,0.47
北京,50人以下,2,4.95,数据分析,0.47
北京,50人以下,2,4.95,数据分析,0.47
北京,50人以下,2,4.95,数据分析,0.47
上海,50人以下,2,4.95,数据分析,0.47
上海,50人以下,2,4.95,数据分析,0.47
上海,15人以下,2,4.95,数据分析,0.47
上海,50人以下,2,4.95,数据分析,0.47
上海,50人以下,2,4.95,数据分析,0.47
上海,50人以下,2,4.95,数据分析,0.47
上海,50人以下,2,4.95,数据分析,0.47
上海,50人以下,2,4.95,数据分析,0.47
上海,50人以下,2,4.95,数据分析,0.47
上海,50人以下,2,4.95,数据分析,0.47
上海,50人以下,2,4.95,数据分析,0.47
上海,50人以下,2,4.95,数据分析,0.47
上海,50人以下,2,4.95,数据分析,0.47
上海,50人以下,2,4.95,数据分析,0.47
深圳,150-500人,2,4.95,数据分析,0.47
深圳,50人以下,2,4.95,数据分析,0.47
杭州,150-500人,2,4.95,数据分析,0.47
北京,15-50人,2,4.95,数据工程师,0.47
北京,50人以下,2,4.95,数据工程师,0.47
北京,50人以下,2,4.95,数据工程师,0.47
北京,50人以下,2,4.95,数据工程师,0.47
北京,50人以下,2,4.95,数据工程师,0.47
上海,50人以下,2,4.95,数据工程师,0.47
上海,50人以下,2,4.95,数据工程师,0.47
上海,50人以下,2,4.95,数据工程师,0.47
上海,50人以下,2,4.95,数据工程师,0.47
上海,50人以下,2,4.95,数据工程师,0.47
上海,50人以下,2,4.95,数据工程师,0.47
上海,50人以下,2,4.95,数据工程师,0.47
上海,50人以下,2,4.95,数据工程师,0.47
上海,50人以下,2,4.95,数据工程师,0.47
上海,50人以下,2,4.95,数据工程师,0.47
上海,50人以下,2,4.95,数据工程师,0.47
上海,50人以下,2,4.95,数据工程师,0.47
上海,50人以下,2,4.95,数据工程师,0.47
上海,50人以下,2,4.95,数据工程师,0.47
上海,50人以下,2,4.95,数据工程师,0.47
上海,50人以下,2,4.95,数据工程师,0.47
上海,50人以下,2,4.95,数据工程师,0.47
上海,50人以下,2,4.95,数据工程师,0.47
深圳,50人以下,2,4.95,数据工程师,0.47
深圳,50人以下,2,4.95,数据工程师,0.47
深圳,50人以下,2,4.95,数据工程师,0.47
深圳,50人以下,2,4.95,数据工程师,0.47
深圳,50人以下,2,4.95,数据工程师,0.47
武汉,50人以下,2,4.95,数据工程师,0.47
北京,50人以下,2,4.95,产品经理,0.47
北京,50人以下,2,4.95,产品经理,0.47
北京,50人以下,2,4.95,产品经理,0.47
北京,50人以下,2,4.95,产品经理,0.47
北京,50人以下,2,4.95,产品经理,0.47
北京,50人以下,2,4.95,产品经理,0.47
北京,150-500人,2,4.95,产品经理,0.47
北京,50人以下,2,4.95,产品经理,0.47
北京,50人以下,2,4.95,产品经理,0.47
北京,50人以下,2,4.95,产品经理,0.47
北京,50人以下,2,4.95,产品经理,0.47
北京,50人以下,2,4.95,产品经理,0.47
北京,50人以下,2,4.95,产品经理,0.47
北京,50人以下,2,4.95,产品经理,0.47
北京,50人以下,2,4.95,产品经理,0.47
北京,50人以下,2,4.95,产品经理,0.47
北京,50人以下,2,4.95,产品经理,0.47
北京,50人以下,2,4.95,产品经理,0.47
北京,50人以下,2,4.95,产品经理,0.47
北京,50人以下,2,4.95,产品经理,0.47
北京,50人以下,2,4.95,产品经理,0.47
北京,15-50人,2,4.95,产品经理,0.47
北京,50人以下,2,4.95,产品经理,0.47
北京,50人以下,2,4.95,产品经理,0.47
北京,50人以下,2,4.95,产品经理,0.47
北京,50人以下,2,4.95,产品经理,0.47
北京,50人以下,2,4.95,产品经理,0.47
北京,50人以下,2,4.95,产品经理,0.47
北京,50人以下,2,4.95,产品经理,0.47
北京,50人以下,2,4.95,产品经理,0.47
北京,50人以下,2,4.95,产品经理,0.47
北京,50人以下,2,4.95,产品经理,0.47
北京,50人以下,2,4.95,产品经理,0.47
北京,50人以下,2,4.95,产品经理,0.47
北京,50人以下,2,4.95,产品经理,0.47
北京,50人以下,2,4.95,产品经理,0.47
北京,50人以下,2,4.95,产品经理,0.47
北京,50人以下,2,4.95,产品经理,0.47
北京,50人以下,2,4.95,产品经理,0.47
北京,50人以下,2,4.95,产品经理,0.47
北京,50人以下,2,4.95,产品经理,0.47
北京,50人以下,2,4.95,产品经理,0.47
北京,50人以下,2,4.95,产品经理,0.47
北京,50人以下,2,4.95,产品经理,0.47
北京,50人以下,2,4.95,产品经理,0.47
北京,150-500人,2,4.95,产品经理,0.47
北京,50人以下,2,4.95,产品经理,0.47
北京,50人以下,2,4.95,产品经理,0.47
北京,50人以下,2,4.95,产品经理,0.47
北京,50人以下,2,4.95,产品经理,0.47
北京,50人以下,2,4.95,产品经理,0.47
北京,50人以下,2,4.95,产品经理,0.47
北京,50人以下,2,4.95,产品经理,0.47
北京,50人以下,2,4.95,产品经理,0.47
北京,15-50人,2,4.95,产品经理,0.47
北京,50人以下,2,4.95,产品经理,0.47
北京,50人以下,2,4.95,产品经理,0.47
北京,50人以下,2,4.95,产品经理,0.47
北京,50人以下,2,4.95,产品经理,0.47
北京,50人以下,2,4.95,产品经理,0.47
北京,50人以下,2,4.95,产品经理,0.47
北京,50人以下,2,4.95,产品经理,0.47
北京,50人以下,2,4.95,产品经理,0.47
北京,50人以下,2,4.95,产品经理,0.47
北京,50人以下,2,4.95,产品经理,0.47
北京,50人以下,2,4.95,产品经理,0.47
北京,50人以下,2,4.95,产品经理,0.47
北京,150-500人,2,4.95,产品经理,0.47
北京,50人以下,2,4.95,产品经理,0.47
上海,50人以下,2,4.95,产品经理,0.47
上海,50人以下,2,4.95,产品经理,0.47
上海,50人以下,2,4.95,产品经理,0.47
上海,50人以下,2,4.95,产品经理,0.47
上海,50人以下,2,4.95,产品经理,0.47
上海,50人以下,2,4.95,产品经理,0.47
上海,50人以下,2,4.95,产品经理,0.47
上海,50人以下,2,4.95,产品经理,0.47
上海,50人以下,2,4.95,产品经理,0.47
上海,50人以下,2,4.95,产品经理,0.47
上海,50人以下,2,4.95,产品经理,0.47
上海,50人以下,2,4.95,产品经理,0.47
上海,50人以下,2,4.95,产品经理,0.47
上海,50人以下,2,4.95,产品经理,0.47
上海,50人以下,2,4.95,产品经理,0.47
上海,50人以下,2,4.95,产品经理,0.47
上海,50人以下,2,4.95,产品经理,0.47
上海,50人以下,2,4.95,产品经理,0.47
上海,50人以下,2,4.95,产品经理,0.47
上海,50人以下,2,4.95,产品经理,0.47
上海,50人以下,2,4.95,产品经理,0.47
上海,50人以下,2,4.95,产品经理,0.47
上海,50人以下,2,4.95,产品经理,0.47
上海,50人以下,2,4.95,产品经理,0.47
上海,50人以下,2,4.95,产品经理,0.47
上海,50人以下,2,4.95,产品经理,0.47
上海,50人以下,2,4.95,产品经理,0.47
上海,50人以下,2,4.95,产品经理,0.47
上海,50人以下,2,4.95,产品经理,0.47
上海,50人以下,2,4.95,产品经理,0.47
上海,50人以下,2,4.95,产品经理,0.47
上海,50人以下,2,4.95,产品经理,0.47
上海,50人以下,2,4.95,产品经理,0.47
上海,50人以下,2,4.95,产品经理,0.47
上海,50人以下,2,4.95,产品经理,0.47
上海,150-500人,2,4.95,产品经理,0.47
上海,50人以下,2,4.95,产品经理,0.47
上海,50人以下,2,4.95,产品经理,0.47
上海,50人以下,2,4.95,产品经理,0.47
上海,50人以下,2,4.95,产品经理,0.47
上海,50人以下,2,4.95,产品经理,0.47
上海,50人以下,2,4.95,产品经理,0.47
上海,50人以下,2,4.95,产品经理,0.47
上海,50人以下,2,4.95,产品经理,0.47
上海,50人以下,2,4.95,产品经理,0.47
上海,50人以下,2,4.95,产品经理,0.47
上海,50人以下,2,4.95,产品经理,0.47
上海,50人以下,2,4.95,产品经理,0.47
上海,50人以下,2,4.95,产品经理,0.47
上海,50人以下,2,4.95,产品经理,0.47
上海,50人以下,2,4.95,产品经理,0.47
上海,50人以下,2,4.95,产品经理,0.47
上海,50人以下,2,4.95,产品经理,0.47
上海,50人以下,2,4.95,产品经理,0.47
上海,50人以下,2,4.95,产品经理,0.47
上海,50人以下,2,4.95,产品经理,0.47
上海,50人以下,2,4.95,产品经理,0.47
上海,50人以下,2,4.95,产品经理,0.47
上海,50人以下,2,4.95,产品经理,0.47
上海,150-500人,2,4.95,产品经理,0.47
上海,50人以下,2,4.95,产品经理,0.47
上海,50人以下,2,4.95,产品经理,0.47
上海,150-500人,2,4.95,产品经理,0.47
上海,50人以下,2,4.95,产品经理,0.47
上海,50人以下,2,4.95,产品经理,0.47
上海,50人以下,2,4.95,产品经理,0.47
上海,50人以下,2,4.95,产品经理,0.47
上海,50-150人,2,4.95,产品经理,0.47
上海,50人以下,2,4.95,产品经理,0.47
上海,50人以下,2,4.95,产品经理,0.47
上海,50人以下,2,4.95,产品经理,0.47
上海,50人以下,2,4.95,产品经理,0.47
上海,50人以下,2,4.95,产品经理,0.47
上海,50人以下,2,4.95,产品经理,0.47
上海,50人以下,2,4.95,产品经理,0.47
上海,50人以下,2,4.95,产品经理,0.47
上海,50人以下,2,4.95,产品经理,0.47
上海,50人以下,2,4.95,产品经理,0.47
上海,50人以下,2,4.95,产品经理,0.47
上海,50人以下,2,4.95,产品经理,0.47
上海,50人以下,2,4.95,产品经理,0.47
上海,50人以下,2,4.95,产品经理,0.47
上海,50人以下,2,4.95,产品经理,0.47
广州,150-500人,2,4.95,产品经理,0.47
广州,50人以下,2,4.95,产品经理,0.47
广州,50人以下,2,4.95,产品经理,0.47
深圳,50-150人,2,4.95,产品经理,0.47
深圳,50人以下,2,4.95,产品经理,0.47
深圳,50人以下,2,4.95,产品经理,0.47
深圳,50人以下,2,4.95,产品经理,0.47
深圳,50人以下,2,4.95,产品经理,0.47
深圳,50人以下,2,4.95,产品经理,0.47
深圳,50-150人,2,4.95,产品经理,0.47
深圳,50人以下,2,4.95,产品经理,0.47
深圳,50人以下,2,4.95,产品经理,0.47
深圳,50人以下,2,4.95,产品经理,0.47
深圳,50人以下,2,4.95,产品经理,0.47
深圳,50人以下,2,4.95,产品经理,0.47
深圳,50人以下,2,4.95,产品经理,0.47
杭州,50人以下,2,4.95,产品经理,0.47
杭州,50人以下,2,4.95,产品经理,0.47
杭州,50人以下,2,4.95,产品经理,0.47
杭州,50人以下,2,4.95,产品经理,0.47
杭州,50人以下,2,4.95,产品经理,0.47
杭州,50人以下,2,4.95,产品经理,0.47
杭州,50人以下,2,4.95,产品经理,0.47
杭州,50人以下,2,4.95,产品经理,0.47
杭州,50人以下,2,4.95,产品经理,0.47
杭州,50人以下,2,4.95,产品经理,0.47
杭州,50人以下,2,4.95,产品经理,0.47
苏州,50人以下,2,4.95,产品经理,0.47
苏州,50人以下,2,4.95,产品经理,0.47
长沙,50人以下,2,4.95,产品经理,0.47
无锡,50人以下,2,4.95,产品经理,0.47
无锡,50人以下,2,4.95,产品经理,0.47
北京,50人以下,2,4.95,产品运营,0.47
北京,50人以下,2,4.95,产品运营,0.47
北京,50人以下,2,4.95,产品运营,0.47
北京,50人以下,2,4.95,产品运营,0.47
北京,50人以下,2,4.95,产品运营,0.47
北京,150-500人,2,4.95,产品运营,0.47
北京,50人以下,2,4.95,产品运营,0.47
北京,50人以下,2,4.95,产品运营,0.47
北京,50人以下,2,4.95,产品运营,0.47
北京,50人以下,2,4.95,产品运营,0.47
北京,50人以下,2,4.95,产品运营,0.47
北京,50人以下,2,4.95,产品运营,0.47
北京,50人以下,2,4.95,产品运营,0.47
北京,50-150人,2,4.95,产品运营,0.47
上海,50人以下,2,4.95,产品运营,0.47
上海,50人以下,2,4.95,产品运营,0.47
上海,50人以下,2,4.95,产品运营,0.47
上海,50人以下,2,4.95,产品运营,0.47
上海,50人以下,2,4.95,产品运营,0.47
上海,50人以下,2,4.95,产品运营,0.47
上海,50人以下,2,4.95,产品运营,0.47
上海,50人以下,2,4.95,产品运营,0.47
上海,50人以下,2,4.95,产品运营,0.47
上海,50人以下,2,4.95,产品运营,0.47
上海,50人以下,2,4.95,产品运营,0.47
上海,50人以下,2,4.95,产品运营,0.47
上海,50人以下,2,4.95,产品运营,0.47
上海,50人以下,2,4.95,产品运营,0.47
上海,50人以下,2,4.95,产品运营,0.47
上海,50人以下,2,4.95,产品运营,0.47
上海,50人以下,2,4.95,产品运营,0.47
上海,50人以下,2,4.95,产品运营,0.47
上海,50人以下,2,4.95,产品运营,0.47
上海,50人以下,2,4.95,产品运营,0.47
上海,50人以下,2,4.95,产品运营,0.47
上海,50人以下,2,4.95,产品运营,0.47
上海,50人以下,2,4.95,产品运营,0.47
上海,50人以下,2,4.95,产品运营,0.47
上海,50人以下,2,4.95,产品运营,0.47
上海,50人以下,2,4.95,产品运营,0.47
上海,50人以下,2,4.95,产品运营,0.47
上海,50人以下,2,4.95,产品运营,0.47
上海,50人以下,2,4.95,产品运营,0.47
上海,50人以下,2,4.95,产品运营,0.47
上海,50人以下,2,4.95,产品运营,0.47
上海,50人以下,2,4.95,产品运营,0.47
上海,50人以下,2,4.95,产品运营,0.47
上海,50人以下,2,4.95,产品运营,0.47
上海,50人以下,2,4.95,产品运营,0.47
上海,50人以下,2,4.95,产品运营,0.47
上海,50人以下,2,4.95,产品运营,0.47
上海,50人以下,2,4.95,产品运营,0.47
上海,50人以下,2,4.95,产品运营,0.47
上海,50人以下,2,4.95,产品运营,0.47
上海,50人以下,2,4.95,产品运营,0.47
上海,50人以下,2,4.95,产品运营,0.47
上海,50人以下,2,4.95,产品运营,0.47
上海,50人以下,2,4.95,产品运营,0.47
上海,50人以下,2,4.95,产品运营,0.47
上海,50人以下,2,4.95,产品运营,0.47
上海,50人以下,2,4.95,产品运营,0.47
上海,150-500人,2,4.95,产品运营,0.47
上海,150-500人,2,4.95,产品运营,0.47
上海,50-150人,2,4.95,产品运营,0.47
上海,15-50人,2,4.95,产品运营,0.47
深圳,50人以下,2,4.95,产品运营,0.47
深圳,50人以下,2,4.95,产品运营,0.47
深圳,50人以下,2,4.95,产品运营,0.47
深圳,50人以下,2,4.95,产品运营,0.47
深圳,50人以下,2,4.95,产品运营,0.47
深圳,50人以下,2,4.95,产品运营,0.47
深圳,50人以下,2,4.95,产品运营,0.47
深圳,50人以下,2,4.95,产品运营,0.47
深圳,50人以下,2,4.95,产品运营,0.47
深圳,50-150人,2,4.95,产品运营,0.47
深圳,50人以下,2,4.95,产品运营,0.47
深圳,50人以下,2,4.95,产品运营,0.47
深圳,50人以下,2,4.95,产品运营,0.47
深圳,50人以下,2,4.95,产品运营,0.47
深圳,50人以下,2,4.95,产品运营,0.47
深圳,50人以下,2,4.95,产品运营,0.47
深圳,50人以下,2,4.95,产品运营,0.47
深圳,150-500人,2,4.95,产品运营,0.47
深圳,15-50人,2,4.95,产品运营,0.47
深圳,50人以下,2,4.95,产品运营,0.47
深圳,50-150人,2,4.95,产品运营,0.47
深圳,50人以下,2,4.95,产品运营,0.47
深圳,50人以下,2,4.95,产品运营,0.47
深圳,50人以下,2,4.95,产品运营,0.47
深圳,50人以下,2,4.95,产品运营,0.47
深圳,50人以下,2,4.95,产品运营,0.47
深圳,50人以下,2,4.95,产品运营,0.47
深圳,50人以下,2,4.95,产品运营,0.47
深圳,50-150人,2,4.95,产品运营,0.47
杭州,15-50人,2,4.95,产品运营,0.47
杭州,15-50人,2,4.95,产品运营,0.47
杭州,15-50人,2,4.95,产品运营,0.47
苏州,50人以下,2,4.95,产品运营,0.47
北京,15-50人,2,4.95,数据运营,0.47
北京,50人以下,2,4.95,数据运营,0.47
北京,50人以下,2,4.95,数据运营,0.47
北京,50人以下,2,4.95,数据运营,0.47
上海,50人以下,2,4.95,数据运营,0.47
北京,50人以下,2,4.95,游戏开发,0.47
北京,50人以下,2,4.95,游戏开发,0.47
上海,50人以下,2,4.95,游戏开发,0.47
上海,50人以下,2,4.95,游戏开发,0.47
上海,50人以下,2,4.95,游戏开发,0.47
上海,50人以下,2,4.95,游戏开发,0.47
杭州,50人以下,2,4.95,游戏开发,0.47
杭州,50人以下,2,4.95,游戏开发,0.47
武汉,50人以下,2,4.95,游戏开发,0.47
无锡,50人以下,2,4.95,游戏开发,0.47
北京,15-50人,2,4.95,UI设计师,0.47
北京,50人以下,2,4.95,UI设计师,0.47
北京,50-150人,2,4.95,UI设计师,0.47
上海,50-100人,2,4.95,UI设计师,0.47
上海,50-150人,2,4.95,UI设计师,0.47
上海,50人以下,2,4.95,UI设计师,0.47
上海,50人以下,2,4.95,UI设计师,0.47
上海,50-100人,2,4.95,UI设计师,0.47
上海,50人以下,2,4.95,UI设计师,0.47
上海,15-50人,2,4.95,UI设计师,0.47
深圳,50人以下,2,4.95,UI设计师,0.47
深圳,50人以下,2,4.95,UI设计师,0.47
苏州,50人以下,2,4.95,UI设计师,0.47
北京,50人以下,3,4.95,Java开发,0.37
北京,50人以下,3,4.95,Java开发,0.37
北京,50人以下,3,4.95,Java开发,0.37
上海,50人以下,3,4.95,Java开发,0.37
广州,50人以下,3,4.95,Java开发,0.37
广州,150-500人,3,4.95,Java开发,0.37
广州,50人以下,3,4.95,Java开发,0.37
杭州,50人以下,3,4.95,Java开发,0.37
杭州,50人以下,3,4.95,Java开发,0.37
南京,50人以下,3,4.95,Java开发,0.37
苏州,50人以下,3,4.95,Java开发,0.37
无锡,50人以下,3,4.95,Java开发,0.37
无锡,50人以下,3,4.95,Java开发,0.37
无锡,50人以下,3,4.95,Java开发,0.37
无锡,50人以下,3,4.95,Java开发,0.37
无锡,50人以下,3,4.95,Java开发,0.37
无锡,50人以下,3,4.95,Java开发,0.37
无锡,50人以下,3,4.95,Java开发,0.37
北京,15-50人,3,4.95,后端开发,0.37
北京,50人以下,3,4.95,后端开发,0.37
北京,50人以下,3,4.95,后端开发,0.37
北京,50人以下,3,4.95,后端开发,0.37
北京,50人以下,3,4.95,后端开发,0.37
北京,50人以下,3,4.95,后端开发,0.37
北京,150-500人,3,4.95,后端开发,0.37
北京,50人以下,3,4.95,后端开发,0.37
北京,50人以下,3,4.95,后端开发,0.37
上海,50人以下,3,4.95,后端开发,0.37
上海,50人以下,3,4.95,后端开发,0.37
上海,150-500人,3,4.95,后端开发,0.37
上海,50人以下,3,4.95,后端开发,0.37
上海,50人以下,3,4.95,后端开发,0.37
上海,50人以下,3,4.95,后端开发,0.37
上海,50-150人,3,4.95,后端开发,0.37
上海,50人以下,3,4.95,后端开发,0.37
上海,50人以下,3,4.95,后端开发,0.37
上海,50人以下,3,4.95,后端开发,0.37
上海,50人以下,3,4.95,后端开发,0.37
上海,50人以下,3,4.95,后端开发,0.37
上海,50人以下,3,4.95,后端开发,0.37
上海,150-500人,3,4.95,后端开发,0.37
上海,150-500人,3,4.95,后端开发,0.37
上海,150-500人,3,4.95,后端开发,0.37
上海,150-500人,3,4.95,后端开发,0.37
上海,150-500人,3,4.95,后端开发,0.37
广州,50人以下,3,4.95,后端开发,0.37
杭州,50人以下,3,4.95,后端开发,0.37
杭州,50人以下,3,4.95,后端开发,0.37
杭州,50人以下,3,4.95,后端开发,0.37
重庆,50人以下,3,4.95,后端开发,0.37
苏州,50人以下,3,4.95,后端开发,0.37
苏州,50人以下,3,4.95,后端开发,0.37
苏州,50人以下,3,4.95,后端开发,0.37
苏州,50人以下,3,4.95,后端开发,0.37
苏州,50人以下,3,4.95,后端开发,0.37
合肥,150-500人,3,4.95,后端开发,0.37
无锡,50人以下,3,4.95,后端开发,0.37
无锡,50人以下,3,4.95,后端开发,0.37
上海,50人以下,3,4.95,测试开发,0.37
上海,50人以下,3,4.95,测试开发,0.37
南京,50人以下,3,4.95,测试开发,0.37
无锡,50人以下,3,4.95,测试开发,0.37
无锡,50人以下,3,4.95,测试开发,0.37
无锡,50人以下,3,4.95,测试开发,0.37
北京,50人以下,3,4.95,算法工程师,0.37
北京,50-150人,3,4.95,算法工程师,0.37
上海,50人以下,3,4.95,算法工程师,0.37
上海,50人以下,3,4.95,算法工程师,0.37
上海,50人以下,3,4.95,算法工程师,0.37
上海,50人以下,3,4.95,算法工程师,0.37
上海,150-500人,3,4.95,算法工程师,0.37
上海,50人以下,3,4.95,算法工程师,0.37
上海,50人以下,3,4.95,算法工程师,0.37
上海,50人以下,3,4.95,算法工程师,0.37
深圳,50人以下,3,4.95,算法工程师,0.37
深圳,50人以下,3,4.95,算法工程师,0.37
杭州,50人以下,3,4.95,算法工程师,0.37
杭州,50人以下,3,4.95,算法工程师,0.37
苏州,50人以下,3,4.95,算法工程师,0.37
北京,50人以下,3,4.95,数据分析,0.37
北京,50人以下,3,4.95,数据分析,0.37
北京,50人以下,3,4.95,产品经理,0.37
北京,50人以下,3,4.95,产品经理,0.37
北京,150-500人,3,4.95,产品经理,0.37
北京,50人以下,3,4.95,产品经理,0.37
北京,50人以下,3,4.95,产品经理,0.37
全国,150-500人,3,4.95,产品经理,0.37
北京,50人以下,3,4.95,产品经理,0.37
上海,50人以下,3,4.95,产品经理,0.37
上海,50人以下,3,4.95,产品经理,0.37
广州,50人以下,3,4.95,产品经理,0.37
深圳,50-150人,3,4.95,产品经理,0.37
深圳,50人以下,3,4.95,产品经理,0.37
无锡,50人以下,3,4.95,产品经理,0.37
杭州,50人以下,3,4.95,产品运营,0.37
北京,50人以下,3,4.95,UI设计师,0.37
上海,50人以下,3,4.95,UI设计师,0.37
无锡,150-500人,3,4.95,UI设计师,0.37
北京,15-50人,0,4.949999999999999,Java开发,0.67
广州,15-50人,0,4.949999999999999,Java开发,0.67
深圳,15人以下,0,4.949999999999999,Java开发,0.67
南京,50人以下,0,4.949999999999999,Java开发,0.67
苏州,50-150人,0,4.949999999999999,Java开发,0.67
北京,50人以下,0,4.949999999999999,后端开发,0.67
北京,50人以下,0,4.949999999999999,后端开发,0.67
上海,50人以下,0,4.949999999999999,后端开发,0.67
上海,50人以下,0,4.949999999999999,后端开发,0.67
上海,50人以下,0,4.949999999999999,后端开发,0.67
北京,50人以下,0,4.949999999999999,测试开发,0.67
北京,50-150人,0,4.949999999999999,算法工程师,0.67
深圳,15-50人,0,4.949999999999999,算法工程师,0.67
宁波,50-150人,0,4.949999999999999,计算机视觉,0.67
杭州,150-500人,0,4.949999999999999,数据工程师,0.67
北京,50人以下,0,4.949999999999999,产品经理,0.67
上海,50人以下,0,4.949999999999999,产品经理,0.67
上海,50人以下,0,4.949999999999999,产品经理,0.67
广州,50人以下,0,4.949999999999999,产品经理,0.67
深圳,50人以下,0,4.949999999999999,产品经理,0.67
杭州,50人以下,0,4.949999999999999,产品经理,0.67
杭州,150-500人,0,4.949999999999999,产品经理,0.67
宁波,50-150人,0,4.949999999999999,产品经理,0.67
上海,15-50人,0,4.949999999999999,产品运营,0.67
广州,15-50人,0,4.949999999999999,产品运营,0.67
广州,15-50人,0,4.949999999999999,产品运营,0.67
广州,15-50人,0,4.949999999999999,产品运营,0.67
杭州,50-150人,0,4.949999999999999,产品运营,0.67
杭州,15-50人,0,4.949999999999999,产品运营,0.67
杭州,15-50人,0,4.949999999999999,产品运营,0.67
武汉,50-150人,0,4.949999999999999,产品运营,0.67
南京,15-50人,0,4.949999999999999,产品运营,0.67
长沙,15-50人,0,4.949999999999999,产品运营,0.67
长沙,15-50人,0,4.949999999999999,产品运营,0.67
郑州,50-150人,0,4.949999999999999,产品运营,0.67
郑州,50-150人,0,4.949999999999999,产品运营,0.67
郑州,50-150人,0,4.949999999999999,产品运营,0.67
上海,15-50人,0,4.949999999999999,数据运营,0.67
广州,150-500人,0,4.949999999999999,游戏开发,0.67
杭州,50人以下,0,4.949999999999999,游戏开发,0.67
上海,15-50人,0,4.949999999999999,UI设计师,0.67
深圳,15-50人,0,4.949999999999999,UI设计师,0.67
南京,150-500人,1,4.949999999999999,算法工程师,0.57
南京,15-50人,1,4.949999999999999,人工智能,0.57
广州,15-50人,1,4.949999999999999,产品经理,0.57
上海,15-50人,1,4.949999999999999,产品运营,0.57
武汉,15-50人,1,4.949999999999999,产品运营,0.57
天津,50-150人,1,4.949999999999999,产品运营,0.57
北京,15-50人,1,4.949999999999999,数据运营,0.57
上海,15-50人,1,4.949999999999999,数据运营,0.57
上海,50人以下,1,4.949999999999999,数据运营,0.57
北京,50人以下,2,4.949999999999999,Java开发,0.47
全国,150-500人,2,4.949999999999999,Java开发,0.47
北京,50人以下,2,4.949999999999999,Java开发,0.47
北京,50人以下,2,4.949999999999999,Java开发,0.47
北京,15-50人,2,4.949999999999999,Java开发,0.47
上海,15-50人,2,4.949999999999999,Java开发,0.47
上海,15-50人,2,4.949999999999999,Java开发,0.47
上海,15-50人,2,4.949999999999999,Java开发,0.47
上海,50-150人,2,4.949999999999999,Java开发,0.47
成都,50人以下,2,4.949999999999999,Java开发,0.47
南京,15-50人,2,4.949999999999999,Java开发,0.47
南京,50人以下,2,4.949999999999999,Java开发,0.47
南京,50人以下,2,4.949999999999999,Java开发,0.47
南京,50人以下,2,4.949999999999999,Java开发,0.47
广州,15-50人,2,4.949999999999999,前端开发,0.47
全国,50-150人,2,4.949999999999999,后端开发,0.47
北京,50人以下,2,4.949999999999999,后端开发,0.47
北京,50人以下,2,4.949999999999999,后端开发,0.47
北京,15-50人,2,4.949999999999999,后端开发,0.47
北京,50人以下,2,4.949999999999999,后端开发,0.47
上海,15-50人,2,4.949999999999999,后端开发,0.47
上海,50人以下,2,4.949999999999999,后端开发,0.47
上海,50人以下,2,4.949999999999999,后端开发,0.47
上海,50人以下,2,4.949999999999999,后端开发,0.47
上海,50人以下,2,4.949999999999999,后端开发,0.47
上海,50-150人,2,4.949999999999999,后端开发,0.47
上海,50-150人,2,4.949999999999999,后端开发,0.47
杭州,15-50人,2,4.949999999999999,后端开发,0.47
杭州,150-500人,2,4.949999999999999,后端开发,0.47
南京,15-50人,2,4.949999999999999,后端开发,0.47
南京,50人以下,2,4.949999999999999,后端开发,0.47
厦门,50人以下,2,4.949999999999999,后端开发,0.47
广州,15-50人,2,4.949999999999999,C++开发,0.47
北京,50人以下,2,4.949999999999999,测试开发,0.47
北京,50人以下,2,4.949999999999999,测试开发,0.47
上海,50-150人,2,4.949999999999999,测试开发,0.47
成都,50人以下,2,4.949999999999999,测试开发,0.47
南京,50人以下,2,4.949999999999999,测试开发,0.47
北京,15-50人,2,4.949999999999999,算法工程师,0.47
北京,150-500人,2,4.949999999999999,算法工程师,0.47
全国,15-50人,2,4.949999999999999,算法工程师,0.47
北京,15-50人,2,4.949999999999999,算法工程师,0.47
北京,50人以下,2,4.949999999999999,算法工程师,0.47
上海,50-150人,2,4.949999999999999,算法工程师,0.47
上海,15人以下,2,4.949999999999999,算法工程师,0.47
上海,150-500人,2,4.949999999999999,算法工程师,0.47
上海,50-150人,2,4.949999999999999,算法工程师,0.47
上海,150-500人,2,4.949999999999999,算法工程师,0.47
深圳,150-500人,2,4.949999999999999,算法工程师,0.47
深圳,150-500人,2,4.949999999999999,算法工程师,0.47
杭州,150-500人,2,4.949999999999999,算法工程师,0.47
厦门,50人以下,2,4.949999999999999,算法工程师,0.47
杭州,150-500人,2,4.949999999999999,人工智能,0.47
武汉,50人以下,2,4.949999999999999,计算机视觉,0.47
北京,50人以下,2,4.949999999999999,大模型算法,0.47
北京,15-50人,2,4.949999999999999,数据分析,0.47
北京,50人以下,2,4.949999999999999,数据分析,0.47
北京,15-50人,2,4.949999999999999,数据分析,0.47
上海,50人以下,2,4.949999999999999,数据分析,0.47
上海,50人以下,2,4.949999999999999,数据分析,0.47
上海,150-500人,2,4.949999999999999,数据分析,0.47
天津,50人以下,2,4.949999999999999,数据分析,0.47
北京,50人以下,2,4.949999999999999,数据工程师,0.47
北京,50人以下,2,4.949999999999999,产品经理,0.47
北京,50人以下,2,4.949999999999999,产品经理,0.47
北京,50人以下,2,4.949999999999999,产品经理,0.47
北京,50人以下,2,4.949999999999999,产品经理,0.47
北京,50人以下,2,4.949999999999999,产品经理,0.47
北京,50人以下,2,4.949999999999999,产品经理,0.47
上海,50人以下,2,4.949999999999999,产品经理,0.47
上海,15-50人,2,4.949999999999999,产品经理,0.47
上海,15-50人,2,4.949999999999999,产品经理,0.47
上海,50人以下,2,4.949999999999999,产品经理,0.47
上海,50人以下,2,4.949999999999999,产品经理,0.47
上海,15-50人,2,4.949999999999999,产品经理,0.47
广州,15-50人,2,4.949999999999999,产品经理,0.47
杭州,50-150人,2,4.949999999999999,产品经理,0.47
杭州,150-500人,2,4.949999999999999,产品经理,0.47
南京,50-150人,2,4.949999999999999,产品经理,0.47
南京,50人以下,2,4.949999999999999,产品经理,0.47
重庆,15-50人,2,4.949999999999999,产品经理,0.47
重庆,50人以下,2,4.949999999999999,产品经理,0.47
天津,50人以下,2,4.949999999999999,产品经理,0.47
宁波,50-150人,2,4.949999999999999,产品经理,0.47
宁波,50-150人,2,4.949999999999999,产品经理,0.47
广州,15-50人,2,4.949999999999999,产品运营,0.47
广州,50人以下,2,4.949999999999999,产品运营,0.47
广州,50人以下,2,4.949999999999999,产品运营,0.47
广州,50人以下,2,4.949999999999999,产品运营,0.47
杭州,15-50人,2,4.949999999999999,产品运营,0.47
武汉,50-150人,2,4.949999999999999,产品运营,0.47
武汉,50-150人,2,4.949999999999999,产品运营,0.47
长沙,15-50人,2,4.949999999999999,产品运营,0.47
北京,50人以下,2,4.949999999999999,数据运营,0.47
上海,15-50人,2,4.949999999999999,数据运营,0.47
上海,50-150人,2,4.949999999999999,UI设计师,0.47
上海,50-150人,2,4.949999999999999,UI设计师,0.47
深圳,50-150人,2,4.949999999999999,UI设计师,0.47
杭州,50人以下,2,4.949999999999999,UI设计师,0.47
苏州,50人以下,2,4.949999999999999,UI设计师,0.47
北京,50人以下,3,4.949999999999999,Java开发,0.37
上海,50人以下,3,4.949999999999999,Java开发,0.37
北京,50人以下,3,4.949999999999999,后端开发,0.37
北京,50人以下,3,4.949999999999999,后端开发,0.37
北京,50人以下,3,4.949999999999999,后端开发,0.37
北京,50人以下,3,4.949999999999999,后端开发,0.37
北京,150-500人,3,4.949999999999999,后端开发,0.37
北京,50人以下,3,4.949999999999999,后端开发,0.37
北京,50人以下,3,4.949999999999999,后端开发,0.37
北京,50人以下,3,4.949999999999999,后端开发,0.37
上海,50人以下,3,4.949999999999999,后端开发,0.37
上海,50人以下,3,4.949999999999999,后端开发,0.37
上海,50人以下,3,4.949999999999999,后端开发,0.37
上海,50人以下,3,4.949999999999999,后端开发,0.37
广州,50人以下,3,4.949999999999999,后端开发,0.37
广州,50人以下,3,4.949999999999999,后端开发,0.37
广州,50人以下,3,4.949999999999999,后端开发,0.37
杭州,15-50人,3,4.949999999999999,后端开发,0.37
南京,50-150人,3,4.949999999999999,后端开发,0.37
南京,50人以下,3,4.949999999999999,后端开发,0.37
南京,50人以下,3,4.949999999999999,后端开发,0.37
北京,150-500人,3,4.949999999999999,算法工程师,0.37
上海,50人以下,3,4.949999999999999,算法工程师,0.37
上海,15人以下,3,4.949999999999999,算法工程师,0.37
上海,50人以下,3,4.949999999999999,算法工程师,0.37
成都,15人以下,3,4.949999999999999,算法工程师,0.37
武汉,50人以下,3,4.949999999999999,算法工程师,0.37
武汉,50人以下,3,4.949999999999999,算法工程师,0.37
北京,150-500人,3,4.949999999999999,数据分析,0.37
北京,50人以下,3,4.949999999999999,数据分析,0.37
广州,50人以下,3,4.949999999999999,数据分析,0.37
天津,50-150人,3,4.949999999999999,数据分析,0.37
佛山,50-150人,3,4.949999999999999,数据分析,0.37
上海,150-500人,3,4.949999999999999,产品经理,0.37
上海,50人以下,4,4.949999999999999,Java开发,0.27
北京,15-50人,0,4.75,Java开发,0.6591
北京,50人以下,0,4.75,Java开发,0.6591
广州,15-50人,0,4.75,Java开发,0.6591
成都,15-50人,0,4.75,Java开发,0.6591
广州,50人以下,0,4.75,后端开发,0.6591
成都,15-50人,0,4.75,后端开发,0.6591
厦门,50人以下,0,4.75,后端开发,0.6591
北京,50人以下,0,4.75,客户端开发,0.6591
北京,50人以下,0,4.75,客户端开发,0.6591
北京,50人以下,0,4.75,算法工程师,0.6591
上海,50人以下,0,4.75,算法工程师,0.6591
上海,50人以下,0,4.75,计算机视觉,0.6591
北京,50人以下,0,4.75,数据分析,0.6591
北京,50人以下,0,4.75,数据分析,0.6591
北京,50人以下,0,4.75,数据分析,0.6591
北京,50人以下,0,4.75,数据工程师,0.6591
北京,50人以下,0,4.75,产品经理,0.6591
成都,50人以下,0,4.75,产品经理,0.6591
无锡,50人以下,0,4.75,产品经理,0.6591
北京,50-150人,0,4.75,产品运营,0.6591
北京,50人以下,0,4.75,UI设计师,0.6591
北京,50-150人,1,4.75,Java开发,0.5591
杭州,50-150人,1,4.75,Java开发,0.5591
北京,50-150人,1,4.75,后端开发,0.5591
杭州,150-500人,1,4.75,后端开发,0.5591
杭州,150-500人,1,4.75,后端开发,0.5591
广州,50-150人,1,4.75,算法工程师,0.5591
上海,50人以下,1,4.75,数据工程师,0.5591
北京,50-150人,1,4.75,产品运营,0.5591
深圳,15-50人,1,4.75,产品运营,0.5591
杭州,15-50人,1,4.75,产品运营,0.5591
杭州,150-500人,1,4.75,产品运营,0.5591
北京,50-150人,1,4.75,数据运营,0.5591
北京,50-150人,1,4.75,数据运营,0.5591
北京,50-150人,1,4.75,UI设计师,0.5591
北京,50人以下,2,4.75,Java开发,0.4591
北京,15-50人,2,4.75,Java开发,0.4591
北京,15-50人,2,4.75,Java开发,0.4591
北京,50人以下,2,4.75,Java开发,0.4591
上海,50人以下,2,4.75,Java开发,0.4591
上海,50人以下,2,4.75,Java开发,0.4591
成都,50人以下,2,4.75,Java开发,0.4591
成都,50人以下,2,4.75,Java开发,0.4591
成都,50人以下,2,4.75,Java开发,0.4591
厦门,50人以下,2,4.75,Java开发,0.4591
无锡,150-500人,2,4.75,Java开发,0.4591
无锡,50人以下,2,4.75,Java开发,0.4591
无锡,50人以下,2,4.75,Java开发,0.4591
无锡,50人以下,2,4.75,Java开发,0.4591
北京,50人以下,2,4.75,前端开发,0.4591
北京,150-500人,2,4.75,前端开发,0.4591
北京,50-150人,2,4.75,后端开发,0.4591
北京,50人以下,2,4.75,后端开发,0.4591
北京,50人以下,2,4.75,后端开发,0.4591
北京,50人以下,2,4.75,后端开发,0.4591
上海,50-150人,2,4.75,后端开发,0.4591
上海,50人以下,2,4.75,后端开发,0.4591
上海,150-500人,2,4.75,后端开发,0.4591
深圳,50-150人,2,4.75,后端开发,0.4591
杭州,15-50人,2,4.75,后端开发,0.4591
苏州,50人以下,2,4.75,后端开发,0.4591
厦门,50人以下,2,4.75,后端开发,0.4591
无锡,50人以下,2,4.75,后端开发,0.4591
无锡,50人以下,2,4.75,后端开发,0.4591
无锡,50人以下,2,4.75,后端开发,0.4591
北京,50人以下,2,4.75,Python开发,0.4591
上海,150-500人,2,4.75,测试开发,0.4591
上海,150-500人,2,4.75,测试开发,0.4591
无锡,50人以下,2,4.75,测试开发,0.4591
无锡,150-500人,2,4.75,测试开发,0.4591
杭州,50人以下,2,4.75,算法工程师,0.4591
无锡,50人以下,2,4.75,人工智能,0.4591
无锡,50人以下,2,4.75,人工智能,0.4591
无锡,50人以下,2,4.75,人工智能,0.4591
无锡,50人以下,2,4.75,人工智能,0.4591
无锡,50人以下,2,4.75,人工智能,0.4591
无锡,50人以下,2,4.75,人工智能,0.4591
无锡,50人以下,2,4.75,人工智能,0.4591
无锡,50人以下,2,4.75,人工智能,0.4591
无锡,50人以下,2,4.75,人工智能,0.4591
无锡,50人以下,2,4.75,人工智能,0.4591
无锡,50人以下,2,4.75,人工智能,0.4591
上海,50人以下,2,4.75,计算机视觉,0.4591
厦门,50人以下,2,4.75,计算机视觉,0.4591
北京,50人以下,2,4.75,数据分析,0.4591
北京,50人以下,2,4.75,数据分析,0.4591
北京,50人以下,2,4.75,数据分析,0.4591
北京,50人以下,2,4.75,数据分析,0.4591
上海,50人以下,2,4.75,数据分析,0.4591
上海,150-500人,2,4.75,数据分析,0.4591
上海,50-150人,2,4.75,数据分析,0.4591
杭州,50人以下,2,4.75,数据分析,0.4591
无锡,50人以下,2,4.75,数据分析,0.4591
无锡,50人以下,2,4.75,数据分析,0.4591
无锡,50人以下,2,4.75,数据分析,0.4591
北京,150-500人,2,4.75,数据工程师,0.4591
北京,50人以下,2,4.75,数据工程师,0.4591
上海,50人以下,2,4.75,数据工程师,0.4591
上海,50人以下,2,4.75,数据工程师,0.4591
广州,50人以下,2,4.75,数据工程师,0.4591
厦门,50人以下,2,4.75,数据工程师,0.4591
北京,50人以下,2,4.75,产品经理,0.4591
北京,50人以下,2,4.75,产品经理,0.4591
北京,50人以下,2,4.75,产品经理,0.4591
北京,50人以下,2,4.75,产品经理,0.4591
北京,50人以下,2,4.75,产品经理,0.4591
北京,50人以下,2,4.75,产品经理,0.4591
北京,50人以下,2,4.75,产品经理,0.4591
北京,50人以下,2,4.75,产品经理,0.4591
北京,50人以下,2,4.75,产品经理,0.4591
北京,50人以下,2,4.75,产品经理,0.4591
北京,50人以下,2,4.75,产品经理,0.4591
北京,50人以下,2,4.75,产品经理,0.4591
北京,50人以下,2,4.75,产品经理,0.4591
北京,50人以下,2,4.75,产品经理,0.4591
北京,50人以下,2,4.75,产品经理,0.4591
北京,50人以下,2,4.75,产品经理,0.4591
北京,50人以下,2,4.75,产品经理,0.4591
北京,50人以下,2,4.75,产品经理,0.4591
全国,150-500人,2,4.75,产品经理,0.4591
北京,150-500人,2,4.75,产品经理,0.4591
北京,50人以下,2,4.75,产品经理,0.4591
北京,50人以下,2,4.75,产品经理,0.4591
上海,50人以下,2,4.75,产品经理,0.4591
上海,50人以下,2,4.75,产品经理,0.4591
上海,15-50人,2,4.75,产品经理,0.4591
上海,150-500人,2,4.75,产品经理,0.4591
上海,50人以下,2,4.75,产品经理,0.4591
上海,150-500人,2,4.75,产品经理,0.4591
上海,50人以下,2,4.75,产品经理,0.4591
上海,50人以下,2,4.75,产品经理,0.4591
深圳,50人以下,2,4.75,产品经理,0.4591
深圳,150-500人,2,4.75,产品经理,0.4591
深圳,50人以下,2,4.75,产品经理,0.4591
杭州,50-150人,2,4.75,产品经理,0.4591
南京,50人以下,2,4.75,产品经理,0.4591
重庆,50人以下,2,4.75,产品经理,0.4591
厦门,50人以下,2,4.75,产品经理,0.4591
厦门,50人以下,2,4.75,产品经理,0.4591
无锡,50人以下,2,4.75,产品经理,0.4591
北京,50人以下,2,4.75,产品运营,0.4591
北京,50人以下,2,4.75,产品运营,0.4591
上海,150-500人,2,4.75,产品运营,0.4591
上海,50人以下,2,4.75,产品运营,0.4591
深圳,50人以下,2,4.75,产品运营,0.4591
深圳,50人以下,2,4.75,产品运营,0.4591
深圳,50人以下,2,4.75,产品运营,0.4591
武汉,50人以下,2,4.75,产品运营,0.4591
厦门,50人以下,2,4.75,产品运营,0.4591
无锡,50人以下,2,4.75,产品运营,0.4591
无锡,50人以下,2,4.75,产品运营,0.4591
北京,50-150人,2,4.75,数据运营,0.4591
上海,50-150人,2,4.75,数据运营,0.4591
上海,50-150人,2,4.75,数据运营,0.4591
北京,50人以下,2,4.75,游戏开发,0.4591
北京,50人以下,2,4.75,游戏开发,0.4591
北京,50人以下,2,4.75,UI设计师,0.4591
北京,15-50人,2,4.75,UI设计师,0.4591
上海,150-500人,2,4.75,UI设计师,0.4591
上海,50人以下,2,4.75,UI设计师,0.4591
上海,50人以下,2,4.75,UI设计师,0.4591
厦门,50人以下,2,4.75,UI设计师,0.4591
上海,50人以下,3,4.75,Java开发,0.3591
深圳,50人以下,3,4.75,Java开发,0.3591
无锡,50人以下,3,4.75,Java开发,0.3591
无锡,50人以下,3,4.75,Java开发,0.3591
北京,15-50人,3,4.75,后端开发,0.3591
上海,50-150人,3,4.75,后端开发,0.3591
上海,50-150人,3,4.75,后端开发,0.3591
杭州,50人以下,3,4.75,后端开发,0.3591
无锡,50人以下,3,4.75,后端开发,0.3591
上海,50人以下,3,4.75,算法工程师,0.3591
上海,50人以下,3,4.75,算法工程师,0.3591
无锡,50人以下,3,4.75,算法工程师,0.3591
杭州,15-50人,3,4.75,人工智能,0.3591
无锡,50人以下,3,4.75,人工智能,0.3591
无锡,50人以下,3,4.75,人工智能,0.3591
无锡,50人以下,3,4.75,人工智能,0.3591
上海,50人以下,3,4.75,数据分析,0.3591
北京,15-50人,3,4.75,产品经理,0.3591
上海,50人以下,3,4.75,产品经理,0.3591
北京,50人以下,0,4.5,客户端开发,0.6455
杭州,50人以下,0,4.5,数据分析,0.6455
北京,50人以下,0,4.5,数据工程师,0.6455
北京,50人以下,0,4.5,数据工程师,0.6455
北京,50人以下,0,4.5,产品经理,0.6455
北京,50人以下,0,4.5,产品经理,0.6455
北京,50人以下,0,4.5,产品经理,0.6455
北京,50人以下,0,4.5,产品经理,0.6455
北京,50人以下,0,4.5,产品经理,0.6455
北京,50人以下,0,4.5,产品运营,0.6455
北京,50人以下,0,4.5,产品运营,0.6455
北京,50人以下,0,4.5,产品运营,0.6455
北京,50人以下,0,4.5,UI设计师,0.6455
北京,50人以下,2,4.5,计算机视觉,0.4455
北京,50人以下,2,4.5,数据工程师,0.4455
北京,50人以下,2,4.5,数据工程师,0.4455
北京,50人以下,2,4.5,产品经理,0.4455
北京,50人以下,2,4.5,产品经理,0.4455
北京,50人以下,2,4.5,产品经理,0.4455
北京,50人以下,2,4.5,产品经理,0.4455
北京,50人以下,2,4.5,产品经理,0.4455
北京,50人以下,2,4.5,产品经理,0.4455
北京,50人以下,2,4.5,产品经理,0.4455
北京,50人以下,2,4.5,产品经理,0.4455
北京,50人以下,2,4.5,产品经理,0.4455
杭州,50人以下,2,4.5,产品经理,0.4455
北京,50人以下,2,4.5,产品运营,0.4455
北京,50人以下,2,4.5,产品运营,0.4455
广州,50人以下,2,4.5,产品运营,0.4455
杭州,50人以下,3,4.5,数据分析,0.3455
成都,15-50人,0,4.4,Java开发,0.64
成都,15-50人,0,4.4,Java开发,0.64
重庆,50人以下,0,4.4,Java开发,0.64
深圳,50人以下,0,4.4,前端开发,0.64
上海,150-500人,0,4.4,后端开发,0.64
上海,50人以下,0,4.4,后端开发,0.64
上海,50-150人,0,4.4,后端开发,0.64
上海,50人以下,0,4.4,后端开发,0.64
深圳,50人以下,0,4.4,后端开发,0.64
杭州,50人以下,0,4.4,后端开发,0.64
苏州,50人以下,0,4.4,后端开发,0.64
上海,150-500人,0,4.4,客户端开发,0.64
北京,50-150人,0,4.4,算法工程师,0.64
上海,50人以下,0,4.4,算法工程师,0.64
上海,50-150人,0,4.4,算法工程师,0.64
广州,15-50人,0,4.4,算法工程师,0.64
深圳,50人以下,0,4.4,算法工程师,0.64
北京,50人以下,0,4.4,计算机视觉,0.64
北京,50人以下,0,4.4,数据分析,0.64
上海,50人以下,0,4.4,数据分析,0.64
上海,50人以下,0,4.4,数据分析,0.64
北京,50人以下,0,4.4,数据工程师,0.64
上海,50人以下,0,4.4,数据工程师,0.64
北京,50人以下,0,4.4,产品经理,0.64
上海,50人以下,0,4.4,产品经理,0.64
上海,50人以下,0,4.4,产品经理,0.64
上海,50人以下,0,4.4,产品经理,0.64
上海,50人以下,0,4.4,产品经理,0.64
上海,50人以下,0,4.4,产品经理,0.64
上海,15-50人,0,4.4,产品经理,0.64
上海,15-50人,0,4.4,产品经理,0.64
上海,50人以下,0,4.4,产品经理,0.64
广州,50人以下,0,4.4,产品经理,0.64
南京,50人以下,0,4.4,产品经理,0.64
南京,50人以下,0,4.4,产品经理,0.64
苏州,50人以下,0,4.4,产品经理,0.64
北京,50人以下,0,4.4,产品运营,0.64
上海,50人以下,0,4.4,产品运营,0.64
广州,50人以下,0,4.4,产品运营,0.64
杭州,15-50人,0,4.4,产品运营,0.64
杭州,15-50人,0,4.4,产品运营,0.64
郑州,50-150人,0,4.4,产品运营,0.64
北京,50-150人,0,4.4,数据运营,0.64
上海,15-50人,0,4.4,数据运营,0.64
深圳,15人以下,0,4.4,iOS开发,0.64
上海,15-50人,0,4.4,游戏开发,0.64
广州,15-50人,0,4.4,游戏开发,0.64
杭州,50人以下,0,4.4,游戏开发,0.64
上海,15-50人,0,4.4,UI设计师,0.64
上海,50-150人,0,4.4,UI设计师,0.64
上海,15-50人,0,4.4,UI设计师,0.64
北京,50-150人,1,4.4,Java开发,0.54
深圳,15-50人,1,4.4,Java开发,0.54
成都,15-50人,1,4.4,Java开发,0.54
上海,50人以下,1,4.4,后端开发,0.54
苏州,50人以下,1,4.4,客户端开发,0.54
深圳,15-50人,1,4.4,算法工程师,0.54
郑州,15-50人,1,4.4,人工智能,0.54
北京,15-50人,1,4.4,数据分析,0.54
上海,15-50人,1,4.4,产品经理,0.54
广州,50人以下,1,4.4,产品运营,0.54
北京,50-150人,1,4.4,数据运营,0.54
北京,50-150人,1,4.4,数据运营,0.54
上海,50人以下,1,4.4,数据运营,0.54
上海,50-150人,1,4.4,游戏开发,0.54
上海,15-50人,1,4.4,游戏开发,0.54
北京,50-150人,1,4.4,UI设计师,0.54
北京,15-50人,2,4.4,Java开发,0.44
北京,50人以下,2,4.4,Java开发,0.44
北京,50人以下,2,4.4,Java开发,0.44
北京,15-50人,2,4.4,Java开发,0.44
上海,15-50人,2,4.4,Java开发,0.44
上海,150-500人,2,4.4,Java开发,0.44
上海,50人以下,2,4.4,Java开发,0.44
上海,50人以下,2,4.4,Java开发,0.44
上海,50人以下,2,4.4,Java开发,0.44
上海,15-50人,2,4.4,Java开发,0.44
上海,50人以下,2,4.4,Java开发,0.44
上海,50人以下,2,4.4,Java开发,0.44
上海,50人以下,2,4.4,Java开发,0.44
上海,50人以下,2,4.4,Java开发,0.44
上海,50人以下,2,4.4,Java开发,0.44
上海,50人以下,2,4.4,Java开发,0.44
上海,50人以下,2,4.4,Java开发,0.44
上海,50人以下,2,4.4,Java开发,0.44
上海,50人以下,2,4.4,Java开发,0.44
上海,150-500人,2,4.4,Java开发,0.44
广州,150-500人,2,4.4,Java开发,0.44
广州,150-500人,2,4.4,Java开发,0.44
广州,50人以下,2,4.4,Java开发,0.44
广州,150-500人,2,4.4,Java开发,0.44
广州,50人以下,2,4.4,Java开发,0.44
深圳,15-50人,2,4.4,Java开发,0.44
深圳,15-50人,2,4.4,Java开发,0.44
武汉,50人以下,2,4.4,Java开发,0.44
武汉,50人以下,2,4.4,Java开发,0.44
南京,15-50人,2,4.4,Java开发,0.44
南京,50人以下,2,4.4,Java开发,0.44
南京,50人以下,2,4.4,Java开发,0.44
苏州,150-500人,2,4.4,Java开发,0.44
厦门,50人以下,2,4.4,Java开发,0.44
厦门,50人以下,2,4.4,Java开发,0.44
上海,15-50人,2,4.4,前端开发,0.44
北京,50人以下,2,4.4,后端开发,0.44
北京,50人以下,2,4.4,后端开发,0.44
北京,50人以下,2,4.4,后端开发,0.44
北京,50人以下,2,4.4,后端开发,0.44
北京,50人以下,2,4.4,后端开发,0.44
上海,15人以下,2,4.4,后端开发,0.44
上海,50-150人,2,4.4,后端开发,0.44
上海,50-150人,2,4.4,后端开发,0.44
上海,50人以下,2,4.4,后端开发,0.44
上海,50人以下,2,4.4,后端开发,0.44
上海,50人以下,2,4.4,后端开发,0.44
上海,50人以下,2,4.4,后端开发,0.44
上海,50人以下,2,4.4,后端开发,0.44
上海,50-150人,2,4.4,后端开发,0.44
上海,50人以下,2,4.4,后端开发,0.44
上海,50人以下,2,4.4,后端开发,0.44
上海,50-150人,2,4.4,后端开发,0.44
上海,50人以下,2,4.4,后端开发,0.44
上海,150-500人,2,4.4,后端开发,0.44
上海,150-500人,2,4.4,后端开发,0.44
广州,150-500人,2,4.4,后端开发,0.44
深圳,50人以下,2,4.4,后端开发,0.44
深圳,50人以下,2,4.4,后端开发,0.44
深圳,50人以下,2,4.4,后端开发,0.44
杭州,150-500人,2,4.4,后端开发,0.44
杭州,15人以下,2,4.4,后端开发,0.44
杭州,150-500人,2,4.4,后端开发,0.44
杭州,150-500人,2,4.4,后端开发,0.44
杭州,150-500人,2,4.4,后端开发,0.44
杭州,50-150人,2,4.4,后端开发,0.44
杭州,150-500人,2,4.4,后端开发,0.44
南京,50人以下,2,4.4,后端开发,0.44
苏州,50人以下,2,4.4,后端开发,0.44
合肥,50-150人,2,4.4,后端开发,0.44
合肥,50人以下,2,4.4,后端开发,0.44
合肥,50人以下,2,4.4,后端开发,0.44
合肥,50人以下,2,4.4,后端开发,0.44
厦门,50人以下,2,4.4,后端开发,0.44
厦门,50人以下,2,4.4,后端开发,0.44
厦门,50人以下,2,4.4,后端开发,0.44
上海,50人以下,2,4.4,测试开发,0.44
上海,50人以下,2,4.4,测试开发,0.44
上海,50人以下,2,4.4,测试开发,0.44
上海,50人以下,2,4.4,测试开发,0.44
上海,50人以下,2,4.4,测试开发,0.44
上海,50人以下,2,4.4,测试开发,0.44
上海,50人以下,2,4.4,测试开发,0.44
上海,50人以下,2,4.4,测试开发,0.44
上海,50人以下,2,4.4,测试开发,0.44
上海,50人以下,2,4.4,测试开发,0.44
上海,50人以下,2,4.4,测试开发,0.44
上海,50人以下,2,4.4,测试开发,0.44
广州,50人以下,2,4.4,测试开发,0.44
广州,50人以下,2,4.4,测试开发,0.44
天津,150-500人,2,4.4,测试开发,0.44
上海,50人以下,2,4.4,客户端开发,0.44
上海,15人以下,2,4.4,客户端开发,0.44
深圳,50人以下,2,4.4,客户端开发,0.44
北京,50人以下,2,4.4,算法工程师,0.44
上海,50人以下,2,4.4,算法工程师,0.44
上海,50人以下,2,4.4,算法工程师,0.44
上海,50人以下,2,4.4,算法工程师,0.44
上海,50人以下,2,4.4,算法工程师,0.44
上海,50人以下,2,4.4,算法工程师,0.44
上海,50人以下,2,4.4,算法工程师,0.44
上海,50人以下,2,4.4,算法工程师,0.44
上海,15人以下,2,4.4,算法工程师,0.44
广州,50人以下,2,4.4,算法工程师,0.44
深圳,15-50人,2,4.4,算法工程师,0.44
武汉,150-500人,2,4.4,算法工程师,0.44
厦门,50人以下,2,4.4,算法工程师,0.44
厦门,50人以下,2,4.4,算法工程师,0.44
厦门,50人以下,2,4.4,算法工程师,0.44
厦门,50人以下,2,4.4,算法工程师,0.44
上海,15-50人,2,4.4,人工智能,0.44
上海,50人以下,2,4.4,人工智能,0.44
上海,50人以下,2,4.4,人工智能,0.44
上海,50人以下,2,4.4,人工智能,0.44
北京,50人以下,2,4.4,计算机视觉,0.44
北京,50人以下,2,4.4,计算机视觉,0.44
上海,50人以下,2,4.4,计算机视觉,0.44
上海,50人以下,2,4.4,计算机视觉,0.44
上海,50人以下,2,4.4,计算机视觉,0.44
上海,50人以下,2,4.4,计算机视觉,0.44
上海,50人以下,2,4.4,计算机视觉,0.44
上海,50人以下,2,4.4,计算机视觉,0.44
深圳,50人以下,2,4.4,计算机视觉,0.44
深圳,150-500人,2,4.4,计算机视觉,0.44
北京,50人以下,2,4.4,数据分析,0.44
北京,50人以下,2,4.4,数据分析,0.44
北京,15-50人,2,4.4,数据分析,0.44
北京,50人以下,2,4.4,数据分析,0.44
北京,50人以下,2,4.4,数据分析,0.44
上海,50人以下,2,4.4,数据分析,0.44
上海,50人以下,2,4.4,数据分析,0.44
上海,50人以下,2,4.4,数据分析,0.44
上海,50人以下,2,4.4,数据分析,0.44
上海,50人以下,2,4.4,数据分析,0.44
上海,50人以下,2,4.4,数据分析,0.44
上海,50人以下,2,4.4,数据分析,0.44
上海,50人以下,2,4.4,数据分析,0.44
上海,50人以下,2,4.4,数据分析,0.44
上海,50人以下,2,4.4,数据分析,0.44
上海,50-150人,2,4.4,数据分析,0.44
上海,50人以下,2,4.4,数据分析,0.44
上海,50人以下,2,4.4,数据分析,0.44
上海,50人以下,2,4.4,数据分析,0.44
上海,50人以下,2,4.4,数据分析,0.44
上海,50人以下,2,4.4,数据分析,0.44
上海,50人以下,2,4.4,数据分析,0.44
上海,50人以下,2,4.4,数据分析,0.44
深圳,50人以下,2,4.4,数据分析,0.44
深圳,50人以下,2,4.4,数据分析,0.44
深圳,50人以下,2,4.4,数据分析,0.44
深圳,50人以下,2,4.4,数据分析,0.44
深圳,50人以下,2,4.4,数据分析,0.44
苏州,150-500人,2,4.4,数据分析,0.44
北京,50人以下,2,4.4,数据工程师,0.44
北京,50人以下,2,4.4,数据工程师,0.44
北京,50人以下,2,4.4,数据工程师,0.44
北京,150-500人,2,4.4,数据工程师,0.44
北京,50-150人,2,4.4,数据工程师,0.44
北京,50-150人,2,4.4,数据工程师,0.44
上海,50人以下,2,4.4,数据工程师,0.44
上海,50人以下,2,4.4,数据工程师,0.44
上海,50人以下,2,4.4,数据工程师,0.44
上海,50人以下,2,4.4,数据工程师,0.44
上海,50人以下,2,4.4,数据工程师,0.44
上海,50人以下,2,4.4,数据工程师,0.44
上海,50人以下,2,4.4,数据工程师,0.44
上海,50人以下,2,4.4,数据工程师,0.44
上海,50人以下,2,4.4,数据工程师,0.44
上海,50人以下,2,4.4,数据工程师,0.44
上海,50人以下,2,4.4,数据工程师,0.44
上海,50人以下,2,4.4,数据工程师,0.44
上海,50人以下,2,4.4,数据工程师,0.44
上海,50人以下,2,4.4,数据工程师,0.44
广州,50人以下,2,4.4,数据工程师,0.44
深圳,50人以下,2,4.4,数据工程师,0.44
深圳,50人以下,2,4.4,数据工程师,0.44
深圳,50人以下,2,4.4,数据工程师,0.44
深圳,50人以下,2,4.4,数据工程师,0.44
北京,50人以下,2,4.4,产品经理,0.44
北京,50人以下,2,4.4,产品经理,0.44
北京,50人以下,2,4.4,产品经理,0.44
北京,50-150人,2,4.4,产品经理,0.44
北京,50人以下,2,4.4,产品经理,0.44
北京,50人以下,2,4.4,产品经理,0.44
北京,50人以下,2,4.4,产品经理,0.44
北京,50人以下,2,4.4,产品经理,0.44
北京,50人以下,2,4.4,产品经理,0.44
北京,50人以下,2,4.4,产品经理,0.44
北京,50人以下,2,4.4,产品经理,0.44
北京,50人以下,2,4.4,产品经理,0.44
北京,50人以下,2,4.4,产品经理,0.44
北京,150-500人,2,4.4,产品经理,0.44
北京,50人以下,2,4.4,产品经理,0.44
北京,50人以下,2,4.4,产品经理,0.44
北京,50人以下,2,4.4,产品经理,0.44
北京,50人以下,2,4.4,产品经理,0.44
上海,50人以下,2,4.4,产品经理,0.44
上海,50人以下,2,4.4,产品经理,0.44
上海,50人以下,2,4.4,产品经理,0.44
上海,50人以下,2,4.4,产品经理,0.44
上海,50人以下,2,4.4,产品经理,0.44
上海,50人以下,2,4.4,产品经理,0.44
上海,50人以下,2,4.4,产品经理,0.44
上海,50人以下,2,4.4,产品经理,0.44
上海,50人以下,2,4.4,产品经理,0.44
上海,50人以下,2,4.4,产品经理,0.44
上海,50人以下,2,4.4,产品经理,0.44
上海,50人以下,2,4.4,产品经理,0.44
上海,50人以下,2,4.4,产品经理,0.44
上海,50人以下,2,4.4,产品经理,0.44
上海,50人以下,2,4.4,产品经理,0.44
上海,50人以下,2,4.4,产品经理,0.44
上海,50人以下,2,4.4,产品经理,0.44
上海,50人以下,2,4.4,产品经理,0.44
上海,15-50人,2,4.4,产品经理,0.44
上海,50人以下,2,4.4,产品经理,0.44
上海,50人以下,2,4.4,产品经理,0.44
上海,50人以下,2,4.4,产品经理,0.44
上海,150-500人,2,4.4,产品经理,0.44
上海,50人以下,2,4.4,产品经理,0.44
上海,50人以下,2,4.4,产品经理,0.44
上海,50人以下,2,4.4,产品经理,0.44
上海,50人以下,2,4.4,产品经理,0.44
上海,50人以下,2,4.4,产品经理,0.44
上海,50人以下,2,4.4,产品经理,0.44
上海,50人以下,2,4.4,产品经理,0.44
上海,50人以下,2,4.4,产品经理,0.44
上海,50人以下,2,4.4,产品经理,0.44
上海,50人以下,2,4.4,产品经理,0.44
上海,50人以下,2,4.4,产品经理,0.44
上海,50人以下,2,4.4,产品经理,0.44
上海,15人以下,2,4.4,产品经理,0.44
上海,50人以下,2,4.4,产品经理,0.44
上海,50人以下,2,4.4,产品经理,0.44
上海,50人以下,2,4.4,产品经理,0.44
上海,50人以下,2,4.4,产品经理,0.44
上海,50-150人,2,4.4,产品经理,0.44
上海,50人以下,2,4.4,产品经理,0.44
上海,50人以下,2,4.4,产品经理,0.44
上海,50人以下,2,4.4,产品经理,0.44
上海,15-50人,2,4.4,产品经理,0.44
上海,50人以下,2,4.4,产品经理,0.44
上海,50人以下,2,4.4,产品经理,0.44
上海,50人以下,2,4.4,产品经理,0.44
上海,50人以下,2,4.4,产品经理,0.44
上海,50人以下,2,4.4,产品经理,0.44
上海,50人以下,2,4.4,产品经理,0.44
上海,50人以下,2,4.4,产品经理,0.44
上海,50人以下,2,4.4,产品经理,0.44
上海,50人以下,2,4.4,产品经理,0.44
上海,50人以下,2,4.4,产品经理,0.44
上海,50人以下,2,4.4,产品经理,0.44
上海,50人以下,2,4.4,产品经理,0.44
上海,50人以下,2,4.4,产品经理,0.44
上海,50人以下,2,4.4,产品经理,0.44
上海,50人以下,2,4.4,产品经理,0.44
上海,50人以下,2,4.4,产品经理,0.44
上海,50人以下,2,4.4,产品经理,0.44
上海,15-50人,2,4.4,产品经理,0.44
上海,50人以下,2,4.4,产品经理,0.44
上海,50人以下,2,4.4,产品经理,0.44
上海,50人以下,2,4.4,产品经理,0.44
上海,50人以下,2,4.4,产品经理,0.44
上海,50人以下,2,4.4,产品经理,0.44
上海,50人以下,2,4.4,产品经理,0.44
广州,50人以下,2,4.4,产品经理,0.44
广州,50人以下,2,4.4,产品经理,0.44
广州,150-500人,2,4.4,产品经理,0.44
广州,50人以下,2,4.4,产品经理,0.44
广州,50人以下,2,4.4,产品经理,0.44
广州,50人以下,2,4.4,产品经理,0.44
广州,50人以下,2,4.4,产品经理,0.44
深圳,50人以下,2,4.4,产品经理,0.44
深圳,15人以下,2,4.4,产品经理,0.44
深圳,50人以下,2,4.4,产品经理,0.44
深圳,50人以下,2,4.4,产品经理,0.44
深圳,50人以下,2,4.4,产品经理,0.44
深圳,50人以下,2,4.4,产品经理,0.44
深圳,50人以下,2,4.4,产品经理,0.44
深圳,15人以下,2,4.4,产品经理,0.44
深圳,50人以下,2,4.4,产品经理,0.44
深圳,150-500人,2,4.4,产品经理,0.44
深圳,50人以下,2,4.4,产品经理,0.44
深圳,50人以下,2,4.4,产品经理,0.44
杭州,15人以下,2,4.4,产品经理,0.44
成都,50人以下,2,4.4,产品经理,0.44
成都,50人以下,2,4.4,产品经理,0.44
成都,50人以下,2,4.4,产品经理,0.44
成都,50人以下,2,4.4,产品经理,0.44
武汉,15人以下,2,4.4,产品经理,0.44
武汉,50人以下,2,4.4,产品经理,0.44
武汉,50人以下,2,4.4,产品经理,0.44
武汉,50人以下,2,4.4,产品经理,0.44
武汉,50人以下,2,4.4,产品经理,0.44
武汉,50人以下,2,4.4,产品经理,0.44
武汉,50人以下,2,4.4,产品经理,0.44
武汉,50人以下,2,4.4,产品经理,0.44
武汉,50人以下,2,4.4,产品经理,0.44
武汉,50人以下,2,4.4,产品经理,0.44
武汉,50人以下,2,4.4,产品经理,0.44
武汉,50人以下,2,4.4,产品经理,0.44
武汉,50人以下,2,4.4,产品经理,0.44
武汉,50人以下,2,4.4,产品经理,0.44
长沙,50人以下,2,4.4,产品经理,0.44
厦门,50人以下,2,4.4,产品经理,0.44
厦门,50人以下,2,4.4,产品经理,0.44
厦门,50人以下,2,4.4,产品经理,0.44
北京,50人以下,2,4.4,产品运营,0.44
北京,50人以下,2,4.4,产品运营,0.44
北京,50人以下,2,4.4,产品运营,0.44
北京,15-50人,2,4.4,产品运营,0.44
北京,50-150人,2,4.4,产品运营,0.44
北京,50人以下,2,4.4,产品运营,0.44
北京,50人以下,2,4.4,产品运营,0.44
北京,50人以下,2,4.4,产品运营,0.44
北京,50人以下,2,4.4,产品运营,0.44
北京,50人以下,2,4.4,产品运营,0.44
北京,50人以下,2,4.4,产品运营,0.44
上海,50人以下,2,4.4,产品运营,0.44
上海,50人以下,2,4.4,产品运营,0.44
上海,50人以下,2,4.4,产品运营,0.44
上海,50人以下,2,4.4,产品运营,0.44
上海,50人以下,2,4.4,产品运营,0.44
上海,50人以下,2,4.4,产品运营,0.44
上海,50人以下,2,4.4,产品运营,0.44
上海,50人以下,2,4.4,产品运营,0.44
上海,50人以下,2,4.4,产品运营,0.44
上海,50人以下,2,4.4,产品运营,0.44
上海,50人以下,2,4.4,产品运营,0.44
上海,50人以下,2,4.4,产品运营,0.44
上海,50人以下,2,4.4,产品运营,0.44
上海,50人以下,2,4.4,产品运营,0.44
上海,15-50人,2,4.4,产品运营,0.44
上海,50人以下,2,4.4,产品运营,0.44
上海,50人以下,2,4.4,产品运营,0.44
上海,50人以下,2,4.4,产品运营,0.44
上海,50人以下,2,4.4,产品运营,0.44
上海,50-150人,2,4.4,产品运营,0.44
上海,50人以下,2,4.4,产品运营,0.44
上海,15-50人,2,4.4,产品运营,0.44
上海,50人以下,2,4.4,产品运营,0.44
上海,50人以下,2,4.4,产品运营,0.44
广州,50人以下,2,4.4,产品运营,0.44
广州,50人以下,2,4.4,产品运营,0.44
广州,50人以下,2,4.4,产品运营,0.44
深圳,15-50人,2,4.4,产品运营,0.44
深圳,50人以下,2,4.4,产品运营,0.44
深圳,50人以下,2,4.4,产品运营,0.44
深圳,50人以下,2,4.4,产品运营,0.44
深圳,15-50人,2,4.4,产品运营,0.44
深圳,15-50人,2,4.4,产品运营,0.44
深圳,50人以下,2,4.4,产品运营,0.44
成都,50人以下,2,4.4,产品运营,0.44
武汉,50人以下,2,4.4,产品运营,0.44
武汉,50人以下,2,4.4,产品运营,0.44
武汉,50人以下,2,4.4,产品运营,0.44
南京,50人以下,2,4.4,产品运营,0.44
长沙,50-150人,2,4.4,产品运营,0.44
厦门,50人以下,2,4.4,产品运营,0.44
北京,50人以下,2,4.4,数据运营,0.44
北京,15-50人,2,4.4,数据运营,0.44
北京,15-50人,2,4.4,数据运营,0.44
北京,50人以下,2,4.4,数据运营,0.44
北京,50人以下,2,4.4,数据运营,0.44
上海,50人以下,2,4.4,数据运营,0.44
上海,50人以下,2,4.4,数据运营,0.44
上海,50人以下,2,4.4,数据运营,0.44
上海,150-500人,2,4.4,数据运营,0.44
上海,50人以下,2,4.4,数据运营,0.44
北京,50人以下,2,4.4,游戏开发,0.44
上海,15-50人,2,4.4,游戏开发,0.44
上海,50人以下,2,4.4,游戏开发,0.44
上海,50人以下,2,4.4,游戏开发,0.44
上海,15人以下,2,4.4,游戏开发,0.44
广州,15-50人,2,4.4,游戏开发,0.44
杭州,50人以下,2,4.4,游戏开发,0.44
杭州,50人以下,2,4.4,游戏开发,0.44
北京,50人以下,2,4.4,UI设计师,0.44
北京,50人以下,2,4.4,UI设计师,0.44
北京,50人以下,2,4.4,UI设计师,0.44
北京,50人以下,2,4.4,UI设计师,0.44
北京,150-500人,2,4.4,UI设计师,0.44
北京,50人以下,2,4.4,UI设计师,0.44
北京,50-150人,2,4.4,UI设计师,0.44
上海,15-50人,2,4.4,UI设计师,0.44
上海,15-50人,2,4.4,UI设计师,0.44
上海,150-500人,2,4.4,UI设计师,0.44
上海,50人以下,2,4.4,UI设计师,0.44
上海,50-150人,2,4.4,UI设计师,0.44
上海,50-150人,2,4.4,UI设计师,0.44
上海,50人以下,2,4.4,UI设计师,0.44
上海,50人以下,2,4.4,UI设计师,0.44
上海,50人以下,2,4.4,UI设计师,0.44
上海,15人以下,2,4.4,UI设计师,0.44
上海,15-50人,2,4.4,UI设计师,0.44
上海,50人以下,2,4.4,UI设计师,0.44
上海,50人以下,2,4.4,UI设计师,0.44
上海,50人以下,2,4.4,UI设计师,0.44
上海,50人以下,2,4.4,UI设计师,0.44
上海,50人以下,2,4.4,UI设计师,0.44
杭州,50人以下,2,4.4,UI设计师,0.44
杭州,50人以下,2,4.4,UI设计师,0.44
杭州,150-500人,2,4.4,UI设计师,0.44
苏州,50人以下,2,4.4,UI设计师,0.44
佛山,50人以下,2,4.4,UI设计师,0.44
上海,50人以下,3,4.4,Java开发,0.34
上海,50人以下,3,4.4,Java开发,0.34
上海,50人以下,3,4.4,Java开发,0.34
上海,50人以下,3,4.4,Java开发,0.34
上海,50人以下,3,4.4,Java开发,0.34
南京,50人以下,3,4.4,Java开发,0.34
苏州,150-500人,3,4.4,Java开发,0.34
苏州,150-500人,3,4.4,Java开发,0.34
北京,50人以下,3,4.4,后端开发,0.34
上海,50人以下,3,4.4,后端开发,0.34
上海,50人以下,3,4.4,后端开发,0.34
上海,50人以下,3,4.4,后端开发,0.34
上海,50人以下,3,4.4,后端开发,0.34
上海,50人以下,3,4.4,后端开发,0.34
上海,50人以下,3,4.4,后端开发,0.34
上海,50人以下,3,4.4,后端开发,0.34
上海,50人以下,3,4.4,后端开发,0.34
上海,50人以下,3,4.4,后端开发,0.34
广州,150-500人,3,4.4,后端开发,0.34
深圳,15-50人,3,4.4,后端开发,0.34
深圳,50人以下,3,4.4,后端开发,0.34
杭州,150-500人,3,4.4,后端开发,0.34
武汉,150-500人,3,4.4,后端开发,0.34
南京,50人以下,3,4.4,后端开发,0.34
合肥,50人以下,3,4.4,后端开发,0.34
上海,50人以下,3,4.4,测试开发,0.34
广州,50人以下,3,4.4,测试开发,0.34
广州,50人以下,3,4.4,测试开发,0.34
广州,50人以下,3,4.4,测试开发,0.34
北京,50人以下,3,4.4,客户端开发,0.34
北京,150-500人,3,4.4,算法工程师,0.34
北京,150-500人,3,4.4,算法工程师,0.34
北京,150-500人,3,4.4,算法工程师,0.34
上海,50人以下,3,4.4,算法工程师,0.34
上海,50人以下,3,4.4,算法工程师,0.34
上海,50人以下,3,4.4,算法工程师,0.34
上海,15人以下,3,4.4,算法工程师,0.34
上海,50人以下,3,4.4,算法工程师,0.34
深圳,50人以下,3,4.4,算法工程师,0.34
深圳,15-50人,3,4.4,算法工程师,0.34
深圳,15-50人,3,4.4,人工智能,0.34
上海,50人以下,3,4.4,数据分析,0.34
上海,50-150人,3,4.4,数据分析,0.34
深圳,150-500人,3,4.4,数据分析,0.34
上海,50-150人,3,4.4,数据工程师,0.34
北京,50人以下,3,4.4,产品经理,0.34
北京,50人以下,3,4.4,产品经理,0.34
北京,50-150人,3,4.4,产品经理,0.34
上海,50人以下,3,4.4,产品经理,0.34
南京,50-150人,3,4.4,产品经理,0.34
上海,50人以下,3,4.4,产品运营,0.34
北京,150-500人,3,4.4,UI设计师,0.34
上海,50人以下,2,4.3,Java开发,0.4345
上海,50-150人,2,4.3,Java开发,0.4345
北京,50人以下,2,4.3,产品经理,0.4345
上海,50-150人,3,4.3,Java开发,0.3345
苏州,50-150人,3,4.3,后端开发,0.3345
上海,50-150人,3,4.3,算法工程师,0.3345
成都,15-50人,0,4.2,Java开发,0.6291
武汉,50人以下,0,4.2,Java开发,0.6291
北京,15-50人,0,4.2,后端开发,0.6291
上海,50人以下,0,4.2,后端开发,0.6291
成都,50人以下,0,4.2,后端开发,0.6291
上海,50人以下,0,4.2,客户端开发,0.6291
北京,50人以下,0,4.2,数据工程师,0.6291
上海,50人以下,0,4.2,数据工程师,0.6291
北京,50人以下,0,4.2,产品经理,0.6291
北京,50人以下,0,4.2,产品经理,0.6291
北京,50人以下,0,4.2,产品经理,0.6291
上海,15-50人,0,4.2,产品经理,0.6291
上海,15-50人,0,4.2,产品经理,0.6291
上海,50人以下,0,4.2,产品经理,0.6291
广州,50人以下,0,4.2,产品经理,0.6291
深圳,50人以下,0,4.2,产品经理,0.6291
武汉,50人以下,0,4.2,产品经理,0.6291
无锡,50人以下,0,4.2,产品经理,0.6291
北京,50人以下,0,4.2,产品运营,0.6291
北京,50人以下,0,4.2,产品运营,0.6291
上海,50人以下,0,4.2,产品运营,0.6291
上海,50人以下,0,4.2,产品运营,0.6291
深圳,150-500人,0,4.2,产品运营,0.6291
西安,50-150人,0,4.2,产品运营,0.6291
北京,50人以下,0,4.2,数据运营,0.6291
上海,150-500人,0,4.2,游戏开发,0.6291
上海,50人以下,0,4.2,游戏开发,0.6291
武汉,50人以下,0,4.2,游戏开发,0.6291
南京,50-150人,0,4.2,游戏开发,0.6291
广州,50人以下,0,4.2,UI设计师,0.6291
郑州,150-500人,1,4.2,Java开发,0.5291
郑州,150-500人,1,4.2,后端开发,0.5291
上海,50人以下,1,4.2,测试开发,0.5291
上海,50人以下,1,4.2,测试开发,0.5291
南京,50人以下,1,4.2,测试开发,0.5291
南京,50人以下,1,4.2,测试开发,0.5291
上海,15-50人,1,4.2,算法工程师,0.5291
上海,50人以下,1,4.2,算法工程师,0.5291
杭州,50人以下,1,4.2,人工智能,0.5291
上海,50人以下,1,4.2,产品经理,0.5291
广州,50人以下,1,4.2,产品运营,0.5291
苏州,50人以下,1,4.2,产品运营,0.5291
上海,150-500人,1,4.2,游戏开发,0.5291
上海,150-500人,1,4.2,游戏开发,0.5291
上海,150-500人,1,4.2,UI设计师,0.5291
上海,150-500人,1,4.2,UI设计师,0.5291
上海,50人以下,1,4.2,UI设计师,0.5291
上海,50-150人,2,4.2,Java开发,0.4291
上海,15-50人,2,4.2,Java开发,0.4291
上海,50-150人,2,4.2,Java开发,0.4291
上海,50人以下,2,4.2,Java开发,0.4291
广州,50人以下,2,4.2,Java开发,0.4291
广州,50人以下,2,4.2,Java开发,0.4291
广州,50人以下,2,4.2,Java开发,0.4291
深圳,15-50人,2,4.2,Java开发,0.4291
杭州,15-50人,2,4.2,Java开发,0.4291
成都,50人以下,2,4.2,Java开发,0.4291
成都,50人以下,2,4.2,Java开发,0.4291
武汉,50人以下,2,4.2,Java开发,0.4291
南京,50人以下,2,4.2,Java开发,0.4291
苏州,50人以下,2,4.2,Java开发,0.4291
苏州,50人以下,2,4.2,Java开发,0.4291
苏州,50人以下,2,4.2,Java开发,0.4291
苏州,50人以下,2,4.2,Java开发,0.4291
苏州,50人以下,2,4.2,Java开发,0.4291
苏州,50人以下,2,4.2,Java开发,0.4291
苏州,50人以下,2,4.2,Java开发,0.4291
苏州,50人以下,2,4.2,Java开发,0.4291
苏州,50人以下,2,4.2,Java开发,0.4291
苏州,50人以下,2,4.2,Java开发,0.4291
苏州,50人以下,2,4.2,Java开发,0.4291
无锡,50人以下,2,4.2,Java开发,0.4291
北京,150-500人,2,4.2,后端开发,0.4291
上海,15-50人,2,4.2,后端开发,0.4291
上海,50人以下,2,4.2,后端开发,0.4291
上海,50-150人,2,4.2,后端开发,0.4291
上海,150-500人,2,4.2,后端开发,0.4291
广州,50人以下,2,4.2,后端开发,0.4291
深圳,150-500人,2,4.2,后端开发,0.4291
深圳,50人以下,2,4.2,后端开发,0.4291
深圳,150-500人,2,4.2,后端开发,0.4291
成都,50人以下,2,4.2,后端开发,0.4291
苏州,50人以下,2,4.2,后端开发,0.4291
苏州,50人以下,2,4.2,后端开发,0.4291
苏州,50人以下,2,4.2,后端开发,0.4291
苏州,50人以下,2,4.2,后端开发,0.4291
苏州,50人以下,2,4.2,后端开发,0.4291
苏州,50人以下,2,4.2,后端开发,0.4291
苏州,50人以下,2,4.2,后端开发,0.4291
苏州,50人以下,2,4.2,后端开发,0.4291
苏州,50人以下,2,4.2,后端开发,0.4291
苏州,50人以下,2,4.2,后端开发,0.4291
苏州,50人以下,2,4.2,Python开发,0.4291
上海,150-500人,2,4.2,测试开发,0.4291
成都,50人以下,2,4.2,测试开发,0.4291
武汉,50人以下,2,4.2,测试开发,0.4291
南京,50人以下,2,4.2,测试开发,0.4291
苏州,50人以下,2,4.2,测试开发,0.4291
苏州,50人以下,2,4.2,测试开发,0.4291
苏州,50人以下,2,4.2,测试开发,0.4291
苏州,50人以下,2,4.2,测试开发,0.4291
苏州,50人以下,2,4.2,测试开发,0.4291
苏州,50人以下,2,4.2,测试开发,0.4291
苏州,50人以下,2,4.2,测试开发,0.4291
厦门,150-500人,2,4.2,测试开发,0.4291
无锡,50-150人,2,4.2,测试开发,0.4291
北京,50人以下,2,4.2,客户端开发,0.4291
北京,50人以下,2,4.2,客户端开发,0.4291
北京,50人以下,2,4.2,客户端开发,0.4291
北京,50人以下,2,4.2,客户端开发,0.4291
北京,50人以下,2,4.2,客户端开发,0.4291
上海,50人以下,2,4.2,客户端开发,0.4291
上海,50人以下,2,4.2,客户端开发,0.4291
深圳,150-500人,2,4.2,客户端开发,0.4291
上海,50人以下,2,4.2,算法工程师,0.4291
成都,50人以下,2,4.2,算法工程师,0.4291
成都,50人以下,2,4.2,算法工程师,0.4291
成都,50人以下,2,4.2,算法工程师,0.4291
成都,50人以下,2,4.2,算法工程师,0.4291
苏州,50人以下,2,4.2,算法工程师,0.4291
苏州,50人以下,2,4.2,算法工程师,0.4291
苏州,50人以下,2,4.2,算法工程师,0.4291
上海,50人以下,2,4.2,人工智能,0.4291
北京,50人以下,2,4.2,推荐算法,0.4291
上海,50人以下,2,4.2,计算机视觉,0.4291
武汉,50人以下,2,4.2,计算机视觉,0.4291
北京,50人以下,2,4.2,大模型算法,0.4291
成都,50人以下,2,4.2,大模型算法,0.4291
北京,15-50人,2,4.2,数据分析,0.4291
北京,50人以下,2,4.2,数据分析,0.4291
北京,50人以下,2,4.2,数据分析,0.4291
北京,50人以下,2,4.2,数据分析,0.4291
北京,50人以下,2,4.2,数据分析,0.4291
北京,50人以下,2,4.2,数据分析,0.4291
上海,150-500人,2,4.2,数据分析,0.4291
上海,50人以下,2,4.2,数据分析,0.4291
上海,15-50人,2,4.2,数据分析,0.4291
上海,50人以下,2,4.2,数据分析,0.4291
上海,50人以下,2,4.2,数据分析,0.4291
南京,50人以下,2,4.2,数据分析,0.4291
南京,50人以下,2,4.2,数据分析,0.4291
苏州,50人以下,2,4.2,数据分析,0.4291
苏州,50人以下,2,4.2,数据分析,0.4291
苏州,50人以下,2,4.2,数据分析,0.4291
北京,50人以下,2,4.2,数据工程师,0.4291
北京,50人以下,2,4.2,数据工程师,0.4291
北京,50人以下,2,4.2,数据工程师,0.4291
北京,50人以下,2,4.2,数据工程师,0.4291
北京,50人以下,2,4.2,数据工程师,0.4291
北京,50人以下,2,4.2,数据工程师,0.4291
上海,50人以下,2,4.2,数据工程师,0.4291
上海,50人以下,2,4.2,数据工程师,0.4291
上海,150-500人,2,4.2,数据工程师,0.4291
杭州,50人以下,2,4.2,数据工程师,0.4291
苏州,50人以下,2,4.2,数据工程师,0.4291
北京,50人以下,2,4.2,产品经理,0.4291
北京,150-500人,2,4.2,产品经理,0.4291
北京,150-500人,2,4.2,产品经理,0.4291
北京,50人以下,2,4.2,产品经理,0.4291
北京,50人以下,2,4.2,产品经理,0.4291
北京,50人以下,2,4.2,产品经理,0.4291
北京,50人以下,2,4.2,产品经理,0.4291
北京,50人以下,2,4.2,产品经理,0.4291
北京,50人以下,2,4.2,产品经理,0.4291
北京,50人以下,2,4.2,产品经理,0.4291
北京,50人以下,2,4.2,产品经理,0.4291
北京,50人以下,2,4.2,产品经理,0.4291
北京,50人以下,2,4.2,产品经理,0.4291
北京,50人以下,2,4.2,产品经理,0.4291
北京,50人以下,2,4.2,产品经理,0.4291
北京,50人以下,2,4.2,产品经理,0.4291
北京,50人以下,2,4.2,产品经理,0.4291
北京,50人以下,2,4.2,产品经理,0.4291
北京,50人以下,2,4.2,产品经理,0.4291
北京,50人以下,2,4.2,产品经理,0.4291
北京,50人以下,2,4.2,产品经理,0.4291
北京,50人以下,2,4.2,产品经理,0.4291
北京,50人以下,2,4.2,产品经理,0.4291
北京,50人以下,2,4.2,产品经理,0.4291
上海,50人以下,2,4.2,产品经理,0.4291
上海,50人以下,2,4.2,产品经理,0.4291
上海,50人以下,2,4.2,产品经理,0.4291
上海,50人以下,2,4.2,产品经理,0.4291
上海,150-500人,2,4.2,产品经理,0.4291
上海,50人以下,2,4.2,产品经理,0.4291
上海,50人以下,2,4.2,产品经理,0.4291
上海,50人以下,2,4.2,产品经理,0.4291
上海,50人以下,2,4.2,产品经理,0.4291
上海,50人以下,2,4.2,产品经理,0.4291
上海,50人以下,2,4.2,产品经理,0.4291
上海,50人以下,2,4.2,产品经理,0.4291
深圳,50-150人,2,4.2,产品经理,0.4291
深圳,50人以下,2,4.2,产品经理,0.4291
深圳,50-150人,2,4.2,产品经理,0.4291
杭州,50人以下,2,4.2,产品经理,0.4291
杭州,150-500人,2,4.2,产品经理,0.4291
杭州,50人以下,2,4.2,产品经理,0.4291
杭州,50人以下,2,4.2,产品经理,0.4291
杭州,50人以下,2,4.2,产品经理,0.4291
杭州,50人以下,2,4.2,产品经理,0.4291
杭州,50人以下,2,4.2,产品经理,0.4291
杭州,50人以下,2,4.2,产品经理,0.4291
武汉,50人以下,2,4.2,产品经理,0.4291
武汉,50人以下,2,4.2,产品经理,0.4291
南京,50人以下,2,4.2,产品经理,0.4291
苏州,50人以下,2,4.2,产品经理,0.4291
苏州,50人以下,2,4.2,产品经理,0.4291
苏州,50人以下,2,4.2,产品经理,0.4291
苏州,50人以下,2,4.2,产品经理,0.4291
苏州,50人以下,2,4.2,产品经理,0.4291
苏州,50人以下,2,4.2,产品经理,0.4291
苏州,50人以下,2,4.2,产品经理,0.4291
苏州,50人以下,2,4.2,产品经理,0.4291
苏州,50人以下,2,4.2,产品经理,0.4291
苏州,50人以下,2,4.2,产品经理,0.4291
苏州,50人以下,2,4.2,产品经理,0.4291
苏州,50人以下,2,4.2,产品经理,0.4291
苏州,50人以下,2,4.2,产品经理,0.4291
厦门,50人以下,2,4.2,产品经理,0.4291
无锡,50人以下,2,4.2,产品经理,0.4291
北京,50人以下,2,4.2,产品运营,0.4291
北京,50人以下,2,4.2,产品运营,0.4291
北京,50人以下,2,4.2,产品运营,0.4291
北京,50人以下,2,4.2,产品运营,0.4291
北京,50人以下,2,4.2,产品运营,0.4291
北京,50人以下,2,4.2,产品运营,0.4291
北京,50人以下,2,4.2,产品运营,0.4291
北京,50人以下,2,4.2,产品运营,0.4291
北京,50人以下,2,4.2,产品运营,0.4291
北京,50人以下,2,4.2,产品运营,0.4291
北京,50人以下,2,4.2,产品运营,0.4291
北京,50人以下,2,4.2,产品运营,0.4291
北京,50人以下,2,4.2,产品运营,0.4291
北京,50人以下,2,4.2,产品运营,0.4291
北京,50人以下,2,4.2,产品运营,0.4291
北京,50人以下,2,4.2,产品运营,0.4291
北京,50人以下,2,4.2,产品运营,0.4291
北京,50人以下,2,4.2,产品运营,0.4291
北京,50人以下,2,4.2,产品运营,0.4291
北京,50人以下,2,4.2,产品运营,0.4291
北京,50人以下,2,4.2,产品运营,0.4291
北京,50人以下,2,4.2,产品运营,0.4291
北京,50人以下,2,4.2,产品运营,0.4291
北京,50人以下,2,4.2,产品运营,0.4291
北京,50人以下,2,4.2,产品运营,0.4291
北京,50人以下,2,4.2,产品运营,0.4291
北京,50人以下,2,4.2,产品运营,0.4291
上海,50人以下,2,4.2,产品运营,0.4291
上海,50人以下,2,4.2,产品运营,0.4291
上海,50人以下,2,4.2,产品运营,0.4291
上海,15-50人,2,4.2,产品运营,0.4291
上海,150-500人,2,4.2,产品运营,0.4291
广州,50人以下,2,4.2,产品运营,0.4291
深圳,50人以下,2,4.2,产品运营,0.4291
深圳,50人以下,2,4.2,产品运营,0.4291
深圳,150-500人,2,4.2,产品运营,0.4291
深圳,150-500人,2,4.2,产品运营,0.4291
深圳,150-500人,2,4.2,产品运营,0.4291
深圳,50人以下,2,4.2,产品运营,0.4291
深圳,150-500人,2,4.2,产品运营,0.4291
杭州,50人以下,2,4.2,产品运营,0.4291
武汉,50人以下,2,4.2,产品运营,0.4291
武汉,50人以下,2,4.2,产品运营,0.4291
武汉,15-50人,2,4.2,产品运营,0.4291
南京,50人以下,2,4.2,产品运营,0.4291
南京,150-500人,2,4.2,产品运营,0.4291
苏州,50人以下,2,4.2,产品运营,0.4291
苏州,50人以下,2,4.2,产品运营,0.4291
苏州,50人以下,2,4.2,产品运营,0.4291
北京,50人以下,2,4.2,数据运营,0.4291
上海,150-500人,2,4.2,游戏开发,0.4291
上海,150-500人,2,4.2,游戏开发,0.4291
上海,150-500人,2,4.2,游戏开发,0.4291
上海,50人以下,2,4.2,游戏开发,0.4291
上海,150-500人,2,4.2,游戏开发,0.4291
上海,50人以下,2,4.2,游戏开发,0.4291
上海,50人以下,2,4.2,游戏开发,0.4291
上海,50人以下,2,4.2,游戏开发,0.4291
杭州,50人以下,2,4.2,游戏开发,0.4291
武汉,50人以下,2,4.2,游戏开发,0.4291
武汉,50人以下,2,4.2,游戏开发,0.4291
武汉,50人以下,2,4.2,游戏开发,0.4291
武汉,50人以下,2,4.2,游戏开发,0.4291
南京,50-150人,2,4.2,游戏开发,0.4291
北京,50-150人,2,4.2,UI设计师,0.4291
北京,150-500人,2,4.2,UI设计师,0.4291
北京,50人以下,2,4.2,UI设计师,0.4291
深圳,50人以下,2,4.2,UI设计师,0.4291
成都,50人以下,2,4.2,UI设计师,0.4291
武汉,50人以下,2,4.2,UI设计师,0.4291
苏州,50人以下,2,4.2,UI设计师,0.4291
苏州,50人以下,2,4.2,UI设计师,0.4291
北京,50人以下,3,4.2,Java开发,0.3291
上海,50人以下,3,4.2,Java开发,0.3291
苏州,50人以下,3,4.2,Java开发,0.3291
苏州,50人以下,3,4.2,Java开发,0.3291
苏州,50人以下,3,4.2,Java开发,0.3291
苏州,50人以下,3,4.2,Java开发,0.3291
北京,50人以下,3,4.2,后端开发,0.3291
北京,50人以下,3,4.2,后端开发,0.3291
上海,50-150人,3,4.2,后端开发,0.3291
上海,50人以下,3,4.2,后端开发,0.3291
上海,15-50人,3,4.2,后端开发,0.3291
苏州,50人以下,3,4.2,后端开发,0.3291
苏州,50人以下,3,4.2,后端开发,0.3291
苏州,50人以下,3,4.2,后端开发,0.3291
苏州,50人以下,3,4.2,后端开发,0.3291
苏州,50人以下,3,4.2,后端开发,0.3291
苏州,50人以下,3,4.2,后端开发,0.3291
无锡,50人以下,3,4.2,后端开发,0.3291
佛山,50人以下,3,4.2,后端开发,0.3291
苏州,50人以下,3,4.2,Python开发,0.3291
苏州,50人以下,3,4.2,测试开发,0.3291
北京,50人以下,3,4.2,数据分析,0.3291
北京,15-50人,3,4.2,数据分析,0.3291
深圳,50-150人,3,4.2,数据分析,0.3291
北京,50人以下,0,4.0,Java开发,0.6182
北京,50人以下,0,4.0,数据分析,0.6182
北京,50人以下,0,4.0,数据工程师,0.6182
北京,50人以下,0,4.0,数据工程师,0.6182
杭州,50人以下,0,4.0,数据工程师,0.6182
北京,50人以下,0,4.0,产品经理,0.6182
北京,50人以下,0,4.0,产品经理,0.6182
上海,50人以下,0,4.0,产品经理,0.6182
杭州,50人以下,0,4.0,产品经理,0.6182
杭州,50人以下,0,4.0,产品经理,0.6182
北京,50人以下,0,4.0,产品运营,0.6182
杭州,150-500人,0,4.0,产品运营,0.6182
上海,50-150人,0,4.0,UI设计师,0.6182
北京,15-50人,1,4.0,产品运营,0.5182
广州,50人以下,1,4.0,UI设计师,0.5182
北京,50人以下,2,4.0,后端开发,0.4182
上海,50人以下,2,4.0,后端开发,0.4182
苏州,50人以下,2,4.0,后端开发,0.4182
苏州,50人以下,2,4.0,后端开发,0.4182
上海,150-500人,2,4.0,测试开发,0.4182
北京,50-150人,2,4.0,客户端开发,0.4182
上海,15-50人,2,4.0,算法工程师,0.4182
北京,50-150人,2,4.0,计算机视觉,0.4182
北京,50-150人,2,4.0,计算机视觉,0.4182
北京,50-150人,2,4.0,计算机视觉,0.4182
上海,150-500人,2,4.0,计算机视觉,0.4182
北京,50人以下,2,4.0,大模型算法,0.4182
上海,15-50人,2,4.0,数据分析,0.4182
上海,50-150人,2,4.0,数据分析,0.4182
上海,15-50人,2,4.0,数据分析,0.4182
北京,50人以下,2,4.0,数据工程师,0.4182
杭州,50人以下,2,4.0,数据工程师,0.4182
北京,50-150人,2,4.0,产品经理,0.4182
上海,15-50人,2,4.0,产品经理,0.4182
上海,15人以下,2,4.0,产品经理,0.4182
上海,50人以下,2,4.0,产品经理,0.4182
上海,50-150人,2,4.0,产品经理,0.4182
上海,50-150人,2,4.0,产品经理,0.4182
苏州,50人以下,2,4.0,产品经理,0.4182
北京,50人以下,2,4.0,产品运营,0.4182
北京,50人以下,2,4.0,产品运营,0.4182
北京,50人以下,2,4.0,产品运营,0.4182
广州,50人以下,2,4.0,产品运营,0.4182
上海,50人以下,3,4.0,后端开发,0.3182
上海,50人以下,3,4.0,后端开发,0.3182
深圳,50人以下,3,4.0,后端开发,0.3182
上海,50人以下,3,4.0,数据分析,0.3182
上海,50人以下,3,4.0,数据分析,0.3182
上海,15-50人,0,3.95,测试开发,0.6155
上海,50人以下,2,3.95,产品经理,0.4155
北京,150-500人,0,3.85,Java开发,0.61
北京,50人以下,0,3.85,Java开发,0.61
北京,50人以下,0,3.85,Java开发,0.61
北京,15人以下,0,3.85,Java开发,0.61
上海,15-50人,0,3.85,Java开发,0.61
上海,50-150人,0,3.85,Java开发,0.61
上海,15-50人,0,3.85,Java开发,0.61
上海,15-50人,0,3.85,Java开发,0.61
上海,50人以下,0,3.85,Java开发,0.61
广州,15-50人,0,3.85,Java开发,0.61
杭州,15人以下,0,3.85,Java开发,0.61
成都,150-500人,0,3.85,Java开发,0.61
武汉,50人以下,0,3.85,Java开发,0.61
天津,150-500人,0,3.85,Java开发,0.61
广州,50人以下,0,3.85,前端开发,0.61
北京,50人以下,0,3.85,后端开发,0.61
北京,50人以下,0,3.85,后端开发,0.61
上海,50人以下,0,3.85,后端开发,0.61
上海,50-150人,0,3.85,后端开发,0.61
上海,50-150人,0,3.85,后端开发,0.61
广州,15-50人,0,3.85,后端开发,0.61
广州,15-50人,0,3.85,后端开发,0.61
广州,50人以下,0,3.85,后端开发,0.61
成都,50人以下,0,3.85,后端开发,0.61
上海,150-500人,0,3.85,测试开发,0.61
上海,50人以下,0,3.85,测试开发,0.61
深圳,50人以下,0,3.85,测试开发,0.61
深圳,50人以下,0,3.85,测试开发,0.61
长沙,50人以下,0,3.85,测试开发,0.61
上海,150-500人,0,3.85,客户端开发,0.61
北京,50人以下,0,3.85,算法工程师,0.61
北京,50人以下,0,3.85,算法工程师,0.61
上海,15人以下,0,3.85,算法工程师,0.61
上海,150-500人,0,3.85,算法工程师,0.61
成都,50人以下,0,3.85,算法工程师,0.61
武汉,150-500人,0,3.85,算法工程师,0.61
天津,150-500人,0,3.85,算法工程师,0.61
北京,50人以下,0,3.85,人工智能,0.61
深圳,50-150人,0,3.85,人工智能,0.61
上海,50人以下,0,3.85,计算机视觉,0.61
广州,50人以下,0,3.85,计算机视觉,0.61
北京,50人以下,0,3.85,数据分析,0.61
上海,150-500人,0,3.85,数据分析,0.61
广州,50人以下,0,3.85,数据分析,0.61
西安,50人以下,0,3.85,数据分析,0.61
北京,50人以下,0,3.85,数据工程师,0.61
北京,50人以下,0,3.85,数据工程师,0.61
北京,50人以下,0,3.85,数据工程师,0.61
上海,50人以下,0,3.85,数据工程师,0.61
杭州,50人以下,0,3.85,数据工程师,0.61
杭州,50人以下,0,3.85,数据工程师,0.61
杭州,50人以下,0,3.85,数据工程师,0.61
杭州,50人以下,0,3.85,数据工程师,0.61
杭州,50人以下,0,3.85,数据工程师,0.61
武汉,50人以下,0,3.85,数据工程师,0.61
北京,50人以下,0,3.85,产品经理,0.61
北京,50人以下,0,3.85,产品经理,0.61
北京,50人以下,0,3.85,产品经理,0.61
北京,50人以下,0,3.85,产品经理,0.61
北京,50人以下,0,3.85,产品经理,0.61
北京,50人以下,0,3.85,产品经理,0.61
北京,50人以下,0,3.85,产品经理,0.61
北京,50人以下,0,3.85,产品经理,0.61
北京,15人以下,0,3.85,产品经理,0.61
北京,50人以下,0,3.85,产品经理,0.61
北京,50人以下,0,3.85,产品经理,0.61
北京,50人以下,0,3.85,产品经理,0.61
北京,50人以下,0,3.85,产品经理,0.61
北京,50人以下,0,3.85,产品经理,0.61
北京,50人以下,0,3.85,产品经理,0.61
北京,50人以下,0,3.85,产品经理,0.61
北京,50人以下,0,3.85,产品经理,0.61
北京,50人以下,0,3.85,产品经理,0.61
北京,50人以下,0,3.85,产品经理,0.61
北京,50人以下,0,3.85,产品经理,0.61
北京,50-150人,0,3.85,产品经理,0.61
北京,15-50人,0,3.85,产品经理,0.61
北京,50人以下,0,3.85,产品经理,0.61
上海,150-500人,0,3.85,产品经理,0.61
上海,15-50人,0,3.85,产品经理,0.61
上海,50人以下,0,3.85,产品经理,0.61
上海,50人以下,0,3.85,产品经理,0.61
上海,150-500人,0,3.85,产品经理,0.61
上海,50人以下,0,3.85,产品经理,0.61
上海,50人以下,0,3.85,产品经理,0.61
上海,15-50人,0,3.85,产品经理,0.61
上海,50人以下,0,3.85,产品经理,0.61
上海,50人以下,0,3.85,产品经理,0.61
广州,50人以下,0,3.85,产品经理,0.61
广州,50人以下,0,3.85,产品经理,0.61
广州,50人以下,0,3.85,产品经理,0.61
深圳,50人以下,0,3.85,产品经理,0.61
深圳,50人以下,0,3.85,产品经理,0.61
深圳,50-150人,0,3.85,产品经理,0.61
深圳,50人以下,0,3.85,产品经理,0.61
深圳,15-50人,0,3.85,产品经理,0.61
深圳,15人以下,0,3.85,产品经理,0.61
杭州,150-500人,0,3.85,产品经理,0.61
杭州,15人以下,0,3.85,产品经理,0.61
成都,15-50人,0,3.85,产品经理,0.61
成都,15-50人,0,3.85,产品经理,0.61
南京,50人以下,0,3.85,产品经理,0.61
天津,50人以下,0,3.85,产品经理,0.61
北京,50人以下,0,3.85,产品运营,0.61
北京,50人以下,0,3.85,产品运营,0.61
北京,50人以下,0,3.85,产品运营,0.61
北京,150-500人,0,3.85,产品运营,0.61
北京,50人以下,0,3.85,产品运营,0.61
上海,50人以下,0,3.85,产品运营,0.61
上海,15-50人,0,3.85,产品运营,0.61
上海,50人以下,0,3.85,产品运营,0.61
上海,150-500人,0,3.85,产品运营,0.61
上海,15-50人,0,3.85,产品运营,0.61
上海,50人以下,0,3.85,产品运营,0.61
上海,50人以下,0,3.85,产品运营,0.61
广州,15-50人,0,3.85,产品运营,0.61
深圳,15-50人,0,3.85,产品运营,0.61
杭州,50-150人,0,3.85,产品运营,0.61
杭州,50人以下,0,3.85,产品运营,0.61
杭州,150-500人,0,3.85,产品运营,0.61
杭州,50人以下,0,3.85,产品运营,0.61
成都,50人以下,0,3.85,产品运营,0.61
成都,50人以下,0,3.85,产品运营,0.61
成都,50人以下,0,3.85,产品运营,0.61
成都,50-150人,0,3.85,产品运营,0.61
成都,15-50人,0,3.85,产品运营,0.61
成都,50人以下,0,3.85,产品运营,0.61
西安,150-500人,0,3.85,产品运营,0.61
西安,50人以下,0,3.85,产品运营,0.61
西安,50人以下,0,3.85,产品运营,0.61
重庆,50人以下,0,3.85,产品运营,0.61
北京,50人以下,0,3.85,数据运营,0.61
北京,50人以下,0,3.85,数据运营,0.61
北京,50人以下,0,3.85,数据运营,0.61
上海,50-150人,0,3.85,数据运营,0.61
上海,50人以下,0,3.85,数据运营,0.61
上海,50-150人,0,3.85,数据运营,0.61
成都,15-50人,0,3.85,游戏开发,0.61
北京,50人以下,0,3.85,UI设计师,0.61
北京,50-150人,0,3.85,UI设计师,0.61
上海,50人以下,0,3.85,UI设计师,0.61
上海,50人以下,0,3.85,UI设计师,0.61
深圳,50人以下,0,3.85,UI设计师,0.61
广州,50人以下,1,3.85,Java开发,0.51
广州,15-50人,1,3.85,Java开发,0.51
成都,15-50人,1,3.85,Java开发,0.51
郑州,150-500人,1,3.85,Java开发,0.51
郑州,150-500人,1,3.85,Java开发,0.51
郑州,150-500人,1,3.85,Java开发,0.51
郑州,150-500人,1,3.85,Java开发,0.51
郑州,150-500人,1,3.85,Java开发,0.51
上海,50-150人,1,3.85,后端开发,0.51
成都,15-50人,1,3.85,后端开发,0.51
郑州,150-500人,1,3.85,后端开发,0.51
武汉,150-500人,1,3.85,测试开发,0.51
南京,50人以下,1,3.85,测试开发,0.51
南京,50人以下,1,3.85,测试开发,0.51
南京,50人以下,1,3.85,测试开发,0.51
南京,50人以下,1,3.85,测试开发,0.51
天津,150-500人,1,3.85,测试开发,0.51
无锡,15-50人,1,3.85,测试开发,0.51
上海,150-500人,1,3.85,客户端开发,0.51
上海,50-150人,1,3.85,运维开发,0.51
广州,50人以下,1,3.85,运维开发,0.51
郑州,150-500人,1,3.85,运维开发,0.51
上海,150-500人,1,3.85,算法工程师,0.51
深圳,15-50人,1,3.85,算法工程师,0.51
苏州,15-50人,1,3.85,算法工程师,0.51
天津,150-500人,1,3.85,算法工程师,0.51
北京,50人以下,1,3.85,数据分析,0.51
杭州,150-500人,1,3.85,数据分析,0.51
杭州,50-150人,1,3.85,数据工程师,0.51
北京,50人以下,1,3.85,产品经理,0.51
上海,50-150人,1,3.85,产品经理,0.51
上海,50-150人,1,3.85,产品经理,0.51
深圳,15-50人,1,3.85,产品经理,0.51
成都,15-50人,1,3.85,产品经理,0.51
上海,50人以下,1,3.85,产品运营,0.51
上海,15-50人,1,3.85,产品运营,0.51
上海,50人以下,1,3.85,产品运营,0.51
广州,50人以下,1,3.85,产品运营,0.51
广州,15-50人,1,3.85,产品运营,0.51
深圳,50人以下,1,3.85,产品运营,0.51
深圳,50人以下,1,3.85,产品运营,0.51
杭州,50人以下,1,3.85,产品运营,0.51
杭州,50人以下,1,3.85,产品运营,0.51
杭州,50-150人,1,3.85,产品运营,0.51
成都,50-150人,1,3.85,产品运营,0.51
武汉,50人以下,1,3.85,产品运营,0.51
天津,50人以下,1,3.85,产品运营,0.51
郑州,50-150人,1,3.85,产品运营,0.51
上海,150-500人,1,3.85,游戏开发,0.51
北京,50-150人,1,3.85,UI设计师,0.51
上海,50人以下,1,3.85,UI设计师,0.51
合肥,50人以下,1,3.85,UI设计师,0.51
北京,15-50人,2,3.85,Java开发,0.41
北京,50-150人,2,3.85,Java开发,0.41
北京,15-50人,2,3.85,Java开发,0.41
北京,50人以下,2,3.85,Java开发,0.41
北京,50-150人,2,3.85,Java开发,0.41
北京,50人以下,2,3.85,Java开发,0.41
北京,15-50人,2,3.85,Java开发,0.41
北京,15-50人,2,3.85,Java开发,0.41
北京,150-500人,2,3.85,Java开发,0.41
北京,50人以下,2,3.85,Java开发,0.41
上海,50人以下,2,3.85,Java开发,0.41
上海,15-50人,2,3.85,Java开发,0.41
上海,50-150人,2,3.85,Java开发,0.41
上海,50人以下,2,3.85,Java开发,0.41
上海,50人以下,2,3.85,Java开发,0.41
上海,50-150人,2,3.85,Java开发,0.41
上海,50人以下,2,3.85,Java开发,0.41
上海,50人以下,2,3.85,Java开发,0.41
上海,150-500人,2,3.85,Java开发,0.41
上海,50人以下,2,3.85,Java开发,0.41
上海,50-150人,2,3.85,Java开发,0.41
深圳,50人以下,2,3.85,Java开发,0.41
深圳,50人以下,2,3.85,Java开发,0.41
杭州,50人以下,2,3.85,Java开发,0.41
杭州,50-150人,2,3.85,Java开发,0.41
成都,150-500人,2,3.85,Java开发,0.41
成都,15-50人,2,3.85,Java开发,0.41
成都,50人以下,2,3.85,Java开发,0.41
成都,150-500人,2,3.85,Java开发,0.41
南京,15-50人,2,3.85,Java开发,0.41
南京,50-150人,2,3.85,Java开发,0.41
南京,50人以下,2,3.85,Java开发,0.41
南京,50人以下,2,3.85,Java开发,0.41
西安,50人以下,2,3.85,Java开发,0.41
西安,50人以下,2,3.85,Java开发,0.41
苏州,50人以下,2,3.85,Java开发,0.41
长沙,50-150人,2,3.85,Java开发,0.41
长沙,15-50人,2,3.85,Java开发,0.41
合肥,50-150人,2,3.85,Java开发,0.41
广州,15-50人,2,3.85,前端开发,0.41
深圳,50人以下,2,3.85,前端开发,0.41
成都,50-150人,2,3.85,前端开发,0.41
南京,15-50人,2,3.85,前端开发,0.41
南京,50人以下,2,3.85,前端开发,0.41
北京,50人以下,2,3.85,后端开发,0.41
北京,15-50人,2,3.85,后端开发,0.41
北京,15-50人,2,3.85,后端开发,0.41
北京,15-50人,2,3.85,后端开发,0.41
北京,15-50人,2,3.85,后端开发,0.41
北京,50人以下,2,3.85,后端开发,0.41
北京,50人以下,2,3.85,后端开发,0.41
北京,150-500人,2,3.85,后端开发,0.41
北京,50人以下,2,3.85,后端开发,0.41
北京,50人以下,2,3.85,后端开发,0.41
北京,50人以下,2,3.85,后端开发,0.41
上海,15-50人,2,3.85,后端开发,0.41
上海,50-150人,2,3.85,后端开发,0.41
上海,50-150人,2,3.85,后端开发,0.41
上海,15-50人,2,3.85,后端开发,0.41
上海,50-150人,2,3.85,后端开发,0.41
上海,50人以下,2,3.85,后端开发,0.41
上海,50人以下,2,3.85,后端开发,0.41
上海,50人以下,2,3.85,后端开发,0.41
上海,50人以下,2,3.85,后端开发,0.41
上海,50人以下,2,3.85,后端开发,0.41
上海,50人以下,2,3.85,后端开发,0.41
上海,50人以下,2,3.85,后端开发,0.41
上海,50人以下,2,3.85,后端开发,0.41
上海,50人以下,2,3.85,后端开发,0.41
上海,50人以下,2,3.85,后端开发,0.41
上海,50人以下,2,3.85,后端开发,0.41
上海,15-50人,2,3.85,后端开发,0.41
上海,50人以下,2,3.85,后端开发,0.41
上海,150-500人,2,3.85,后端开发,0.41
上海,50-150人,2,3.85,后端开发,0.41
上海,50人以下,2,3.85,后端开发,0.41
上海,50人以下,2,3.85,后端开发,0.41
上海,50人以下,2,3.85,后端开发,0.41
上海,50人以下,2,3.85,后端开发,0.41
上海,50-150人,2,3.85,后端开发,0.41
上海,50人以下,2,3.85,后端开发,0.41
上海,50人以下,2,3.85,后端开发,0.41
广州,15-50人,2,3.85,后端开发,0.41
广州,15-50人,2,3.85,后端开发,0.41
深圳,50人以下,2,3.85,后端开发,0.41
深圳,50人以下,2,3.85,后端开发,0.41
深圳,50人以下,2,3.85,后端开发,0.41
杭州,50人以下,2,3.85,后端开发,0.41
成都,15-50人,2,3.85,后端开发,0.41
成都,50人以下,2,3.85,后端开发,0.41
武汉,50人以下,2,3.85,后端开发,0.41
南京,15-50人,2,3.85,后端开发,0.41
南京,50人以下,2,3.85,后端开发,0.41
苏州,50人以下,2,3.85,后端开发,0.41
苏州,50-150人,2,3.85,后端开发,0.41
苏州,50-150人,2,3.85,后端开发,0.41
合肥,150-500人,2,3.85,后端开发,0.41
合肥,150-500人,2,3.85,后端开发,0.41
合肥,50人以下,2,3.85,后端开发,0.41
合肥,50人以下,2,3.85,后端开发,0.41
合肥,50人以下,2,3.85,后端开发,0.41
北京,15-50人,2,3.85,Python开发,0.41
北京,50人以下,2,3.85,测试开发,0.41
上海,50-150人,2,3.85,测试开发,0.41
上海,50人以下,2,3.85,测试开发,0.41
上海,50人以下,2,3.85,测试开发,0.41
广州,50人以下,2,3.85,测试开发,0.41
深圳,50人以下,2,3.85,测试开发,0.41
深圳,50人以下,2,3.85,测试开发,0.41
杭州,15-50人,2,3.85,测试开发,0.41
西安,50-150人,2,3.85,测试开发,0.41
苏州,50人以下,2,3.85,测试开发,0.41
苏州,50人以下,2,3.85,测试开发,0.41
合肥,50-150人,2,3.85,测试开发,0.41
合肥,50人以下,2,3.85,测试开发,0.41
厦门,50-150人,2,3.85,测试开发,0.41
佛山,50人以下,2,3.85,测试开发,0.41
全国,50人以下,2,3.85,客户端开发,0.41
北京,50人以下,2,3.85,客户端开发,0.41
北京,50人以下,2,3.85,客户端开发,0.41
北京,50人以下,2,3.85,客户端开发,0.41
上海,50人以下,2,3.85,客户端开发,0.41
上海,15-50人,2,3.85,客户端开发,0.41
上海,50人以下,2,3.85,客户端开发,0.41
上海,50人以下,2,3.85,客户端开发,0.41
上海,15-50人,2,3.85,客户端开发,0.41
上海,15-50人,2,3.85,客户端开发,0.41
上海,50人以下,2,3.85,客户端开发,0.41
广州,150-500人,2,3.85,客户端开发,0.41
广州,50人以下,2,3.85,客户端开发,0.41
深圳,50人以下,2,3.85,客户端开发,0.41
杭州,50人以下,2,3.85,客户端开发,0.41
杭州,50人以下,2,3.85,客户端开发,0.41
武汉,50人以下,2,3.85,客户端开发,0.41
西安,50人以下,2,3.85,客户端开发,0.41
西安,50人以下,2,3.85,客户端开发,0.41
苏州,50人以下,2,3.85,客户端开发,0.41
长沙,50人以下,2,3.85,客户端开发,0.41
郑州,50人以下,2,3.85,客户端开发,0.41
厦门,50人以下,2,3.85,客户端开发,0.41
北京,50人以下,2,3.85,运维开发,0.41
北京,50人以下,2,3.85,算法工程师,0.41
全国,50-150人,2,3.85,算法工程师,0.41
北京,15-50人,2,3.85,算法工程师,0.41
北京,50人以下,2,3.85,算法工程师,0.41
上海,50-150人,2,3.85,算法工程师,0.41
上海,15-50人,2,3.85,算法工程师,0.41
上海,50人以下,2,3.85,算法工程师,0.41
上海,50人以下,2,3.85,算法工程师,0.41
上海,50人以下,2,3.85,算法工程师,0.41
上海,50-150人,2,3.85,算法工程师,0.41
上海,50人以下,2,3.85,算法工程师,0.41
上海,50人以下,2,3.85,算法工程师,0.41
上海,50-150人,2,3.85,算法工程师,0.41
上海,50-150人,2,3.85,算法工程师,0.41
上海,15-50人,2,3.85,算法工程师,0.41
上海,50-150人,2,3.85,算法工程师,0.41
上海,50人以下,2,3.85,算法工程师,0.41
上海,50人以下,2,3.85,算法工程师,0.41
深圳,50-150人,2,3.85,算法工程师,0.41
深圳,150-500人,2,3.85,算法工程师,0.41
杭州,50人以下,2,3.85,算法工程师,0.41
成都,50人以下,2,3.85,算法工程师,0.41
成都,15-50人,2,3.85,算法工程师,0.41
南京,50人以下,2,3.85,算法工程师,0.41
西安,50人以下,2,3.85,算法工程师,0.41
重庆,15-50人,2,3.85,算法工程师,0.41
苏州,50人以下,2,3.85,算法工程师,0.41
苏州,50人以下,2,3.85,算法工程师,0.41
上海,50人以下,2,3.85,机器学习,0.41
北京,150-500人,2,3.85,人工智能,0.41
北京,50人以下,2,3.85,人工智能,0.41
上海,15-50人,2,3.85,人工智能,0.41
上海,15-50人,2,3.85,人工智能,0.41
成都,15-50人,2,3.85,人工智能,0.41
南京,50人以下,2,3.85,人工智能,0.41
北京,50人以下,2,3.85,计算机视觉,0.41
北京,50人以下,2,3.85,计算机视觉,0.41
北京,50人以下,2,3.85,计算机视觉,0.41
上海,15-50人,2,3.85,计算机视觉,0.41
上海,50-150人,2,3.85,计算机视觉,0.41
上海,50人以下,2,3.85,计算机视觉,0.41
广州,50人以下,2,3.85,计算机视觉,0.41
深圳,50人以下,2,3.85,计算机视觉,0.41
南京,50人以下,2,3.85,计算机视觉,0.41
北京,50人以下,2,3.85,大模型算法,0.41
北京,50人以下,2,3.85,大模型算法,0.41
北京,50-150人,2,3.85,大模型算法,0.41
深圳,150-500人,2,3.85,大模型算法,0.41
北京,50人以下,2,3.85,数据分析,0.41
北京,50人以下,2,3.85,数据分析,0.41
北京,50人以下,2,3.85,数据分析,0.41
北京,50人以下,2,3.85,数据分析,0.41
北京,15-50人,2,3.85,数据分析,0.41
北京,50人以下,2,3.85,数据分析,0.41
北京,50人以下,2,3.85,数据分析,0.41
北京,50-150人,2,3.85,数据分析,0.41
北京,50人以下,2,3.85,数据分析,0.41
北京,50人以下,2,3.85,数据分析,0.41
北京,50人以下,2,3.85,数据分析,0.41
北京,50人以下,2,3.85,数据分析,0.41
北京,50人以下,2,3.85,数据分析,0.41
北京,50人以下,2,3.85,数据分析,0.41
北京,50人以下,2,3.85,数据分析,0.41
北京,50人以下,2,3.85,数据分析,0.41
北京,15-50人,2,3.85,数据分析,0.41
北京,50人以下,2,3.85,数据分析,0.41
北京,50人以下,2,3.85,数据分析,0.41
北京,50人以下,2,3.85,数据分析,0.41
北京,50人以下,2,3.85,数据分析,0.41
北京,50人以下,2,3.85,数据分析,0.41
北京,50人以下,2,3.85,数据分析,0.41
北京,50人以下,2,3.85,数据分析,0.41
上海,50人以下,2,3.85,数据分析,0.41
上海,150-500人,2,3.85,数据分析,0.41
上海,50-150人,2,3.85,数据分析,0.41
上海,50-150人,2,3.85,数据分析,0.41
上海,50人以下,2,3.85,数据分析,0.41
上海,50人以下,2,3.85,数据分析,0.41
上海,50人以下,2,3.85,数据分析,0.41
上海,15-50人,2,3.85,数据分析,0.41
上海,50人以下,2,3.85,数据分析,0.41
上海,15-50人,2,3.85,数据分析,0.41
上海,50人以下,2,3.85,数据分析,0.41
上海,50人以下,2,3.85,数据分析,0.41
上海,50人以下,2,3.85,数据分析,0.41
上海,50人以下,2,3.85,数据分析,0.41
上海,50人以下,2,3.85,数据分析,0.41
上海,50人以下,2,3.85,数据分析,0.41
上海,50人以下,2,3.85,数据分析,0.41
上海,50人以下,2,3.85,数据分析,0.41
广州,50人以下,2,3.85,数据分析,0.41
广州,50人以下,2,3.85,数据分析,0.41
深圳,50人以下,2,3.85,数据分析,0.41
深圳,50人以下,2,3.85,数据分析,0.41
深圳,50人以下,2,3.85,数据分析,0.41
杭州,50人以下,2,3.85,数据分析,0.41
杭州,50人以下,2,3.85,数据分析,0.41
成都,50-150人,2,3.85,数据分析,0.41
南京,50人以下,2,3.85,数据分析,0.41
南京,50人以下,2,3.85,数据分析,0.41
西安,50人以下,2,3.85,数据分析,0.41
郑州,50人以下,2,3.85,数据分析,0.41
合肥,50人以下,2,3.85,数据分析,0.41
北京,50人以下,2,3.85,数据工程师,0.41
北京,50人以下,2,3.85,数据工程师,0.41
北京,50人以下,2,3.85,数据工程师,0.41
北京,50人以下,2,3.85,数据工程师,0.41
北京,50人以下,2,3.85,数据工程师,0.41
北京,50人以下,2,3.85,数据工程师,0.41
北京,50人以下,2,3.85,数据工程师,0.41
北京,50人以下,2,3.85,数据工程师,0.41
北京,50人以下,2,3.85,数据工程师,0.41
北京,50人以下,2,3.85,数据工程师,0.41
北京,50人以下,2,3.85,数据工程师,0.41
北京,50人以下,2,3.85,数据工程师,0.41
北京,50人以下,2,3.85,数据工程师,0.41
北京,50人以下,2,3.85,数据工程师,0.41
北京,50人以下,2,3.85,数据工程师,0.41
北京,50人以下,2,3.85,数据工程师,0.41
北京,50人以下,2,3.85,数据工程师,0.41
北京,50人以下,2,3.85,数据工程师,0.41
北京,50人以下,2,3.85,数据工程师,0.41
北京,50人以下,2,3.85,数据工程师,0.41
北京,50人以下,2,3.85,数据工程师,0.41
北京,50人以下,2,3.85,数据工程师,0.41
北京,50人以下,2,3.85,数据工程师,0.41
上海,50人以下,2,3.85,数据工程师,0.41
上海,50人以下,2,3.85,数据工程师,0.41
上海,50人以下,2,3.85,数据工程师,0.41
上海,50人以下,2,3.85,数据工程师,0.41
上海,50-150人,2,3.85,数据工程师,0.41
上海,50人以下,2,3.85,数据工程师,0.41
上海,50人以下,2,3.85,数据工程师,0.41
上海,50人以下,2,3.85,数据工程师,0.41
上海,50人以下,2,3.85,数据工程师,0.41
上海,50人以下,2,3.85,数据工程师,0.41
上海,50人以下,2,3.85,数据工程师,0.41
上海,50人以下,2,3.85,数据工程师,0.41
上海,50人以下,2,3.85,数据工程师,0.41
上海,50人以下,2,3.85,数据工程师,0.41
广州,50人以下,2,3.85,数据工程师,0.41
杭州,50人以下,2,3.85,数据工程师,0.41
杭州,50人以下,2,3.85,数据工程师,0.41
杭州,50人以下,2,3.85,数据工程师,0.41
杭州,50人以下,2,3.85,数据工程师,0.41
杭州,50人以下,2,3.85,数据工程师,0.41
杭州,50人以下,2,3.85,数据工程师,0.41
杭州,50人以下,2,3.85,数据工程师,0.41
南京,50人以下,2,3.85,数据工程师,0.41
上海,50人以下,2,3.85,数据仓库,0.41
上海,50人以下,2,3.85,数据仓库,0.41
北京,50人以下,2,3.85,产品经理,0.41
北京,50人以下,2,3.85,产品经理,0.41
北京,50人以下,2,3.85,产品经理,0.41
北京,50人以下,2,3.85,产品经理,0.41
北京,50人以下,2,3.85,产品经理,0.41
北京,50人以下,2,3.85,产品经理,0.41
北京,50人以下,2,3.85,产品经理,0.41
北京,50人以下,2,3.85,产品经理,0.41
北京,50人以下,2,3.85,产品经理,0.41
北京,50人以下,2,3.85,产品经理,0.41
北京,50人以下,2,3.85,产品经理,0.41
北京,50人以下,2,3.85,产品经理,0.41
北京,50人以下,2,3.85,产品经理,0.41
北京,50人以下,2,3.85,产品经理,0.41
北京,50人以下,2,3.85,产品经理,0.41
北京,50人以下,2,3.85,产品经理,0.41
北京,50人以下,2,3.85,产品经理,0.41
北京,50人以下,2,3.85,产品经理,0.41
北京,50人以下,2,3.85,产品经理,0.41
北京,50人以下,2,3.85,产品经理,0.41
北京,50人以下,2,3.85,产品经理,0.41
北京,50人以下,2,3.85,产品经理,0.41
北京,50人以下,2,3.85,产品经理,0.41
北京,50人以下,2,3.85,产品经理,0.41
北京,50人以下,2,3.85,产品经理,0.41
北京,50人以下,2,3.85,产品经理,0.41
北京,50人以下,2,3.85,产品经理,0.41
北京,50人以下,2,3.85,产品经理,0.41
北京,50人以下,2,3.85,产品经理,0.41
北京,50人以下,2,3.85,产品经理,0.41
北京,50人以下,2,3.85,产品经理,0.41
北京,50人以下,2,3.85,产品经理,0.41
北京,50人以下,2,3.85,产品经理,0.41
北京,50-150人,2,3.85,产品经理,0.41
北京,50人以下,2,3.85,产品经理,0.41
北京,50人以下,2,3.85,产品经理,0.41
北京,50人以下,2,3.85,产品经理,0.41
北京,50人以下,2,3.85,产品经理,0.41
北京,50人以下,2,3.85,产品经理,0.41
北京,50人以下,2,3.85,产品经理,0.41
北京,50人以下,2,3.85,产品经理,0.41
北京,50人以下,2,3.85,产品经理,0.41
北京,50人以下,2,3.85,产品经理,0.41
北京,50人以下,2,3.85,产品经理,0.41
北京,50人以下,2,3.85,产品经理,0.41
北京,50人以下,2,3.85,产品经理,0.41
北京,15人以下,2,3.85,产品经理,0.41
北京,50人以下,2,3.85,产品经理,0.41
北京,50人以下,2,3.85,产品经理,0.41
北京,50人以下,2,3.85,产品经理,0.41
北京,50人以下,2,3.85,产品经理,0.41
北京,50人以下,2,3.85,产品经理,0.41
北京,50人以下,2,3.85,产品经理,0.41
北京,50人以下,2,3.85,产品经理,0.41
北京,50人以下,2,3.85,产品经理,0.41
北京,50人以下,2,3.85,产品经理,0.41
北京,50人以下,2,3.85,产品经理,0.41
北京,50人以下,2,3.85,产品经理,0.41
北京,50人以下,2,3.85,产品经理,0.41
北京,50-150人,2,3.85,产品经理,0.41
北京,15-50人,2,3.85,产品经理,0.41
北京,150-500人,2,3.85,产品经理,0.41
北京,50人以下,2,3.85,产品经理,0.41
北京,50人以下,2,3.85,产品经理,0.41
北京,50人以下,2,3.85,产品经理,0.41
北京,50人以下,2,3.85,产品经理,0.41
北京,50人以下,2,3.85,产品经理,0.41
北京,50人以下,2,3.85,产品经理,0.41
北京,50人以下,2,3.85,产品经理,0.41
北京,50人以下,2,3.85,产品经理,0.41
北京,50人以下,2,3.85,产品经理,0.41
北京,50人以下,2,3.85,产品经理,0.41
北京,50人以下,2,3.85,产品经理,0.41
北京,50人以下,2,3.85,产品经理,0.41
北京,50人以下,2,3.85,产品经理,0.41
北京,50人以下,2,3.85,产品经理,0.41
北京,50人以下,2,3.85,产品经理,0.41
北京,50人以下,2,3.85,产品经理,0.41
北京,50人以下,2,3.85,产品经理,0.41
北京,50-150人,2,3.85,产品经理,0.41
北京,50人以下,2,3.85,产品经理,0.41
北京,50人以下,2,3.85,产品经理,0.41
北京,50人以下,2,3.85,产品经理,0.41
北京,50人以下,2,3.85,产品经理,0.41
北京,50人以下,2,3.85,产品经理,0.41
北京,50人以下,2,3.85,产品经理,0.41
北京,50人以下,2,3.85,产品经理,0.41
北京,50人以下,2,3.85,产品经理,0.41
北京,50人以下,2,3.85,产品经理,0.41
北京,50人以下,2,3.85,产品经理,0.41
北京,50人以下,2,3.85,产品经理,0.41
北京,15-50人,2,3.85,产品经理,0.41
北京,50人以下,2,3.85,产品经理,0.41
北京,50人以下,2,3.85,产品经理,0.41
北京,50人以下,2,3.85,产品经理,0.41
北京,50人以下,2,3.85,产品经理,0.41
北京,50人以下,2,3.85,产品经理,0.41
北京,50人以下,2,3.85,产品经理,0.41
北京,50人以下,2,3.85,产品经理,0.41
北京,50人以下,2,3.85,产品经理,0.41
上海,15-50人,2,3.85,产品经理,0.41
上海,50人以下,2,3.85,产品经理,0.41
上海,50人以下,2,3.85,产品经理,0.41
上海,15-50人,2,3.85,产品经理,0.41
上海,50人以下,2,3.85,产品经理,0.41
上海,50人以下,2,3.85,产品经理,0.41
上海,50-150人,2,3.85,产品经理,0.41
上海,50-150人,2,3.85,产品经理,0.41
上海,15-50人,2,3.85,产品经理,0.41
上海,50人以下,2,3.85,产品经理,0.41
上海,50人以下,2,3.85,产品经理,0.41
上海,50人以下,2,3.85,产品经理,0.41
上海,150-500人,2,3.85,产品经理,0.41
上海,50人以下,2,3.85,产品经理,0.41
上海,50-150人,2,3.85,产品经理,0.41
上海,15-50人,2,3.85,产品经理,0.41
上海,50-150人,2,3.85,产品经理,0.41
上海,15-50人,2,3.85,产品经理,0.41
上海,150-500人,2,3.85,产品经理,0.41
上海,50人以下,2,3.85,产品经理,0.41
上海,50人以下,2,3.85,产品经理,0.41
上海,50人以下,2,3.85,产品经理,0.41
上海,50人以下,2,3.85,产品经理,0.41
上海,50-150人,2,3.85,产品经理,0.41
上海,50人以下,2,3.85,产品经理,0.41
上海,50人以下,2,3.85,产品经理,0.41
上海,150-500人,2,3.85,产品经理,0.41
上海,50人以下,2,3.85,产品经理,0.41
上海,50人以下,2,3.85,产品经理,0.41
上海,50人以下,2,3.85,产品经理,0.41
上海,50人以下,2,3.85,产品经理,0.41
上海,50人以下,2,3.85,产品经理,0.41
上海,50人以下,2,3.85,产品经理,0.41
上海,15-50人,2,3.85,产品经理,0.41
上海,50人以下,2,3.85,产品经理,0.41
上海,50人以下,2,3.85,产品经理,0.41
上海,50人以下,2,3.85,产品经理,0.41
上海,50人以下,2,3.85,产品经理,0.41
上海,50人以下,2,3.85,产品经理,0.41
上海,50人以下,2,3.85,产品经理,0.41
上海,50人以下,2,3.85,产品经理,0.41
上海,50人以下,2,3.85,产品经理,0.41
上海,50人以下,2,3.85,产品经理,0.41
上海,50人以下,2,3.85,产品经理,0.41
上海,150-500人,2,3.85,产品经理,0.41
上海,50人以下,2,3.85,产品经理,0.41
上海,50人以下,2,3.85,产品经理,0.41
上海,50人以下,2,3.85,产品经理,0.41
上海,50人以下,2,3.85,产品经理,0.41
上海,50人以下,2,3.85,产品经理,0.41
上海,50人以下,2,3.85,产品经理,0.41
上海,150-500人,2,3.85,产品经理,0.41
上海,50人以下,2,3.85,产品经理,0.41
上海,50人以下,2,3.85,产品经理,0.41
上海,50人以下,2,3.85,产品经理,0.41
上海,150-500人,2,3.85,产品经理,0.41
上海,50人以下,2,3.85,产品经理,0.41
上海,50人以下,2,3.85,产品经理,0.41
上海,50-150人,2,3.85,产品经理,0.41
上海,50人以下,2,3.85,产品经理,0.41
上海,15人以下,2,3.85,产品经理,0.41
上海,50人以下,2,3.85,产品经理,0.41
上海,50人以下,2,3.85,产品经理,0.41
上海,50人以下,2,3.85,产品经理,0.41
上海,50人以下,2,3.85,产品经理,0.41
上海,50人以下,2,3.85,产品经理,0.41
上海,50人以下,2,3.85,产品经理,0.41
上海,50人以下,2,3.85,产品经理,0.41
上海,50人以下,2,3.85,产品经理,0.41
上海,50人以下,2,3.85,产品经理,0.41
上海,50人以下,2,3.85,产品经理,0.41
上海,50人以下,2,3.85,产品经理,0.41
广州,50人以下,2,3.85,产品经理,0.41
广州,50人以下,2,3.85,产品经理,0.41
广州,50人以下,2,3.85,产品经理,0.41
广州,50人以下,2,3.85,产品经理,0.41
广州,50人以下,2,3.85,产品经理,0.41
广州,50人以下,2,3.85,产品经理,0.41
广州,50人以下,2,3.85,产品经理,0.41
广州,50人以下,2,3.85,产品经理,0.41
深圳,150-500人,2,3.85,产品经理,0.41
深圳,50人以下,2,3.85,产品经理,0.41
深圳,50人以下,2,3.85,产品经理,0.41
深圳,50-150人,2,3.85,产品经理,0.41
深圳,50人以下,2,3.85,产品经理,0.41
深圳,150-500人,2,3.85,产品经理,0.41
深圳,50人以下,2,3.85,产品经理,0.41
深圳,50人以下,2,3.85,产品经理,0.41
深圳,50人以下,2,3.85,产品经理,0.41
深圳,50人以下,2,3.85,产品经理,0.41
深圳,50人以下,2,3.85,产品经理,0.41
深圳,15人以下,2,3.85,产品经理,0.41
深圳,15-50人,2,3.85,产品经理,0.41
深圳,15-50人,2,3.85,产品经理,0.41
深圳,50人以下,2,3.85,产品经理,0.41
杭州,50-150人,2,3.85,产品经理,0.41
杭州,50-150人,2,3.85,产品经理,0.41
杭州,15人以下,2,3.85,产品经理,0.41
杭州,50人以下,2,3.85,产品经理,0.41
杭州,50-150人,2,3.85,产品经理,0.41
杭州,150-500人,2,3.85,产品经理,0.41
杭州,50人以下,2,3.85,产品经理,0.41
杭州,50人以下,2,3.85,产品经理,0.41
杭州,15-50人,2,3.85,产品经理,0.41
杭州,15-50人,2,3.85,产品经理,0.41
杭州,50人以下,2,3.85,产品经理,0.41
杭州,15-50人,2,3.85,产品经理,0.41
杭州,15-50人,2,3.85,产品经理,0.41
成都,50人以下,2,3.85,产品经理,0.41
成都,50人以下,2,3.85,产品经理,0.41
成都,50人以下,2,3.85,产品经理,0.41
武汉,50人以下,2,3.85,产品经理,0.41
武汉,50人以下,2,3.85,产品经理,0.41
武汉,50人以下,2,3.85,产品经理,0.41
南京,50-150人,2,3.85,产品经理,0.41
南京,50人以下,2,3.85,产品经理,0.41
南京,150-500人,2,3.85,产品经理,0.41
南京,50人以下,2,3.85,产品经理,0.41
南京,50人以下,2,3.85,产品经理,0.41
南京,150-500人,2,3.85,产品经理,0.41
南京,15-50人,2,3.85,产品经理,0.41
西安,50人以下,2,3.85,产品经理,0.41
重庆,50-150人,2,3.85,产品经理,0.41
苏州,50-150人,2,3.85,产品经理,0.41
天津,150-500人,2,3.85,产品经理,0.41
天津,50人以下,2,3.85,产品经理,0.41
合肥,50人以下,2,3.85,产品经理,0.41
北京,50人以下,2,3.85,产品运营,0.41
北京,50人以下,2,3.85,产品运营,0.41
北京,50人以下,2,3.85,产品运营,0.41
北京,50人以下,2,3.85,产品运营,0.41
北京,50人以下,2,3.85,产品运营,0.41
北京,50人以下,2,3.85,产品运营,0.41
北京,50人以下,2,3.85,产品运营,0.41
北京,50人以下,2,3.85,产品运营,0.41
北京,50人以下,2,3.85,产品运营,0.41
北京,50人以下,2,3.85,产品运营,0.41
北京,50人以下,2,3.85,产品运营,0.41
北京,50人以下,2,3.85,产品运营,0.41
北京,50人以下,2,3.85,产品运营,0.41
北京,50人以下,2,3.85,产品运营,0.41
北京,15-50人,2,3.85,产品运营,0.41
北京,50人以下,2,3.85,产品运营,0.41
北京,50人以下,2,3.85,产品运营,0.41
北京,15-50人,2,3.85,产品运营,0.41
北京,150-500人,2,3.85,产品运营,0.41
北京,50人以下,2,3.85,产品运营,0.41
北京,50人以下,2,3.85,产品运营,0.41
北京,50人以下,2,3.85,产品运营,0.41
北京,50人以下,2,3.85,产品运营,0.41
北京,50人以下,2,3.85,产品运营,0.41
上海,50人以下,2,3.85,产品运营,0.41
上海,150-500人,2,3.85,产品运营,0.41
上海,50人以下,2,3.85,产品运营,0.41
上海,50人以下,2,3.85,产品运营,0.41
上海,50人以下,2,3.85,产品运营,0.41
上海,50人以下,2,3.85,产品运营,0.41
上海,15-50人,2,3.85,产品运营,0.41
上海,50人以下,2,3.85,产品运营,0.41
上海,50人以下,2,3.85,产品运营,0.41
上海,50人以下,2,3.85,产品运营,0.41
上海,50人以下,2,3.85,产品运营,0.41
上海,50人以下,2,3.85,产品运营,0.41
上海,50人以下,2,3.85,产品运营,0.41
上海,50人以下,2,3.85,产品运营,0.41
上海,50人以下,2,3.85,产品运营,0.41
上海,15-50人,2,3.85,产品运营,0.41
上海,50人以下,2,3.85,产品运营,0.41
上海,50人以下,2,3.85,产品运营,0.41
上海,50人以下,2,3.85,产品运营,0.41
上海,15人以下,2,3.85,产品运营,0.41
上海,15人以下,2,3.85,产品运营,0.41
上海,50人以下,2,3.85,产品运营,0.41
上海,50人以下,2,3.85,产品运营,0.41
上海,50人以下,2,3.85,产品运营,0.41
上海,50人以下,2,3.85,产品运营,0.41
上海,50人以下,2,3.85,产品运营,0.41
上海,50人以下,2,3.85,产品运营,0.41
广州,50人以下,2,3.85,产品运营,0.41
广州,15-50人,2,3.85,产品运营,0.41
广州,50人以下,2,3.85,产品运营,0.41
广州,50人以下,2,3.85,产品运营,0.41
广州,50人以下,2,3.85,产品运营,0.41
广州,50人以下,2,3.85,产品运营,0.41
广州,15-50人,2,3.85,产品运营,0.41
广州,50人以下,2,3.85,产品运营,0.41
广州,50人以下,2,3.85,产品运营,0.41
广州,50人以下,2,3.85,产品运营,0.41
全国,150-500人,2,3.85,产品运营,0.41
广州,50人以下,2,3.85,产品运营,0.41
广州,15-50人,2,3.85,产品运营,0.41
广州,50-150人,2,3.85,产品运营,0.41
深圳,50人以下,2,3.85,产品运营,0.41
深圳,50-150人,2,3.85,产品运营,0.41
深圳,50人以下,2,3.85,产品运营,0.41
深圳,50人以下,2,3.85,产品运营,0.41
深圳,15-50人,2,3.85,产品运营,0.41
深圳,15-50人,2,3.85,产品运营,0.41
深圳,50人以下,2,3.85,产品运营,0.41
深圳,15-50人,2,3.85,产品运营,0.41
深圳,50人以下,2,3.85,产品运营,0.41
深圳,50-150人,2,3.85,产品运营,0.41
深圳,50人以下,2,3.85,产品运营,0.41
深圳,50人以下,2,3.85,产品运营,0.41
深圳,50-150人,2,3.85,产品运营,0.41
深圳,150-500人,2,3.85,产品运营,0.41
深圳,50人以下,2,3.85,产品运营,0.41
深圳,50-150人,2,3.85,产品运营,0.41
深圳,15-50人,2,3.85,产品运营,0.41
深圳,50人以下,2,3.85,产品运营,0.41
深圳,15-50人,2,3.85,产品运营,0.41
深圳,50人以下,2,3.85,产品运营,0.41
深圳,50人以下,2,3.85,产品运营,0.41
杭州,50人以下,2,3.85,产品运营,0.41
杭州,150-500人,2,3.85,产品运营,0.41
杭州,15-50人,2,3.85,产品运营,0.41
杭州,15人以下,2,3.85,产品运营,0.41
杭州,50人以下,2,3.85,产品运营,0.41
杭州,50人以下,2,3.85,产品运营,0.41
杭州,50人以下,2,3.85,产品运营,0.41
杭州,15-50人,2,3.85,产品运营,0.41
成都,15-50人,2,3.85,产品运营,0.41
成都,15-50人,2,3.85,产品运营,0.41
成都,150-500人,2,3.85,产品运营,0.41
成都,15-50人,2,3.85,产品运营,0.41
成都,50人以下,2,3.85,产品运营,0.41
武汉,150-500人,2,3.85,产品运营,0.41
武汉,50人以下,2,3.85,产品运营,0.41
武汉,50人以下,2,3.85,产品运营,0.41
武汉,50人以下,2,3.85,产品运营,0.41
武汉,50人以下,2,3.85,产品运营,0.41
南京,50人以下,2,3.85,产品运营,0.41
南京,50人以下,2,3.85,产品运营,0.41
南京,50人以下,2,3.85,产品运营,0.41
南京,50人以下,2,3.85,产品运营,0.41
南京,50人以下,2,3.85,产品运营,0.41
南京,50人以下,2,3.85,产品运营,0.41
南京,50人以下,2,3.85,产品运营,0.41
南京,50人以下,2,3.85,产品运营,0.41
南京,50人以下,2,3.85,产品运营,0.41
苏州,50人以下,2,3.85,产品运营,0.41
天津,50人以下,2,3.85,产品运营,0.41
厦门,50人以下,2,3.85,产品运营,0.41
北京,50人以下,2,3.85,数据运营,0.41
北京,50人以下,2,3.85,数据运营,0.41
北京,50人以下,2,3.85,数据运营,0.41
北京,50人以下,2,3.85,数据运营,0.41
北京,50人以下,2,3.85,数据运营,0.41
北京,50人以下,2,3.85,数据运营,0.41
北京,50人以下,2,3.85,数据运营,0.41
北京,15人以下,2,3.85,数据运营,0.41
北京,50人以下,2,3.85,数据运营,0.41
北京,50人以下,2,3.85,数据运营,0.41
北京,15-50人,2,3.85,数据运营,0.41
北京,50人以下,2,3.85,数据运营,0.41
北京,50人以下,2,3.85,数据运营,0.41
北京,50人以下,2,3.85,数据运营,0.41
北京,50人以下,2,3.85,数据运营,0.41
北京,50人以下,2,3.85,数据运营,0.41
北京,50人以下,2,3.85,数据运营,0.41
上海,50人以下,2,3.85,数据运营,0.41
上海,50人以下,2,3.85,数据运营,0.41
上海,15-50人,2,3.85,数据运营,0.41
上海,15-50人,2,3.85,数据运营,0.41
上海,50人以下,2,3.85,数据运营,0.41
上海,15-50人,2,3.85,数据运营,0.41
上海,50人以下,2,3.85,数据运营,0.41
上海,50人以下,2,3.85,数据运营,0.41
上海,50人以下,2,3.85,数据运营,0.41
上海,50人以下,2,3.85,游戏开发,0.41
上海,50人以下,2,3.85,游戏开发,0.41
上海,50人以下,2,3.85,游戏开发,0.41
上海,50人以下,2,3.85,游戏开发,0.41
深圳,150-500人,2,3.85,游戏开发,0.41
杭州,15-50人,2,3.85,游戏开发,0.41
杭州,50人以下,2,3.85,游戏开发,0.41
杭州,50人以下,2,3.85,游戏开发,0.41
杭州,50人以下,2,3.85,游戏开发,0.41
成都,15-50人,2,3.85,游戏开发,0.41
北京,50人以下,2,3.85,UI设计师,0.41
北京,15人以下,2,3.85,UI设计师,0.41
北京,50人以下,2,3.85,UI设计师,0.41
北京,50人以下,2,3.85,UI设计师,0.41
上海,50人以下,2,3.85,UI设计师,0.41
上海,150-500人,2,3.85,UI设计师,0.41
上海,50人以下,2,3.85,UI设计师,0.41
上海,50人以下,2,3.85,UI设计师,0.41
上海,50-150人,2,3.85,UI设计师,0.41
上海,15-50人,2,3.85,UI设计师,0.41
上海,50人以下,2,3.85,UI设计师,0.41
上海,50人以下,2,3.85,UI设计师,0.41
上海,50人以下,2,3.85,UI设计师,0.41
广州,50人以下,2,3.85,UI设计师,0.41
广州,150-500人,2,3.85,UI设计师,0.41
杭州,50-150人,2,3.85,UI设计师,0.41
成都,15-50人,2,3.85,UI设计师,0.41
武汉,150-500人,2,3.85,UI设计师,0.41
南京,50人以下,2,3.85,UI设计师,0.41
南京,50人以下,2,3.85,UI设计师,0.41
南京,50人以下,2,3.85,UI设计师,0.41
北京,15-50人,3,3.85,Java开发,0.31
北京,50人以下,3,3.85,Java开发,0.31
上海,50人以下,3,3.85,Java开发,0.31
上海,50-150人,3,3.85,Java开发,0.31
上海,50-150人,3,3.85,Java开发,0.31
上海,50人以下,3,3.85,Java开发,0.31
上海,50-150人,3,3.85,Java开发,0.31
上海,50人以下,3,3.85,Java开发,0.31
上海,50-150人,3,3.85,Java开发,0.31
北京,50人以下,3,3.85,后端开发,0.31
北京,50人以下,3,3.85,后端开发,0.31
上海,50人以下,3,3.85,后端开发,0.31
上海,50-150人,3,3.85,后端开发,0.31
上海,50-150人,3,3.85,后端开发,0.31
深圳,50人以下,3,3.85,后端开发,0.31
杭州,150-500人,3,3.85,后端开发,0.31
成都,50人以下,3,3.85,后端开发,0.31
成都,50人以下,3,3.85,后端开发,0.31
成都,150-500人,3,3.85,后端开发,0.31
成都,50人以下,3,3.85,后端开发,0.31
苏州,50-150人,3,3.85,后端开发,0.31
长沙,50人以下,3,3.85,后端开发,0.31
合肥,150-500人,3,3.85,后端开发,0.31
合肥,50人以下,3,3.85,后端开发,0.31
合肥,50人以下,3,3.85,后端开发,0.31
合肥,50人以下,3,3.85,后端开发,0.31
合肥,50人以下,3,3.85,后端开发,0.31
上海,50人以下,3,3.85,测试开发,0.31
南京,50人以下,3,3.85,测试开发,0.31
青岛,150-500人,3,3.85,测试开发,0.31
深圳,50人以下,3,3.85,运维开发,0.31
上海,50-150人,3,3.85,算法工程师,0.31
南京,50人以下,3,3.85,人工智能,0.31
北京,50人以下,3,3.85,数据分析,0.31
北京,50人以下,3,3.85,数据分析,0.31
上海,50-150人,3,3.85,数据分析,0.31
北京,50人以下,3,3.85,数据工程师,0.31
北京,50人以下,3,3.85,数据工程师,0.31
北京,50人以下,3,3.85,数据工程师,0.31
北京,50人以下,3,3.85,数据工程师,0.31
上海,50人以下,3,3.85,数据工程师,0.31
北京,50人以下,3,3.85,产品经理,0.31
北京,150-500人,3,3.85,产品经理,0.31
北京,50人以下,3,3.85,产品经理,0.31
北京,50人以下,3,3.85,产品经理,0.31
北京,50人以下,3,3.85,产品经理,0.31
北京,150-500人,3,3.85,产品经理,0.31
北京,50人以下,3,3.85,产品经理,0.31
全国,50人以下,3,3.85,产品经理,0.31
上海,50人以下,3,3.85,产品经理,0.31
上海,50人以下,3,3.85,产品经理,0.31
上海,50人以下,3,3.85,产品经理,0.31
广州,50人以下,3,3.85,产品经理,0.31
深圳,150-500人,3,3.85,产品经理,0.31
北京,50人以下,3,3.85,产品运营,0.31
北京,50人以下,3,3.85,产品运营,0.31
上海,50人以下,3,3.85,产品运营,0.31
杭州,50人以下,3,3.85,产品运营,0.31
成都,50-150人,3,3.85,产品运营,0.31
南京,50人以下,3,3.85,产品运营,0.31
北京,15-50人,3,3.85,数据运营,0.31
苏州,50-150人,3,3.85,嵌入式开发,0.31
上海,50人以下,2,3.75,产品经理,0.4045
上海,50人以下,2,3.75,UI设计师,0.4045
上海,15-50人,0,3.7,游戏开发,0.6018
上海,50人以下,0,3.65,Java开发,0.5991
上海,15-50人,0,3.65,Java开发,0.5991
广州,15-50人,0,3.65,Java开发,0.5991
北京,50人以下,0,3.65,后端开发,0.5991
上海,50人以下,0,3.65,后端开发,0.5991
上海,50人以下,0,3.65,测试开发,0.5991
深圳,150-500人,0,3.65,测试开发,0.5991
上海,150-500人,0,3.65,客户端开发,0.5991
北京,50人以下,0,3.65,人工智能,0.5991
上海,50人以下,0,3.65,人工智能,0.5991
上海,50人以下,0,3.65,数据工程师,0.5991
上海,50人以下,0,3.65,数据工程师,0.5991
北京,50人以下,0,3.65,产品经理,0.5991
北京,50人以下,0,3.65,产品经理,0.5991
北京,50-150人,0,3.65,产品经理,0.5991
北京,50人以下,0,3.65,产品经理,0.5991
北京,50人以下,0,3.65,产品经理,0.5991
上海,50人以下,0,3.65,产品经理,0.5991
上海,50人以下,0,3.65,产品经理,0.5991
上海,50人以下,0,3.65,产品经理,0.5991
上海,15-50人,0,3.65,产品经理,0.5991
上海,50-150人,0,3.65,产品经理,0.5991
上海,50人以下,0,3.65,产品经理,0.5991
广州,50人以下,0,3.65,产品经理,0.5991
成都,50人以下,0,3.65,产品经理,0.5991
成都,50人以下,0,3.65,产品经理,0.5991
成都,50人以下,0,3.65,产品经理,0.5991
南京,50人以下,0,3.65,产品经理,0.5991
苏州,50人以下,0,3.65,产品经理,0.5991
北京,50-150人,0,3.65,产品运营,0.5991
上海,50人以下,0,3.65,产品运营,0.5991
深圳,50-150人,0,3.65,产品运营,0.5991
深圳,150-500人,0,3.65,产品运营,0.5991
成都,50人以下,0,3.65,产品运营,0.5991
成都,50人以下,0,3.65,产品运营,0.5991
成都,50人以下,0,3.65,产品运营,0.5991
成都,50人以下,0,3.65,产品运营,0.5991
成都,50人以下,0,3.65,产品运营,0.5991
成都,50人以下,0,3.65,产品运营,0.5991
成都,50人以下,0,3.65,产品运营,0.5991
成都,50人以下,0,3.65,产品运营,0.5991
成都,50人以下,0,3.65,产品运营,0.5991
成都,15-50人,0,3.65,产品运营,0.5991
成都,50人以下,0,3.65,产品运营,0.5991
成都,50人以下,0,3.65,产品运营,0.5991
成都,50人以下,0,3.65,产品运营,0.5991
成都,50人以下,0,3.65,产品运营,0.5991
成都,50人以下,0,3.65,产品运营,0.5991
成都,50人以下,0,3.65,产品运营,0.5991
成都,50人以下,0,3.65,产品运营,0.5991
成都,50人以下,0,3.65,产品运营,0.5991
上海,50人以下,0,3.65,数据运营,0.5991
上海,50人以下,0,3.65,数据运营,0.5991
北京,150-500人,0,3.65,UI设计师,0.5991
上海,150-500人,0,3.65,UI设计师,0.5991
上海,50-150人,1,3.65,Java开发,0.4991
深圳,15-50人,1,3.65,后端开发,0.4991
上海,150-500人,1,3.65,测试开发,0.4991
上海,150-500人,1,3.65,测试开发,0.4991
广州,150-500人,1,3.65,测试开发,0.4991
上海,50-150人,1,3.65,运维开发,0.4991
上海,50-150人,1,3.65,运维开发,0.4991
上海,150-500人,1,3.65,算法工程师,0.4991
西安,15-50人,1,3.65,算法工程师,0.4991
上海,150-500人,1,3.65,数据分析,0.4991
上海,50-150人,1,3.65,产品经理,0.4991
广州,50人以下,1,3.65,产品经理,0.4991
杭州,15-50人,1,3.65,产品经理,0.4991
成都,50人以下,1,3.65,产品经理,0.4991
北京,50人以下,1,3.65,产品运营,0.4991
北京,50人以下,1,3.65,产品运营,0.4991
上海,15-50人,1,3.65,产品运营,0.4991
广州,50人以下,1,3.65,产品运营,0.4991
深圳,50-150人,1,3.65,产品运营,0.4991
杭州,50人以下,1,3.65,产品运营,0.4991
杭州,150-500人,1,3.65,产品运营,0.4991
成都,50人以下,1,3.65,产品运营,0.4991
上海,15-50人,1,3.65,数据运营,0.4991
广州,150-500人,1,3.65,游戏开发,0.4991
上海,50-150人,1,3.65,UI设计师,0.4991
广州,150-500人,1,3.65,UI设计师,0.4991
北京,50人以下,2,3.65,Java开发,0.3991
上海,50-150人,2,3.65,Java开发,0.3991
上海,150-500人,2,3.65,Java开发,0.3991
上海,50人以下,2,3.65,Java开发,0.3991
上海,15-50人,2,3.65,Java开发,0.3991
上海,50人以下,2,3.65,Java开发,0.3991
上海,150-500人,2,3.65,Java开发,0.3991
上海,50-150人,2,3.65,Java开发,0.3991
上海,50人以下,2,3.65,Java开发,0.3991
上海,50人以下,2,3.65,Java开发,0.3991
上海,50人以下,2,3.65,Java开发,0.3991
广州,50人以下,2,3.65,Java开发,0.3991
广州,15人以下,2,3.65,Java开发,0.3991
南京,50人以下,2,3.65,Java开发,0.3991
南京,50人以下,2,3.65,Java开发,0.3991
苏州,50人以下,2,3.65,Java开发,0.3991
苏州,50人以下,2,3.65,Java开发,0.3991
武汉,50人以下,2,3.65,前端开发,0.3991
北京,150-500人,2,3.65,后端开发,0.3991
北京,50-150人,2,3.65,后端开发,0.3991
上海,150-500人,2,3.65,后端开发,0.3991
上海,50人以下,2,3.65,后端开发,0.3991
上海,150-500人,2,3.65,后端开发,0.3991
上海,150-500人,2,3.65,后端开发,0.3991
上海,50人以下,2,3.65,后端开发,0.3991
上海,50人以下,2,3.65,后端开发,0.3991
上海,150-500人,2,3.65,后端开发,0.3991
深圳,50-150人,2,3.65,后端开发,0.3991
深圳,50人以下,2,3.65,后端开发,0.3991
杭州,15-50人,2,3.65,后端开发,0.3991
杭州,50人以下,2,3.65,后端开发,0.3991
武汉,50人以下,2,3.65,后端开发,0.3991
苏州,50人以下,2,3.65,后端开发,0.3991
苏州,50人以下,2,3.65,后端开发,0.3991
苏州,50人以下,2,3.65,后端开发,0.3991
苏州,50人以下,2,3.65,后端开发,0.3991
苏州,50人以下,2,3.65,后端开发,0.3991
苏州,50-150人,2,3.65,后端开发,0.3991
上海,50人以下,2,3.65,测试开发,0.3991
上海,150-500人,2,3.65,测试开发,0.3991
上海,50-150人,2,3.65,测试开发,0.3991
上海,50人以下,2,3.65,测试开发,0.3991
广州,50人以下,2,3.65,测试开发,0.3991
广州,50人以下,2,3.65,测试开发,0.3991
南京,50人以下,2,3.65,测试开发,0.3991
苏州,50人以下,2,3.65,测试开发,0.3991
苏州,50人以下,2,3.65,测试开发,0.3991
天津,50人以下,2,3.65,测试开发,0.3991
合肥,50人以下,2,3.65,测试开发,0.3991
北京,15-50人,2,3.65,客户端开发,0.3991
上海,50人以下,2,3.65,客户端开发,0.3991
上海,50-150人,2,3.65,客户端开发,0.3991
上海,50人以下,2,3.65,客户端开发,0.3991
上海,50-150人,2,3.65,客户端开发,0.3991
重庆,50人以下,2,3.65,客户端开发,0.3991
深圳,50人以下,2,3.65,算法工程师,0.3991
杭州,50人以下,2,3.65,算法工程师,0.3991
上海,50人以下,2,3.65,人工智能,0.3991
北京,50人以下,2,3.65,计算机视觉,0.3991
北京,50人以下,2,3.65,计算机视觉,0.3991
北京,50人以下,2,3.65,计算机视觉,0.3991
上海,50人以下,2,3.65,计算机视觉,0.3991
上海,50人以下,2,3.65,计算机视觉,0.3991
上海,150-500人,2,3.65,计算机视觉,0.3991
上海,50人以下,2,3.65,计算机视觉,0.3991
广州,50人以下,2,3.65,计算机视觉,0.3991
杭州,50人以下,2,3.65,计算机视觉,0.3991
北京,50人以下,2,3.65,数据分析,0.3991
北京,50人以下,2,3.65,数据分析,0.3991
北京,50人以下,2,3.65,数据分析,0.3991
上海,150-500人,2,3.65,数据分析,0.3991
上海,50人以下,2,3.65,数据分析,0.3991
上海,50人以下,2,3.65,数据分析,0.3991
上海,50人以下,2,3.65,数据分析,0.3991
上海,50-150人,2,3.65,数据分析,0.3991
上海,50人以下,2,3.65,数据分析,0.3991
上海,50人以下,2,3.65,数据分析,0.3991
上海,50人以下,2,3.65,数据分析,0.3991
上海,50人以下,2,3.65,数据分析,0.3991
上海,50人以下,2,3.65,数据分析,0.3991
上海,50人以下,2,3.65,数据分析,0.3991
上海,50人以下,2,3.65,数据分析,0.3991
上海,50-150人,2,3.65,数据分析,0.3991
广州,50人以下,2,3.65,数据分析,0.3991
深圳,50人以下,2,3.65,数据分析,0.3991
西安,50人以下,2,3.65,数据分析,0.3991
北京,50人以下,2,3.65,数据工程师,0.3991
北京,50人以下,2,3.65,数据工程师,0.3991
上海,50人以下,2,3.65,数据工程师,0.3991
上海,50人以下,2,3.65,数据工程师,0.3991
上海,50人以下,2,3.65,数据工程师,0.3991
上海,150-500人,2,3.65,数据工程师,0.3991
上海,50人以下,2,3.65,数据工程师,0.3991
上海,50人以下,2,3.65,数据工程师,0.3991
上海,50-150人,2,3.65,数据工程师,0.3991
上海,50人以下,2,3.65,数据工程师,0.3991
上海,50人以下,2,3.65,数据工程师,0.3991
广州,50人以下,2,3.65,数据工程师,0.3991
广州,50人以下,2,3.65,数据工程师,0.3991
杭州,50人以下,2,3.65,数据工程师,0.3991
北京,50人以下,2,3.65,产品经理,0.3991
北京,50人以下,2,3.65,产品经理,0.3991
北京,50人以下,2,3.65,产品经理,0.3991
北京,50人以下,2,3.65,产品经理,0.3991
北京,50人以下,2,3.65,产品经理,0.3991
北京,50人以下,2,3.65,产品经理,0.3991
北京,50人以下,2,3.65,产品经理,0.3991
北京,15-50人,2,3.65,产品经理,0.3991
北京,50人以下,2,3.65,产品经理,0.3991
北京,50人以下,2,3.65,产品经理,0.3991
北京,50人以下,2,3.65,产品经理,0.3991
北京,50人以下,2,3.65,产品经理,0.3991
北京,150-500人,2,3.65,产品经理,0.3991
上海,150-500人,2,3.65,产品经理,0.3991
上海,50人以下,2,3.65,产品经理,0.3991
上海,150-500人,2,3.65,产品经理,0.3991
上海,50人以下,2,3.65,产品经理,0.3991
上海,50人以下,2,3.65,产品经理,0.3991
上海,50人以下,2,3.65,产品经理,0.3991
上海,50人以下,2,3.65,产品经理,0.3991
上海,50人以下,2,3.65,产品经理,0.3991
上海,50人以下,2,3.65,产品经理,0.3991
上海,50人以下,2,3.65,产品经理,0.3991
上海,50人以下,2,3.65,产品经理,0.3991
上海,50人以下,2,3.65,产品经理,0.3991
上海,50人以下,2,3.65,产品经理,0.3991
上海,50人以下,2,3.65,产品经理,0.3991
上海,50人以下,2,3.65,产品经理,0.3991
上海,50人以下,2,3.65,产品经理,0.3991
上海,50人以下,2,3.65,产品经理,0.3991
上海,50人以下,2,3.65,产品经理,0.3991
上海,50人以下,2,3.65,产品经理,0.3991
上海,50人以下,2,3.65,产品经理,0.3991
上海,50人以下,2,3.65,产品经理,0.3991
上海,50人以下,2,3.65,产品经理,0.3991
上海,50人以下,2,3.65,产品经理,0.3991
上海,50人以下,2,3.65,产品经理,0.3991
上海,150-500人,2,3.65,产品经理,0.3991
上海,50人以下,2,3.65,产品经理,0.3991
上海,50人以下,2,3.65,产品经理,0.3991
上海,50人以下,2,3.65,产品经理,0.3991
上海,50-150人,2,3.65,产品经理,0.3991
上海,50人以下,2,3.65,产品经理,0.3991
上海,50人以下,2,3.65,产品经理,0.3991
上海,50人以下,2,3.65,产品经理,0.3991
上海,50人以下,2,3.65,产品经理,0.3991
上海,50人以下,2,3.65,产品经理,0.3991
上海,150-500人,2,3.65,产品经理,0.3991
上海,50人以下,2,3.65,产品经理,0.3991
上海,50人以下,2,3.65,产品经理,0.3991
上海,50人以下,2,3.65,产品经理,0.3991
上海,50人以下,2,3.65,产品经理,0.3991
上海,50人以下,2,3.65,产品经理,0.3991
上海,50人以下,2,3.65,产品经理,0.3991
上海,15-50人,2,3.65,产品经理,0.3991
上海,50人以下,2,3.65,产品经理,0.3991
上海,50人以下,2,3.65,产品经理,0.3991
上海,50人以下,2,3.65,产品经理,0.3991
上海,50人以下,2,3.65,产品经理,0.3991
上海,150-500人,2,3.65,产品经理,0.3991
上海,50人以下,2,3.65,产品经理,0.3991
上海,50人以下,2,3.65,产品经理,0.3991
上海,50人以下,2,3.65,产品经理,0.3991
上海,50人以下,2,3.65,产品经理,0.3991
上海,50人以下,2,3.65,产品经理,0.3991
上海,50人以下,2,3.65,产品经理,0.3991
上海,50-150人,2,3.65,产品经理,0.3991
广州,50-150人,2,3.65,产品经理,0.3991
广州,50人以下,2,3.65,产品经理,0.3991
深圳,50人以下,2,3.65,产品经理,0.3991
深圳,50人以下,2,3.65,产品经理,0.3991
深圳,15-50人,2,3.65,产品经理,0.3991
杭州,50人以下,2,3.65,产品经理,0.3991
成都,50人以下,2,3.65,产品经理,0.3991
成都,50人以下,2,3.65,产品经理,0.3991
成都,50人以下,2,3.65,产品经理,0.3991
成都,50人以下,2,3.65,产品经理,0.3991
成都,50人以下,2,3.65,产品经理,0.3991
成都,50人以下,2,3.65,产品经理,0.3991
成都,50人以下,2,3.65,产品经理,0.3991
成都,50人以下,2,3.65,产品经理,0.3991
成都,50人以下,2,3.65,产品经理,0.3991
成都,50人以下,2,3.65,产品经理,0.3991
成都,50人以下,2,3.65,产品经理,0.3991
成都,50人以下,2,3.65,产品经理,0.3991
成都,50人以下,2,3.65,产品经理,0.3991
成都,50人以下,2,3.65,产品经理,0.3991
成都,50人以下,2,3.65,产品经理,0.3991
成都,50人以下,2,3.65,产品经理,0.3991
成都,50人以下,2,3.65,产品经理,0.3991
成都,50人以下,2,3.65,产品经理,0.3991
成都,50人以下,2,3.65,产品经理,0.3991
成都,50人以下,2,3.65,产品经理,0.3991
成都,50人以下,2,3.65,产品经理,0.3991
成都,50人以下,2,3.65,产品经理,0.3991
成都,50人以下,2,3.65,产品经理,0.3991
成都,50人以下,2,3.65,产品经理,0.3991
成都,50人以下,2,3.65,产品经理,0.3991
成都,50人以下,2,3.65,产品经理,0.3991
成都,50人以下,2,3.65,产品经理,0.3991
成都,50人以下,2,3.65,产品经理,0.3991
成都,50人以下,2,3.65,产品经理,0.3991
成都,50人以下,2,3.65,产品经理,0.3991
成都,50人以下,2,3.65,产品经理,0.3991
成都,50人以下,2,3.65,产品经理,0.3991
成都,50人以下,2,3.65,产品经理,0.3991
成都,50人以下,2,3.65,产品经理,0.3991
成都,50人以下,2,3.65,产品经理,0.3991
成都,50人以下,2,3.65,产品经理,0.3991
成都,50人以下,2,3.65,产品经理,0.3991
成都,50人以下,2,3.65,产品经理,0.3991
成都,50人以下,2,3.65,产品经理,0.3991
南京,50人以下,2,3.65,产品经理,0.3991
重庆,50人以下,2,3.65,产品经理,0.3991
苏州,15-50人,2,3.65,产品经理,0.3991
厦门,50人以下,2,3.65,产品经理,0.3991
厦门,50人以下,2,3.65,产品经理,0.3991
佛山,50人以下,2,3.65,产品经理,0.3991
北京,50人以下,2,3.65,产品运营,0.3991
北京,50人以下,2,3.65,产品运营,0.3991
北京,50人以下,2,3.65,产品运营,0.3991
北京,50人以下,2,3.65,产品运营,0.3991
上海,50人以下,2,3.65,产品运营,0.3991
上海,50人以下,2,3.65,产品运营,0.3991
上海,150-500人,2,3.65,产品运营,0.3991
上海,50人以下,2,3.65,产品运营,0.3991
上海,50人以下,2,3.65,产品运营,0.3991
上海,50人以下,2,3.65,产品运营,0.3991
上海,50人以下,2,3.65,产品运营,0.3991
上海,15人以下,2,3.65,产品运营,0.3991
上海,150-500人,2,3.65,产品运营,0.3991
上海,50人以下,2,3.65,产品运营,0.3991
上海,150-500人,2,3.65,产品运营,0.3991
上海,50人以下,2,3.65,产品运营,0.3991
上海,50-150人,2,3.65,产品运营,0.3991
上海,50人以下,2,3.65,产品运营,0.3991
上海,150-500人,2,3.65,产品运营,0.3991
上海,50人以下,2,3.65,产品运营,0.3991
上海,50-150人,2,3.65,产品运营,0.3991
上海,15-50人,2,3.65,产品运营,0.3991
上海,50人以下,2,3.65,产品运营,0.3991
上海,50人以下,2,3.65,产品运营,0.3991
广州,50人以下,2,3.65,产品运营,0.3991
广州,50人以下,2,3.65,产品运营,0.3991
广州,50人以下,2,3.65,产品运营,0.3991
广州,50人以下,2,3.65,产品运营,0.3991
深圳,50人以下,2,3.65,产品运营,0.3991
深圳,50人以下,2,3.65,产品运营,0.3991
深圳,50人以下,2,3.65,产品运营,0.3991
杭州,50-150人,2,3.65,产品运营,0.3991
杭州,50人以下,2,3.65,产品运营,0.3991
杭州,50人以下,2,3.65,产品运营,0.3991
杭州,50人以下,2,3.65,产品运营,0.3991
成都,50人以下,2,3.65,产品运营,0.3991
成都,50人以下,2,3.65,产品运营,0.3991
成都,50人以下,2,3.65,产品运营,0.3991
成都,50人以下,2,3.65,产品运营,0.3991
成都,50人以下,2,3.65,产品运营,0.3991
成都,50人以下,2,3.65,产品运营,0.3991
成都,50人以下,2,3.65,产品运营,0.3991
成都,50人以下,2,3.65,产品运营,0.3991
成都,50人以下,2,3.65,产品运营,0.3991
成都,50人以下,2,3.65,产品运营,0.3991
成都,50人以下,2,3.65,产品运营,0.3991
成都,50人以下,2,3.65,产品运营,0.3991
成都,50人以下,2,3.65,产品运营,0.3991
成都,50人以下,2,3.65,产品运营,0.3991
成都,50人以下,2,3.65,产品运营,0.3991
成都,50人以下,2,3.65,产品运营,0.3991
成都,50人以下,2,3.65,产品运营,0.3991
成都,50人以下,2,3.65,产品运营,0.3991
成都,50人以下,2,3.65,产品运营,0.3991
成都,50人以下,2,3.65,产品运营,0.3991
武汉,50人以下,2,3.65,产品运营,0.3991
西安,50人以下,2,3.65,产品运营,0.3991
重庆,50人以下,2,3.65,产品运营,0.3991
苏州,15-50人,2,3.65,产品运营,0.3991
郑州,50人以下,2,3.65,产品运营,0.3991
合肥,15-50人,2,3.65,产品运营,0.3991
无锡,50人以下,2,3.65,产品运营,0.3991
北京,50人以下,2,3.65,数据运营,0.3991
北京,50人以下,2,3.65,数据运营,0.3991
北京,50人以下,2,3.65,数据运营,0.3991
上海,50人以下,2,3.65,数据运营,0.3991
上海,50人以下,2,3.65,数据运营,0.3991
上海,150-500人,2,3.65,数据运营,0.3991
上海,50人以下,2,3.65,数据运营,0.3991
上海,15-50人,2,3.65,数据运营,0.3991
上海,50人以下,2,3.65,数据运营,0.3991
上海,150-500人,2,3.65,数据运营,0.3991
上海,50人以下,2,3.65,数据运营,0.3991
上海,50人以下,2,3.65,数据运营,0.3991
上海,50人以下,2,3.65,数据运营,0.3991
上海,50人以下,2,3.65,数据运营,0.3991
上海,50人以下,2,3.65,数据运营,0.3991
上海,50人以下,2,3.65,数据运营,0.3991
北京,50人以下,2,3.65,游戏开发,0.3991
北京,50人以下,2,3.65,游戏开发,0.3991
上海,50人以下,2,3.65,游戏开发,0.3991
上海,50人以下,2,3.65,游戏开发,0.3991
深圳,50人以下,2,3.65,游戏开发,0.3991
杭州,50人以下,2,3.65,游戏开发,0.3991
成都,50人以下,2,3.65,游戏开发,0.3991
北京,50人以下,2,3.65,UI设计师,0.3991
北京,50人以下,2,3.65,UI设计师,0.3991
北京,50人以下,2,3.65,UI设计师,0.3991
上海,50人以下,2,3.65,UI设计师,0.3991
上海,50人以下,2,3.65,UI设计师,0.3991
上海,50人以下,2,3.65,UI设计师,0.3991
上海,50人以下,2,3.65,UI设计师,0.3991
上海,50人以下,2,3.65,UI设计师,0.3991
上海,50人以下,2,3.65,UI设计师,0.3991
上海,50人以下,2,3.65,UI设计师,0.3991
上海,50人以下,2,3.65,UI设计师,0.3991
上海,50人以下,2,3.65,UI设计师,0.3991
上海,150-500人,2,3.65,UI设计师,0.3991
上海,50人以下,2,3.65,UI设计师,0.3991
上海,15-50人,2,3.65,UI设计师,0.3991
上海,150-500人,2,3.65,UI设计师,0.3991
上海,150-500人,2,3.65,UI设计师,0.3991
广州,50人以下,2,3.65,UI设计师,0.3991
广州,50人以下,2,3.65,UI设计师,0.3991
广州,50人以下,2,3.65,UI设计师,0.3991
深圳,50人以下,2,3.65,UI设计师,0.3991
深圳,50人以下,2,3.65,UI设计师,0.3991
深圳,50人以下,2,3.65,UI设计师,0.3991
苏州,50-150人,2,3.65,UI设计师,0.3991
厦门,50人以下,2,3.65,UI设计师,0.3991
厦门,50人以下,2,3.65,UI设计师,0.3991
上海,150-500人,3,3.65,Java开发,0.2991
上海,50人以下,3,3.65,Java开发,0.2991
上海,150-500人,3,3.65,Java开发,0.2991
上海,50-150人,3,3.65,Java开发,0.2991
深圳,50人以下,3,3.65,Java开发,0.2991
成都,150-500人,3,3.65,Java开发,0.2991
成都,150-500人,3,3.65,Java开发,0.2991
北京,150-500人,3,3.65,后端开发,0.2991
上海,150-500人,3,3.65,后端开发,0.2991
上海,50人以下,3,3.65,后端开发,0.2991
深圳,150-500人,3,3.65,后端开发,0.2991
杭州,15-50人,3,3.65,后端开发,0.2991
武汉,50人以下,3,3.65,后端开发,0.2991
苏州,50人以下,3,3.65,后端开发,0.2991
北京,150-500人,3,3.65,算法工程师,0.2991
上海,150-500人,3,3.65,大模型算法,0.2991
北京,50人以下,3,3.65,数据分析,0.2991
上海,150-500人,3,3.65,数据分析,0.2991
上海,50人以下,3,3.65,数据分析,0.2991
上海,50人以下,3,3.65,数据分析,0.2991
北京,50人以下,3,3.65,数据工程师,0.2991
上海,50人以下,3,3.65,数据工程师,0.2991
上海,50人以下,3,3.65,产品经理,0.2991
上海,150-500人,3,3.65,产品经理,0.2991
苏州,50人以下,3,3.65,产品经理,0.2991
苏州,50人以下,3,3.65,产品经理,0.2991
苏州,50人以下,3,3.65,产品经理,0.2991
苏州,50人以下,3,3.65,产品经理,0.2991
广州,15-50人,0,3.5,Java开发,0.5909
广州,15-50人,0,3.5,Java开发,0.5909
广州,15-50人,0,3.5,Java开发,0.5909
西安,150-500人,0,3.5,Java开发,0.5909
广州,50人以下,0,3.5,前端开发,0.5909
上海,15人以下,0,3.5,后端开发,0.5909
北京,50人以下,0,3.5,客户端开发,0.5909
北京,50人以下,0,3.5,客户端开发,0.5909
北京,50人以下,0,3.5,客户端开发,0.5909
深圳,50人以下,0,3.5,客户端开发,0.5909
北京,50人以下,0,3.5,数据工程师,0.5909
北京,50人以下,0,3.5,产品经理,0.5909
北京,50人以下,0,3.5,产品经理,0.5909
北京,50人以下,0,3.5,产品经理,0.5909
广州,15-50人,0,3.5,产品经理,0.5909
广州,15-50人,0,3.5,产品经理,0.5909
杭州,50-150人,0,3.5,产品经理,0.5909
杭州,50人以下,0,3.5,产品经理,0.5909
武汉,50-150人,0,3.5,产品经理,0.5909
武汉,50-150人,0,3.5,产品经理,0.5909
南京,50人以下,0,3.5,产品经理,0.5909
北京,50人以下,0,3.5,产品运营,0.5909
北京,50人以下,0,3.5,产品运营,0.5909
上海,50人以下,0,3.5,产品运营,0.5909
杭州,50人以下,0,3.5,产品运营,0.5909
成都,15-50人,0,3.5,产品运营,0.5909
成都,15-50人,0,3.5,产品运营,0.5909
成都,150-500人,0,3.5,产品运营,0.5909
武汉,15-50人,0,3.5,产品运营,0.5909
北京,15-50人,0,3.5,数据运营,0.5909
上海,50人以下,0,3.5,数据运营,0.5909
上海,15-50人,0,3.5,游戏开发,0.5909
成都,15-50人,0,3.5,游戏开发,0.5909
杭州,15-50人,0,3.5,UI设计师,0.5909
成都,50人以下,1,3.5,Java开发,0.4909
北京,50人以下,1,3.5,测试开发,0.4909
广州,50人以下,1,3.5,测试开发,0.4909
上海,150-500人,1,3.5,产品运营,0.4909
上海,15-50人,1,3.5,产品运营,0.4909
上海,50人以下,1,3.5,产品运营,0.4909
广州,15-50人,1,3.5,产品运营,0.4909
成都,15-50人,1,3.5,产品运营,0.4909
郑州,50-150人,1,3.5,产品运营,0.4909
上海,50人以下,1,3.5,数据运营,0.4909
上海,15-50人,1,3.5,UI设计师,0.4909
广州,50-150人,1,3.5,UI设计师,0.4909
广州,150-500人,1,3.5,UI设计师,0.4909
广州,15人以下,1,3.5,UI设计师,0.4909
苏州,150-500人,1,3.5,UI设计师,0.4909
北京,50人以下,2,3.5,Java开发,0.3909
北京,50人以下,2,3.5,Java开发,0.3909
北京,50人以下,2,3.5,Java开发,0.3909
上海,50-150人,2,3.5,Java开发,0.3909
上海,50-150人,2,3.5,Java开发,0.3909
深圳,150-500人,2,3.5,Java开发,0.3909
杭州,50人以下,2,3.5,Java开发,0.3909
成都,150-500人,2,3.5,Java开发,0.3909
成都,150-500人,2,3.5,Java开发,0.3909
南京,15-50人,2,3.5,Java开发,0.3909
西安,150-500人,2,3.5,Java开发,0.3909
青岛,15-50人,2,3.5,Java开发,0.3909
上海,50-150人,2,3.5,前端开发,0.3909
深圳,150-500人,2,3.5,前端开发,0.3909
北京,15-50人,2,3.5,后端开发,0.3909
北京,50人以下,2,3.5,后端开发,0.3909
北京,15-50人,2,3.5,后端开发,0.3909
深圳,150-500人,2,3.5,后端开发,0.3909
杭州,50人以下,2,3.5,后端开发,0.3909
杭州,50人以下,2,3.5,后端开发,0.3909
杭州,15-50人,2,3.5,后端开发,0.3909
西安,150-500人,2,3.5,后端开发,0.3909
上海,150-500人,2,3.5,测试开发,0.3909
北京,50人以下,2,3.5,客户端开发,0.3909
天津,50人以下,2,3.5,客户端开发,0.3909
天津,50人以下,2,3.5,客户端开发,0.3909
苏州,50-150人,2,3.5,算法工程师,0.3909
上海,50-150人,2,3.5,计算机视觉,0.3909
北京,50人以下,2,3.5,数据分析,0.3909
北京,50人以下,2,3.5,数据分析,0.3909
上海,50-150人,2,3.5,数据分析,0.3909
上海,50人以下,2,3.5,数据分析,0.3909
杭州,50-150人,2,3.5,数据分析,0.3909
北京,50人以下,2,3.5,数据工程师,0.3909
北京,150-500人,2,3.5,产品经理,0.3909
北京,50人以下,2,3.5,产品经理,0.3909
北京,50人以下,2,3.5,产品经理,0.3909
上海,15-50人,2,3.5,产品经理,0.3909
上海,50-150人,2,3.5,产品经理,0.3909
上海,15-50人,2,3.5,产品经理,0.3909
上海,50人以下,2,3.5,产品经理,0.3909
上海,50-150人,2,3.5,产品经理,0.3909
上海,15-50人,2,3.5,产品经理,0.3909
广州,50人以下,2,3.5,产品经理,0.3909
广州,15-50人,2,3.5,产品经理,0.3909
深圳,50人以下,2,3.5,产品经理,0.3909
深圳,50-150人,2,3.5,产品经理,0.3909
深圳,50人以下,2,3.5,产品经理,0.3909
杭州,50人以下,2,3.5,产品经理,0.3909
杭州,50人以下,2,3.5,产品经理,0.3909
杭州,15-50人,2,3.5,产品经理,0.3909
苏州,50-150人,2,3.5,产品经理,0.3909
苏州,50-150人,2,3.5,产品经理,0.3909
苏州,50-150人,2,3.5,产品经理,0.3909
天津,150-500人,2,3.5,产品经理,0.3909
北京,50人以下,2,3.5,产品运营,0.3909
北京,50人以下,2,3.5,产品运营,0.3909
上海,50人以下,2,3.5,产品运营,0.3909
全国,150-500人,2,3.5,产品运营,0.3909
深圳,50人以下,2,3.5,产品运营,0.3909
杭州,50-150人,2,3.5,产品运营,0.3909
重庆,50人以下,2,3.5,产品运营,0.3909
天津,50人以下,2,3.5,产品运营,0.3909
厦门,15-50人,2,3.5,产品运营,0.3909
北京,50人以下,2,3.5,数据运营,0.3909
北京,15人以下,2,3.5,UI设计师,0.3909
北京,50人以下,2,3.5,UI设计师,0.3909
上海,15-50人,2,3.5,UI设计师,0.3909
上海,15-50人,2,3.5,UI设计师,0.3909
上海,15-50人,2,3.5,UI设计师,0.3909
上海,50人以下,2,3.5,UI设计师,0.3909
南京,50人以下,2,3.5,UI设计师,0.3909
北京,50人以下,3,3.5,Java开发,0.2909
上海,50人以下,3,3.5,Java开发,0.2909
苏州,50人以下,3,3.5,Java开发,0.2909
苏州,50人以下,3,3.5,Java开发,0.2909
苏州,50人以下,3,3.5,Java开发,0.2909
苏州,50人以下,3,3.5,Java开发,0.2909
苏州,50人以下,3,3.5,Java开发,0.2909
苏州,50人以下,3,3.5,后端开发,0.2909
深圳,50人以下,3,3.5,算法工程师,0.2909
北京,15-50人,3,3.5,数据分析,0.2909
广州,50-150人,3,3.5,产品经理,0.2909
苏州,50人以下,3,3.5,产品经理,0.2909
广州,50人以下,3,3.5,产品运营,0.2909
成都,50人以下,2,3.4,后端开发,0.3855
西安,50人以下,2,3.4,后端开发,0.3855
成都,50人以下,2,3.4,产品经理,0.3855
全国,50-150人,0,3.3000000000000003,Java开发,0.58
上海,15-50人,0,3.3000000000000003,Java开发,0.58
广州,50-150人,0,3.3000000000000003,Java开发,0.58
杭州,15-50人,0,3.3000000000000003,Java开发,0.58
北京,15-50人,0,3.3000000000000003,后端开发,0.58
北京,50人以下,0,3.3000000000000003,后端开发,0.58
上海,15-50人,0,3.3000000000000003,后端开发,0.58
上海,15-50人,0,3.3000000000000003,后端开发,0.58
成都,50人以下,0,3.3000000000000003,后端开发,0.58
南京,15-50人,0,3.3000000000000003,后端开发,0.58
无锡,150-500人,0,3.3000000000000003,客户端开发,0.58
上海,15-50人,0,3.3000000000000003,算法工程师,0.58
广州,15-50人,0,3.3000000000000003,人工智能,0.58
天津,15人以下,0,3.3000000000000003,计算机视觉,0.58
上海,50人以下,0,3.3000000000000003,数据分析,0.58
北京,50人以下,0,3.3000000000000003,产品经理,0.58
北京,150-500人,0,3.3000000000000003,产品经理,0.58
北京,50-150人,0,3.3000000000000003,产品经理,0.58
北京,15-50人,0,3.3000000000000003,产品经理,0.58
上海,15-50人,0,3.3000000000000003,产品经理,0.58
上海,15-50人,0,3.3000000000000003,产品经理,0.58
上海,50-150人,0,3.3000000000000003,产品经理,0.58
上海,50人以下,0,3.3000000000000003,产品经理,0.58
广州,15人以下,0,3.3000000000000003,产品经理,0.58
广州,150-500人,0,3.3000000000000003,产品经理,0.58
深圳,15人以下,0,3.3000000000000003,产品经理,0.58
杭州,150-500人,0,3.3000000000000003,产品经理,0.58
成都,50人以下,0,3.3000000000000003,产品经理,0.58
成都,15人以下,0,3.3000000000000003,产品经理,0.58
武汉,150-500人,0,3.3000000000000003,产品经理,0.58
武汉,50-150人,0,3.3000000000000003,产品经理,0.58
郑州,50人以下,0,3.3000000000000003,产品经理,0.58
青岛,50-150人,0,3.3000000000000003,产品经理,0.58
青岛,15-50人,0,3.3000000000000003,产品经理,0.58
北京,150-500人,0,3.3000000000000003,产品运营,0.58
上海,15人以下,0,3.3000000000000003,产品运营,0.58
广州,15-50人,0,3.3000000000000003,产品运营,0.58
全国,15-50人,0,3.3000000000000003,产品运营,0.58
杭州,15-50人,0,3.3000000000000003,产品运营,0.58
杭州,50人以下,0,3.3000000000000003,产品运营,0.58
成都,15-50人,0,3.3000000000000003,产品运营,0.58
成都,50人以下,0,3.3000000000000003,产品运营,0.58
武汉,15人以下,0,3.3000000000000003,产品运营,0.58
西安,15-50人,0,3.3000000000000003,产品运营,0.58
长沙,15-50人,0,3.3000000000000003,产品运营,0.58
宁波,50-150人,0,3.3000000000000003,产品运营,0.58
佛山,50-150人,0,3.3000000000000003,产品运营,0.58
上海,50-150人,0,3.3000000000000003,数据运营,0.58
成都,50-150人,0,3.3000000000000003,游戏开发,0.58
天津,15-50人,0,3.3000000000000003,游戏开发,0.58
上海,15-50人,0,3.3000000000000003,UI设计师,0.58
上海,150-500人,1,3.3000000000000003,后端开发,0.48
杭州,50-150人,1,3.3000000000000003,算法工程师,0.48
佛山,15-50人,1,3.3000000000000003,计算机视觉,0.48
上海,15-50人,1,3.3000000000000003,产品经理,0.48
广州,15-50人,1,3.3000000000000003,产品经理,0.48
广州,50人以下,1,3.3000000000000003,产品经理,0.48
广州,50-150人,1,3.3000000000000003,产品经理,0.48
武汉,50-150人,1,3.3000000000000003,产品经理,0.48
深圳,50人以下,1,3.3000000000000003,产品运营,0.48
成都,15-50人,1,3.3000000000000003,产品运营,0.48
成都,15-50人,1,3.3000000000000003,产品运营,0.48
成都,50人以下,1,3.3000000000000003,产品运营,0.48
武汉,15-50人,1,3.3000000000000003,产品运营,0.48
长沙,15-50人,1,3.3000000000000003,产品运营,0.48
长沙,15-50人,1,3.3000000000000003,产品运营,0.48
厦门,15人以下,1,3.3000000000000003,产品运营,0.48
北京,15人以下,1,3.3000000000000003,数据运营,0.48
武汉,50-150人,1,3.3000000000000003,游戏开发,0.48
武汉,50-150人,1,3.3000000000000003,游戏开发,0.48
重庆,150-500人,1,3.3000000000000003,游戏开发,0.48
北京,50人以下,2,3.3000000000000003,Java开发,0.38
北京,50人以下,2,3.3000000000000003,Java开发,0.38
北京,15-50人,2,3.3000000000000003,Java开发,0.38
北京,50人以下,2,3.3000000000000003,Java开发,0.38
北京,50人以下,2,3.3000000000000003,Java开发,0.38
北京,50人以下,2,3.3000000000000003,Java开发,0.38
上海,50-150人,2,3.3000000000000003,Java开发,0.38
上海,15-50人,2,3.3000000000000003,Java开发,0.38
上海,15-50人,2,3.3000000000000003,Java开发,0.38
上海,15-50人,2,3.3000000000000003,Java开发,0.38
上海,15-50人,2,3.3000000000000003,Java开发,0.38
上海,50-150人,2,3.3000000000000003,Java开发,0.38
广州,15-50人,2,3.3000000000000003,Java开发,0.38
广州,50人以下,2,3.3000000000000003,Java开发,0.38
广州,15-50人,2,3.3000000000000003,Java开发,0.38
广州,15-50人,2,3.3000000000000003,Java开发,0.38
杭州,50-150人,2,3.3000000000000003,Java开发,0.38
杭州,50-150人,2,3.3000000000000003,Java开发,0.38
杭州,50-150人,2,3.3000000000000003,Java开发,0.38
杭州,50-150人,2,3.3000000000000003,Java开发,0.38
杭州,50-150人,2,3.3000000000000003,Java开发,0.38
杭州,50-150人,2,3.3000000000000003,Java开发,0.38
武汉,50人以下,2,3.3000000000000003,Java开发,0.38
武汉,50人以下,2,3.3000000000000003,Java开发,0.38
武汉,50人以下,2,3.3000000000000003,Java开发,0.38
重庆,50-150人,2,3.3000000000000003,Java开发,0.38
重庆,50-150人,2,3.3000000000000003,Java开发,0.38
佛山,15-50人,2,3.3000000000000003,Java开发,0.38
北京,15-50人,2,3.3000000000000003,前端开发,0.38
合肥,150-500人,2,3.3000000000000003,前端开发,0.38
北京,50人以下,2,3.3000000000000003,后端开发,0.38
北京,150-500人,2,3.3000000000000003,后端开发,0.38
北京,未知规模,2,3.3000000000000003,后端开发,0.38
北京,50-150人,2,3.3000000000000003,后端开发,0.38
北京,15-50人,2,3.3000000000000003,后端开发,0.38
北京,50人以下,2,3.3000000000000003,后端开发,0.38
广州,15-50人,2,3.3000000000000003,后端开发,0.38
广州,50-150人,2,3.3000000000000003,后端开发,0.38
深圳,50-150人,2,3.3000000000000003,后端开发,0.38
武汉,150-500人,2,3.3000000000000003,后端开发,0.38
南京,50-150人,2,3.3000000000000003,后端开发,0.38
苏州,50-150人,2,3.3000000000000003,测试开发,0.38
上海,15-50人,2,3.3000000000000003,算法工程师,0.38
上海,50人以下,2,3.3000000000000003,算法工程师,0.38
上海,50人以下,2,3.3000000000000003,算法工程师,0.38
广州,150-500人,2,3.3000000000000003,算法工程师,0.38
北京,15-50人,2,3.3000000000000003,人工智能,0.38
成都,50人以下,2,3.3000000000000003,大模型算法,0.38
北京,50人以下,2,3.3000000000000003,数据分析,0.38
上海,15-50人,2,3.3000000000000003,数据分析,0.38
上海,15-50人,2,3.3000000000000003,数据分析,0.38
深圳,50-150人,2,3.3000000000000003,数据分析,0.38
苏州,50人以下,2,3.3000000000000003,数据分析,0.38
成都,15-50人,2,3.3000000000000003,数据工程师,0.38
北京,50人以下,2,3.3000000000000003,产品经理,0.38
北京,50人以下,2,3.3000000000000003,产品经理,0.38
北京,50人以下,2,3.3000000000000003,产品经理,0.38
北京,50人以下,2,3.3000000000000003,产品经理,0.38
北京,50人以下,2,3.3000000000000003,产品经理,0.38
北京,50人以下,2,3.3000000000000003,产品经理,0.38
上海,15-50人,2,3.3000000000000003,产品经理,0.38
上海,50-150人,2,3.3000000000000003,产品经理,0.38
上海,50人以下,2,3.3000000000000003,产品经理,0.38
上海,15-50人,2,3.3000000000000003,产品经理,0.38
上海,15-50人,2,3.3000000000000003,产品经理,0.38
上海,15-50人,2,3.3000000000000003,产品经理,0.38
上海,15-50人,2,3.3000000000000003,产品经理,0.38
上海,50人以下,2,3.3000000000000003,产品经理,0.38
上海,50人以下,2,3.3000000000000003,产品经理,0.38
上海,50人以下,2,3.3000000000000003,产品经理,0.38
广州,15-50人,2,3.3000000000000003,产品经理,0.38
广州,15人以下,2,3.3000000000000003,产品经理,0.38
深圳,50人以下,2,3.3000000000000003,产品经理,0.38
深圳,50-150人,2,3.3000000000000003,产品经理,0.38
深圳,15-50人,2,3.3000000000000003,产品经理,0.38
杭州,15-50人,2,3.3000000000000003,产品经理,0.38
成都,50-150人,2,3.3000000000000003,产品经理,0.38
武汉,15-50人,2,3.3000000000000003,产品经理,0.38
重庆,50人以下,2,3.3000000000000003,产品经理,0.38
苏州,50人以下,2,3.3000000000000003,产品经理,0.38
厦门,150-500人,2,3.3000000000000003,产品经理,0.38
宁波,15-50人,2,3.3000000000000003,产品经理,0.38
北京,50人以下,2,3.3000000000000003,产品运营,0.38
北京,50人以下,2,3.3000000000000003,产品运营,0.38
上海,15-50人,2,3.3000000000000003,产品运营,0.38
上海,50人以下,2,3.3000000000000003,产品运营,0.38
广州,15-50人,2,3.3000000000000003,产品运营,0.38
广州,15-50人,2,3.3000000000000003,产品运营,0.38
深圳,15-50人,2,3.3000000000000003,产品运营,0.38
深圳,50-150人,2,3.3000000000000003,产品运营,0.38
深圳,150-500人,2,3.3000000000000003,产品运营,0.38
杭州,50人以下,2,3.3000000000000003,产品运营,0.38
杭州,50人以下,2,3.3000000000000003,产品运营,0.38
杭州,15-50人,2,3.3000000000000003,产品运营,0.38
成都,150-500人,2,3.3000000000000003,产品运营,0.38
苏州,50人以下,2,3.3000000000000003,产品运营,0.38
天津,150-500人,2,3.3000000000000003,产品运营,0.38
合肥,50人以下,2,3.3000000000000003,产品运营,0.38
宁波,50-150人,2,3.3000000000000003,产品运营,0.38
北京,50人以下,2,3.3000000000000003,数据运营,0.38
北京,150-500人,2,3.3000000000000003,数据运营,0.38
北京,50人以下,2,3.3000000000000003,数据运营,0.38
北京,15人以下,2,3.3000000000000003,数据运营,0.38
北京,50-150人,2,3.3000000000000003,数据运营,0.38
上海,15人以下,2,3.3000000000000003,数据运营,0.38
北京,15-50人,2,3.3000000000000003,游戏开发,0.38
北京,50人以下,2,3.3000000000000003,游戏开发,0.38
上海,50人以下,2,3.3000000000000003,游戏开发,0.38
成都,50人以下,2,3.3000000000000003,游戏开发,0.38
北京,50人以下,2,3.3000000000000003,UI设计师,0.38
北京,15-50人,2,3.3000000000000003,UI设计师,0.38
北京,50-150人,2,3.3000000000000003,UI设计师,0.38
上海,50人以下,2,3.3000000000000003,UI设计师,0.38
上海,15-50人,2,3.3000000000000003,UI设计师,0.38
上海,150-500人,2,3.3000000000000003,UI设计师,0.38
广州,15-50人,2,3.3000000000000003,UI设计师,0.38
深圳,50人以下,2,3.3000000000000003,UI设计师,0.38
深圳,150-500人,2,3.3000000000000003,UI设计师,0.38
杭州,50人以下,2,3.3000000000000003,UI设计师,0.38
宁波,50-150人,2,3.3000000000000003,UI设计师,0.38
北京,50人以下,3,3.3000000000000003,前端开发,0.28
全国,150-500人,3,3.3000000000000003,数据分析,0.28
北京,50人以下,3,3.3000000000000003,数据分析,0.28
北京,50人以下,3,3.3000000000000003,数据分析,0.28
北京,50-150人,3,3.3000000000000003,产品经理,0.28
全国,50人以下,3,3.3000000000000003,产品经理,0.28
上海,50人以下,3,3.3000000000000003,产品经理,0.28
郑州,150-500人,3,3.3000000000000003,产品经理,0.28
北京,50人以下,0,3.3,Java开发,0.58
上海,50人以下,0,3.3,Java开发,0.58
成都,15-50人,0,3.3,Java开发,0.58
成都,15-50人,0,3.3,Java开发,0.58
成都,15-50人,0,3.3,Java开发,0.58
苏州,15-50人,0,3.3,Java开发,0.58
合肥,50人以下,0,3.3,Java开发,0.58
南京,50人以下,0,3.3,前端开发,0.58
北京,50人以下,0,3.3,后端开发,0.58
上海,50人以下,0,3.3,后端开发,0.58
上海,150-500人,0,3.3,后端开发,0.58
上海,50-150人,0,3.3,后端开发,0.58
成都,15-50人,0,3.3,后端开发,0.58
苏州,50人以下,0,3.3,后端开发,0.58
合肥,50人以下,0,3.3,后端开发,0.58
上海,50-150人,0,3.3,测试开发,0.58
上海,50-150人,0,3.3,测试开发,0.58
上海,50人以下,0,3.3,测试开发,0.58
青岛,150-500人,0,3.3,测试开发,0.58
上海,15-50人,0,3.3,客户端开发,0.58
上海,50-150人,0,3.3,客户端开发,0.58
深圳,50人以下,0,3.3,客户端开发,0.58
北京,50-150人,0,3.3,算法工程师,0.58
上海,50人以下,0,3.3,算法工程师,0.58
上海,50人以下,0,3.3,人工智能,0.58
上海,50人以下,0,3.3,计算机视觉,0.58
广州,50人以下,0,3.3,计算机视觉,0.58
上海,50-150人,0,3.3,大模型算法,0.58
上海,50人以下,0,3.3,大模型算法,0.58
上海,50人以下,0,3.3,数据分析,0.58
上海,50人以下,0,3.3,数据分析,0.58
深圳,50人以下,0,3.3,数据分析,0.58
北京,50人以下,0,3.3,数据工程师,0.58
上海,15人以下,0,3.3,数据工程师,0.58
上海,50人以下,0,3.3,数据工程师,0.58
上海,50人以下,0,3.3,数据工程师,0.58
深圳,50人以下,0,3.3,数据工程师,0.58
北京,50-150人,0,3.3,产品经理,0.58
北京,50人以下,0,3.3,产品经理,0.58
上海,50人以下,0,3.3,产品经理,0.58
上海,150-500人,0,3.3,产品经理,0.58
上海,50人以下,0,3.3,产品经理,0.58
上海,50人以下,0,3.3,产品经理,0.58
上海,50人以下,0,3.3,产品经理,0.58
上海,50人以下,0,3.3,产品经理,0.58
上海,50人以下,0,3.3,产品经理,0.58
上海,50人以下,0,3.3,产品经理,0.58
上海,50人以下,0,3.3,产品经理,0.58
上海,50人以下,0,3.3,产品经理,0.58
上海,50人以下,0,3.3,产品经理,0.58
上海,50人以下,0,3.3,产品经理,0.58
上海,150-500人,0,3.3,产品经理,0.58
上海,50人以下,0,3.3,产品经理,0.58
上海,50人以下,0,3.3,产品经理,0.58
广州,50人以下,0,3.3,产品经理,0.58
广州,50人以下,0,3.3,产品经理,0.58
广州,15-50人,0,3.3,产品经理,0.58
深圳,50人以下,0,3.3,产品经理,0.58
深圳,150-500人,0,3.3,产品经理,0.58
深圳,15人以下,0,3.3,产品经理,0.58
成都,50人以下,0,3.3,产品经理,0.58
成都,50人以下,0,3.3,产品经理,0.58
郑州,50人以下,0,3.3,产品经理,0.58
郑州,50人以下,0,3.3,产品经理,0.58
上海,50人以下,0,3.3,产品运营,0.58
上海,50人以下,0,3.3,产品运营,0.58
上海,50人以下,0,3.3,产品运营,0.58
上海,50人以下,0,3.3,产品运营,0.58
上海,15-50人,0,3.3,产品运营,0.58
上海,50人以下,0,3.3,产品运营,0.58
上海,50人以下,0,3.3,产品运营,0.58
上海,15-50人,0,3.3,产品运营,0.58
上海,50人以下,0,3.3,产品运营,0.58
上海,50人以下,0,3.3,产品运营,0.58
广州,50人以下,0,3.3,产品运营,0.58
广州,50人以下,0,3.3,产品运营,0.58
广州,50人以下,0,3.3,产品运营,0.58
深圳,50人以下,0,3.3,产品运营,0.58
深圳,150-500人,0,3.3,产品运营,0.58
深圳,150-500人,0,3.3,产品运营,0.58
杭州,150-500人,0,3.3,产品运营,0.58
杭州,15-50人,0,3.3,产品运营,0.58
成都,50-150人,0,3.3,产品运营,0.58
成都,150-500人,0,3.3,产品运营,0.58
成都,50-150人,0,3.3,产品运营,0.58
南京,50人以下,0,3.3,产品运营,0.58
西安,15-50人,0,3.3,产品运营,0.58
苏州,50人以下,0,3.3,产品运营,0.58
郑州,15-50人,0,3.3,产品运营,0.58
厦门,50人以下,0,3.3,产品运营,0.58
厦门,15-50人,0,3.3,产品运营,0.58
青岛,50人以下,0,3.3,产品运营,0.58
上海,150-500人,0,3.3,数据运营,0.58
广州,50人以下,0,3.3,游戏开发,0.58
北京,50人以下,0,3.3,UI设计师,0.58
北京,150-500人,0,3.3,UI设计师,0.58
北京,50人以下,0,3.3,UI设计师,0.58
上海,150-500人,0,3.3,UI设计师,0.58
上海,50人以下,0,3.3,UI设计师,0.58
上海,15-50人,0,3.3,UI设计师,0.58
广州,50人以下,0,3.3,UI设计师,0.58
南京,50人以下,0,3.3,UI设计师,0.58
苏州,150-500人,0,3.3,UI设计师,0.58
全国,15-50人,1,3.3,Java开发,0.48
上海,15-50人,1,3.3,Java开发,0.48
广州,150-500人,1,3.3,Java开发,0.48
深圳,150-500人,1,3.3,Java开发,0.48
上海,50-150人,1,3.3,后端开发,0.48
上海,50-150人,1,3.3,后端开发,0.48
上海,50人以下,1,3.3,测试开发,0.48
杭州,150-500人,1,3.3,测试开发,0.48
南京,50人以下,1,3.3,测试开发,0.48
上海,15-50人,1,3.3,客户端开发,0.48
上海,15-50人,1,3.3,算法工程师,0.48
厦门,50-150人,1,3.3,计算机视觉,0.48
上海,50-150人,1,3.3,数据分析,0.48
北京,150-500人,1,3.3,产品经理,0.48
上海,50人以下,1,3.3,产品经理,0.48
广州,50人以下,1,3.3,产品运营,0.48
深圳,15-50人,1,3.3,产品运营,0.48
成都,50人以下,1,3.3,产品运营,0.48
武汉,50人以下,1,3.3,产品运营,0.48
南京,150-500人,1,3.3,产品运营,0.48
苏州,150-500人,1,3.3,产品运营,0.48
青岛,50人以下,1,3.3,产品运营,0.48
上海,50-150人,1,3.3,UI设计师,0.48
苏州,150-500人,1,3.3,UI设计师,0.48
北京,50人以下,2,3.3,Java开发,0.38
上海,50-150人,2,3.3,Java开发,0.38
上海,50-150人,2,3.3,Java开发,0.38
上海,50-150人,2,3.3,Java开发,0.38
上海,50-150人,2,3.3,Java开发,0.38
上海,50-150人,2,3.3,Java开发,0.38
上海,15-50人,2,3.3,Java开发,0.38
上海,50人以下,2,3.3,Java开发,0.38
上海,50人以下,2,3.3,Java开发,0.38
广州,50人以下,2,3.3,Java开发,0.38
杭州,15-50人,2,3.3,Java开发,0.38
杭州,50人以下,2,3.3,Java开发,0.38
南京,50人以下,2,3.3,Java开发,0.38
合肥,50人以下,2,3.3,Java开发,0.38
合肥,50人以下,2,3.3,Java开发,0.38
合肥,50人以下,2,3.3,Java开发,0.38
合肥,50人以下,2,3.3,Java开发,0.38
深圳,50人以下,2,3.3,前端开发,0.38
北京,50人以下,2,3.3,后端开发,0.38
北京,50人以下,2,3.3,后端开发,0.38
上海,150-500人,2,3.3,后端开发,0.38
上海,50人以下,2,3.3,后端开发,0.38
上海,50人以下,2,3.3,后端开发,0.38
上海,50人以下,2,3.3,后端开发,0.38
上海,50-150人,2,3.3,后端开发,0.38
上海,50人以下,2,3.3,后端开发,0.38
上海,50人以下,2,3.3,后端开发,0.38
上海,50人以下,2,3.3,后端开发,0.38
上海,50人以下,2,3.3,后端开发,0.38
上海,50人以下,2,3.3,后端开发,0.38
上海,50-150人,2,3.3,后端开发,0.38
杭州,50人以下,2,3.3,后端开发,0.38
杭州,15-50人,2,3.3,后端开发,0.38
成都,50人以下,2,3.3,后端开发,0.38
成都,150-500人,2,3.3,后端开发,0.38
武汉,15-50人,2,3.3,后端开发,0.38
合肥,50人以下,2,3.3,后端开发,0.38
合肥,50人以下,2,3.3,后端开发,0.38
合肥,50人以下,2,3.3,后端开发,0.38
合肥,50人以下,2,3.3,后端开发,0.38
合肥,50人以下,2,3.3,后端开发,0.38
合肥,50人以下,2,3.3,后端开发,0.38
北京,50人以下,2,3.3,测试开发,0.38
北京,50人以下,2,3.3,测试开发,0.38
北京,50人以下,2,3.3,测试开发,0.38
北京,50人以下,2,3.3,测试开发,0.38
北京,150-500人,2,3.3,测试开发,0.38
上海,50-150人,2,3.3,测试开发,0.38
上海,50人以下,2,3.3,测试开发,0.38
上海,50人以下,2,3.3,测试开发,0.38
上海,50人以下,2,3.3,测试开发,0.38
上海,50人以下,2,3.3,测试开发,0.38
上海,50人以下,2,3.3,测试开发,0.38
上海,50人以下,2,3.3,测试开发,0.38
上海,50人以下,2,3.3,测试开发,0.38
上海,50人以下,2,3.3,测试开发,0.38
上海,50人以下,2,3.3,测试开发,0.38
上海,50人以下,2,3.3,测试开发,0.38
深圳,50人以下,2,3.3,测试开发,0.38
杭州,50人以下,2,3.3,测试开发,0.38
杭州,50人以下,2,3.3,测试开发,0.38
成都,50人以下,2,3.3,测试开发,0.38
成都,50人以下,2,3.3,测试开发,0.38
苏州,50-150人,2,3.3,测试开发,0.38
合肥,50人以下,2,3.3,测试开发,0.38
合肥,50人以下,2,3.3,测试开发,0.38
合肥,50人以下,2,3.3,测试开发,0.38
上海,50人以下,2,3.3,客户端开发,0.38
上海,50人以下,2,3.3,客户端开发,0.38
上海,50-150人,2,3.3,客户端开发,0.38
上海,50-150人,2,3.3,客户端开发,0.38
上海,15-50人,2,3.3,客户端开发,0.38
上海,50-150人,2,3.3,客户端开发,0.38
上海,150-500人,2,3.3,客户端开发,0.38
上海,50人以下,2,3.3,客户端开发,0.38
深圳,15人以下,2,3.3,客户端开发,0.38
上海,50人以下,2,3.3,运维开发,0.38
上海,50人以下,2,3.3,算法工程师,0.38
上海,150-500人,2,3.3,算法工程师,0.38
北京,50人以下,2,3.3,人工智能,0.38
南京,50人以下,2,3.3,人工智能,0.38
北京,50人以下,2,3.3,计算机视觉,0.38
北京,50人以下,2,3.3,计算机视觉,0.38
北京,50人以下,2,3.3,计算机视觉,0.38
北京,50人以下,2,3.3,计算机视觉,0.38
上海,50人以下,2,3.3,计算机视觉,0.38
上海,50人以下,2,3.3,计算机视觉,0.38
上海,15-50人,2,3.3,计算机视觉,0.38
上海,15-50人,2,3.3,计算机视觉,0.38
苏州,50-150人,2,3.3,计算机视觉,0.38
北京,50人以下,2,3.3,大模型算法,0.38
北京,150-500人,2,3.3,大模型算法,0.38
上海,50人以下,2,3.3,大模型算法,0.38
上海,50人以下,2,3.3,大模型算法,0.38
上海,50人以下,2,3.3,大模型算法,0.38
上海,50人以下,2,3.3,大模型算法,0.38
北京,150-500人,2,3.3,数据分析,0.38
北京,50人以下,2,3.3,数据分析,0.38
北京,150-500人,2,3.3,数据分析,0.38
北京,150-500人,2,3.3,数据分析,0.38
上海,50人以下,2,3.3,数据分析,0.38
上海,50人以下,2,3.3,数据分析,0.38
上海,50人以下,2,3.3,数据分析,0.38
上海,50人以下,2,3.3,数据分析,0.38
上海,50人以下,2,3.3,数据分析,0.38
上海,50人以下,2,3.3,数据分析,0.38
上海,50人以下,2,3.3,数据分析,0.38
上海,50人以下,2,3.3,数据分析,0.38
上海,150-500人,2,3.3,数据分析,0.38
上海,50人以下,2,3.3,数据分析,0.38
上海,50人以下,2,3.3,数据分析,0.38
上海,15-50人,2,3.3,数据分析,0.38
上海,50人以下,2,3.3,数据分析,0.38
上海,50人以下,2,3.3,数据分析,0.38
上海,50-150人,2,3.3,数据分析,0.38
广州,50人以下,2,3.3,数据分析,0.38
广州,50人以下,2,3.3,数据分析,0.38
广州,50人以下,2,3.3,数据分析,0.38
广州,50人以下,2,3.3,数据分析,0.38
深圳,50人以下,2,3.3,数据分析,0.38
深圳,50人以下,2,3.3,数据分析,0.38
深圳,50-150人,2,3.3,数据分析,0.38
杭州,15人以下,2,3.3,数据分析,0.38
上海,50人以下,2,3.3,数据挖掘,0.38
深圳,150-500人,2,3.3,数据挖掘,0.38
北京,50人以下,2,3.3,数据工程师,0.38
北京,15-50人,2,3.3,数据工程师,0.38
上海,50人以下,2,3.3,数据工程师,0.38
上海,150-500人,2,3.3,数据工程师,0.38
上海,50人以下,2,3.3,数据工程师,0.38
上海,50人以下,2,3.3,数据工程师,0.38
上海,50人以下,2,3.3,数据工程师,0.38
上海,50人以下,2,3.3,数据工程师,0.38
上海,50人以下,2,3.3,数据工程师,0.38
上海,50人以下,2,3.3,数据工程师,0.38
上海,50人以下,2,3.3,数据工程师,0.38
上海,50人以下,2,3.3,数据工程师,0.38
上海,50人以下,2,3.3,数据工程师,0.38
上海,50人以下,2,3.3,数据工程师,0.38
上海,15人以下,2,3.3,数据工程师,0.38
上海,50人以下,2,3.3,数据工程师,0.38
上海,150-500人,2,3.3,数据工程师,0.38
上海,50人以下,2,3.3,数据工程师,0.38
上海,50人以下,2,3.3,数据工程师,0.38
上海,50人以下,2,3.3,数据工程师,0.38
天津,50人以下,2,3.3,数据工程师,0.38
合肥,50人以下,2,3.3,数据工程师,0.38
北京,150-500人,2,3.3,产品经理,0.38
北京,50-150人,2,3.3,产品经理,0.38
北京,50人以下,2,3.3,产品经理,0.38
北京,50人以下,2,3.3,产品经理,0.38
北京,50人以下,2,3.3,产品经理,0.38
北京,15人以下,2,3.3,产品经理,0.38
北京,50人以下,2,3.3,产品经理,0.38
北京,50人以下,2,3.3,产品经理,0.38
北京,50人以下,2,3.3,产品经理,0.38
北京,50人以下,2,3.3,产品经理,0.38
北京,50人以下,2,3.3,产品经理,0.38
北京,50人以下,2,3.3,产品经理,0.38
北京,50人以下,2,3.3,产品经理,0.38
北京,50人以下,2,3.3,产品经理,0.38
北京,50人以下,2,3.3,产品经理,0.38
北京,50人以下,2,3.3,产品经理,0.38
上海,150-500人,2,3.3,产品经理,0.38
上海,50人以下,2,3.3,产品经理,0.38
上海,50人以下,2,3.3,产品经理,0.38
上海,50人以下,2,3.3,产品经理,0.38
上海,50-150人,2,3.3,产品经理,0.38
上海,50人以下,2,3.3,产品经理,0.38
上海,150-500人,2,3.3,产品经理,0.38
上海,50人以下,2,3.3,产品经理,0.38
上海,15-50人,2,3.3,产品经理,0.38
上海,50人以下,2,3.3,产品经理,0.38
上海,50人以下,2,3.3,产品经理,0.38
上海,50人以下,2,3.3,产品经理,0.38
上海,50人以下,2,3.3,产品经理,0.38
上海,50人以下,2,3.3,产品经理,0.38
上海,150-500人,2,3.3,产品经理,0.38
上海,50人以下,2,3.3,产品经理,0.38
上海,50人以下,2,3.3,产品经理,0.38
上海,50人以下,2,3.3,产品经理,0.38
上海,50人以下,2,3.3,产品经理,0.38
上海,50人以下,2,3.3,产品经理,0.38
上海,50人以下,2,3.3,产品经理,0.38
上海,150-500人,2,3.3,产品经理,0.38
上海,50人以下,2,3.3,产品经理,0.38
上海,50人以下,2,3.3,产品经理,0.38
上海,50人以下,2,3.3,产品经理,0.38
上海,50人以下,2,3.3,产品经理,0.38
上海,50人以下,2,3.3,产品经理,0.38
上海,50人以下,2,3.3,产品经理,0.38
上海,50人以下,2,3.3,产品经理,0.38
上海,50人以下,2,3.3,产品经理,0.38
上海,50人以下,2,3.3,产品经理,0.38
上海,50人以下,2,3.3,产品经理,0.38
上海,50人以下,2,3.3,产品经理,0.38
上海,50人以下,2,3.3,产品经理,0.38
上海,50人以下,2,3.3,产品经理,0.38
上海,50人以下,2,3.3,产品经理,0.38
上海,50-150人,2,3.3,产品经理,0.38
上海,15-50人,2,3.3,产品经理,0.38
上海,15-50人,2,3.3,产品经理,0.38
上海,50人以下,2,3.3,产品经理,0.38
上海,150-500人,2,3.3,产品经理,0.38
上海,50人以下,2,3.3,产品经理,0.38
上海,50人以下,2,3.3,产品经理,0.38
上海,50人以下,2,3.3,产品经理,0.38
上海,50人以下,2,3.3,产品经理,0.38
上海,50人以下,2,3.3,产品经理,0.38
上海,50人以下,2,3.3,产品经理,0.38
上海,50人以下,2,3.3,产品经理,0.38
上海,50人以下,2,3.3,产品经理,0.38
上海,50人以下,2,3.3,产品经理,0.38
上海,50人以下,2,3.3,产品经理,0.38
上海,50人以下,2,3.3,产品经理,0.38
上海,50人以下,2,3.3,产品经理,0.38
上海,50人以下,2,3.3,产品经理,0.38
上海,50人以下,2,3.3,产品经理,0.38
上海,50人以下,2,3.3,产品经理,0.38
上海,50人以下,2,3.3,产品经理,0.38
上海,50人以下,2,3.3,产品经理,0.38
上海,50人以下,2,3.3,产品经理,0.38
上海,50人以下,2,3.3,产品经理,0.38
上海,50人以下,2,3.3,产品经理,0.38
上海,50人以下,2,3.3,产品经理,0.38
上海,150-500人,2,3.3,产品经理,0.38
上海,50人以下,2,3.3,产品经理,0.38
上海,50人以下,2,3.3,产品经理,0.38
上海,50人以下,2,3.3,产品经理,0.38
上海,50人以下,2,3.3,产品经理,0.38
上海,50人以下,2,3.3,产品经理,0.38
上海,50人以下,2,3.3,产品经理,0.38
上海,50人以下,2,3.3,产品经理,0.38
上海,50人以下,2,3.3,产品经理,0.38
上海,15-50人,2,3.3,产品经理,0.38
上海,50人以下,2,3.3,产品经理,0.38
上海,50人以下,2,3.3,产品经理,0.38
上海,50人以下,2,3.3,产品经理,0.38
上海,50人以下,2,3.3,产品经理,0.38
上海,50人以下,2,3.3,产品经理,0.38
上海,50人以下,2,3.3,产品经理,0.38
上海,50人以下,2,3.3,产品经理,0.38
上海,50-150人,2,3.3,产品经理,0.38
上海,50人以下,2,3.3,产品经理,0.38
上海,50人以下,2,3.3,产品经理,0.38
上海,15-50人,2,3.3,产品经理,0.38
上海,50人以下,2,3.3,产品经理,0.38
广州,50人以下,2,3.3,产品经理,0.38
广州,15-50人,2,3.3,产品经理,0.38
广州,50人以下,2,3.3,产品经理,0.38
广州,50人以下,2,3.3,产品经理,0.38
广州,50人以下,2,3.3,产品经理,0.38
广州,50人以下,2,3.3,产品经理,0.38
广州,50人以下,2,3.3,产品经理,0.38
广州,50人以下,2,3.3,产品经理,0.38
广州,50-150人,2,3.3,产品经理,0.38
广州,15-50人,2,3.3,产品经理,0.38
深圳,50人以下,2,3.3,产品经理,0.38
深圳,50人以下,2,3.3,产品经理,0.38
深圳,50人以下,2,3.3,产品经理,0.38
深圳,50人以下,2,3.3,产品经理,0.38
深圳,50人以下,2,3.3,产品经理,0.38
杭州,50人以下,2,3.3,产品经理,0.38
杭州,50人以下,2,3.3,产品经理,0.38
杭州,150-500人,2,3.3,产品经理,0.38
成都,50人以下,2,3.3,产品经理,0.38
成都,50人以下,2,3.3,产品经理,0.38
成都,50人以下,2,3.3,产品经理,0.38
成都,15-50人,2,3.3,产品经理,0.38
武汉,50人以下,2,3.3,产品经理,0.38
武汉,50人以下,2,3.3,产品经理,0.38
南京,50人以下,2,3.3,产品经理,0.38
南京,50人以下,2,3.3,产品经理,0.38
苏州,50-150人,2,3.3,产品经理,0.38
苏州,50-150人,2,3.3,产品经理,0.38
天津,50人以下,2,3.3,产品经理,0.38
合肥,50人以下,2,3.3,产品经理,0.38
合肥,50人以下,2,3.3,产品经理,0.38
合肥,50人以下,2,3.3,产品经理,0.38
合肥,50人以下,2,3.3,产品经理,0.38
合肥,50人以下,2,3.3,产品经理,0.38
合肥,50人以下,2,3.3,产品经理,0.38
合肥,50人以下,2,3.3,产品经理,0.38
合肥,50人以下,2,3.3,产品经理,0.38
厦门,50人以下,2,3.3,产品经理,0.38
厦门,50人以下,2,3.3,产品经理,0.38
厦门,50人以下,2,3.3,产品经理,0.38
北京,50人以下,2,3.3,产品运营,0.38
北京,50人以下,2,3.3,产品运营,0.38
北京,50人以下,2,3.3,产品运营,0.38
北京,50人以下,2,3.3,产品运营,0.38
北京,50人以下,2,3.3,产品运营,0.38
北京,15-50人,2,3.3,产品运营,0.38
上海,50人以下,2,3.3,产品运营,0.38
上海,50人以下,2,3.3,产品运营,0.38
上海,50人以下,2,3.3,产品运营,0.38
上海,50人以下,2,3.3,产品运营,0.38
上海,50人以下,2,3.3,产品运营,0.38
上海,50人以下,2,3.3,产品运营,0.38
上海,50人以下,2,3.3,产品运营,0.38
上海,50人以下,2,3.3,产品运营,0.38
上海,50人以下,2,3.3,产品运营,0.38
上海,50人以下,2,3.3,产品运营,0.38
上海,50人以下,2,3.3,产品运营,0.38
上海,15-50人,2,3.3,产品运营,0.38
上海,50人以下,2,3.3,产品运营,0.38
上海,50人以下,2,3.3,产品运营,0.38
上海,50人以下,2,3.3,产品运营,0.38
上海,50人以下,2,3.3,产品运营,0.38
上海,50人以下,2,3.3,产品运营,0.38
上海,50人以下,2,3.3,产品运营,0.38
上海,50人以下,2,3.3,产品运营,0.38
上海,50人以下,2,3.3,产品运营,0.38
上海,50人以下,2,3.3,产品运营,0.38
上海,50人以下,2,3.3,产品运营,0.38
上海,50人以下,2,3.3,产品运营,0.38
上海,50人以下,2,3.3,产品运营,0.38
上海,50-150人,2,3.3,产品运营,0.38
上海,50人以下,2,3.3,产品运营,0.38
上海,50人以下,2,3.3,产品运营,0.38
上海,50人以下,2,3.3,产品运营,0.38
上海,50人以下,2,3.3,产品运营,0.38
上海,50人以下,2,3.3,产品运营,0.38
上海,50人以下,2,3.3,产品运营,0.38
上海,50人以下,2,3.3,产品运营,0.38
上海,50人以下,2,3.3,产品运营,0.38
上海,50人以下,2,3.3,产品运营,0.38
上海,50人以下,2,3.3,产品运营,0.38
上海,50人以下,2,3.3,产品运营,0.38
上海,50人以下,2,3.3,产品运营,0.38
上海,50人以下,2,3.3,产品运营,0.38
上海,50人以下,2,3.3,产品运营,0.38
上海,150-500人,2,3.3,产品运营,0.38
上海,50人以下,2,3.3,产品运营,0.38
上海,50人以下,2,3.3,产品运营,0.38
上海,150-500人,2,3.3,产品运营,0.38
上海,50人以下,2,3.3,产品运营,0.38
上海,15-50人,2,3.3,产品运营,0.38
上海,50人以下,2,3.3,产品运营,0.38
上海,50-150人,2,3.3,产品运营,0.38
上海,50-150人,2,3.3,产品运营,0.38
上海,50-150人,2,3.3,产品运营,0.38
上海,50人以下,2,3.3,产品运营,0.38
上海,15人以下,2,3.3,产品运营,0.38
上海,50-150人,2,3.3,产品运营,0.38
上海,50人以下,2,3.3,产品运营,0.38
广州,50人以下,2,3.3,产品运营,0.38
广州,50人以下,2,3.3,产品运营,0.38
广州,50人以下,2,3.3,产品运营,0.38
广州,50人以下,2,3.3,产品运营,0.38
广州,50人以下,2,3.3,产品运营,0.38
广州,50人以下,2,3.3,产品运营,0.38
深圳,50人以下,2,3.3,产品运营,0.38
深圳,50人以下,2,3.3,产品运营,0.38
深圳,150-500人,2,3.3,产品运营,0.38
深圳,50人以下,2,3.3,产品运营,0.38
深圳,50人以下,2,3.3,产品运营,0.38
深圳,15-50人,2,3.3,产品运营,0.38
深圳,50人以下,2,3.3,产品运营,0.38
深圳,50人以下,2,3.3,产品运营,0.38
深圳,50人以下,2,3.3,产品运营,0.38
深圳,50人以下,2,3.3,产品运营,0.38
深圳,50人以下,2,3.3,产品运营,0.38
深圳,50人以下,2,3.3,产品运营,0.38
深圳,50人以下,2,3.3,产品运营,0.38
深圳,50人以下,2,3.3,产品运营,0.38
深圳,50人以下,2,3.3,产品运营,0.38
深圳,50人以下,2,3.3,产品运营,0.38
深圳,50人以下,2,3.3,产品运营,0.38
深圳,50人以下,2,3.3,产品运营,0.38
深圳,150-500人,2,3.3,产品运营,0.38
深圳,50-150人,2,3.3,产品运营,0.38
杭州,15人以下,2,3.3,产品运营,0.38
杭州,50人以下,2,3.3,产品运营,0.38
杭州,50人以下,2,3.3,产品运营,0.38
成都,50人以下,2,3.3,产品运营,0.38
成都,50人以下,2,3.3,产品运营,0.38
成都,150-500人,2,3.3,产品运营,0.38
成都,50人以下,2,3.3,产品运营,0.38
成都,50人以下,2,3.3,产品运营,0.38
成都,50-150人,2,3.3,产品运营,0.38
成都,50人以下,2,3.3,产品运营,0.38
成都,150-500人,2,3.3,产品运营,0.38
成都,50人以下,2,3.3,产品运营,0.38
成都,50人以下,2,3.3,产品运营,0.38
武汉,50人以下,2,3.3,产品运营,0.38
武汉,50人以下,2,3.3,产品运营,0.38
武汉,50人以下,2,3.3,产品运营,0.38
南京,50-150人,2,3.3,产品运营,0.38
南京,150-500人,2,3.3,产品运营,0.38
南京,150-500人,2,3.3,产品运营,0.38
南京,150-500人,2,3.3,产品运营,0.38
南京,150-500人,2,3.3,产品运营,0.38
西安,50人以下,2,3.3,产品运营,0.38
重庆,50人以下,2,3.3,产品运营,0.38
天津,15人以下,2,3.3,产品运营,0.38
天津,50人以下,2,3.3,产品运营,0.38
郑州,50人以下,2,3.3,产品运营,0.38
合肥,50人以下,2,3.3,产品运营,0.38
合肥,50人以下,2,3.3,产品运营,0.38
合肥,50人以下,2,3.3,产品运营,0.38
厦门,150-500人,2,3.3,产品运营,0.38
厦门,50人以下,2,3.3,产品运营,0.38
厦门,50人以下,2,3.3,产品运营,0.38
厦门,50人以下,2,3.3,产品运营,0.38
北京,15-50人,2,3.3,数据运营,0.38
北京,15-50人,2,3.3,数据运营,0.38
北京,150-500人,2,3.3,数据运营,0.38
北京,50-150人,2,3.3,数据运营,0.38
上海,50人以下,2,3.3,数据运营,0.38
上海,15-50人,2,3.3,数据运营,0.38
上海,15-50人,2,3.3,数据运营,0.38
上海,50人以下,2,3.3,数据运营,0.38
上海,50人以下,2,3.3,数据运营,0.38
上海,50人以下,2,3.3,数据运营,0.38
上海,50人以下,2,3.3,数据运营,0.38
上海,50人以下,2,3.3,数据运营,0.38
上海,50人以下,2,3.3,数据运营,0.38
北京,150-500人,2,3.3,游戏开发,0.38
上海,50人以下,2,3.3,游戏开发,0.38
上海,50人以下,2,3.3,游戏开发,0.38
上海,15-50人,2,3.3,UI设计师,0.38
上海,15-50人,2,3.3,UI设计师,0.38
上海,50人以下,2,3.3,UI设计师,0.38
上海,50-150人,2,3.3,UI设计师,0.38
上海,50人以下,2,3.3,UI设计师,0.38
上海,150-500人,2,3.3,UI设计师,0.38
上海,15-50人,2,3.3,UI设计师,0.38
上海,50-150人,2,3.3,UI设计师,0.38
上海,50-150人,2,3.3,UI设计师,0.38
上海,150-500人,2,3.3,UI设计师,0.38
上海,150-500人,2,3.3,UI设计师,0.38
上海,50人以下,2,3.3,UI设计师,0.38
上海,50人以下,2,3.3,UI设计师,0.38
上海,50人以下,2,3.3,UI设计师,0.38
上海,150-500人,2,3.3,UI设计师,0.38
上海,50-150人,2,3.3,UI设计师,0.38
上海,15-50人,2,3.3,UI设计师,0.38
广州,50人以下,2,3.3,UI设计师,0.38
广州,50人以下,2,3.3,UI设计师,0.38
广州,50人以下,2,3.3,UI设计师,0.38
苏州,150-500人,2,3.3,UI设计师,0.38
宁波,150-500人,2,3.3,UI设计师,0.38
北京,150-500人,3,3.3,Java开发,0.28
北京,50人以下,3,3.3,Java开发,0.28
成都,50人以下,3,3.3,Java开发,0.28
上海,50-150人,3,3.3,后端开发,0.28
上海,50-150人,3,3.3,后端开发,0.28
上海,50人以下,3,3.3,后端开发,0.28
成都,150-500人,3,3.3,后端开发,0.28
上海,50人以下,3,3.3,测试开发,0.28
北京,50-150人,3,3.3,算法工程师,0.28
合肥,50人以下,3,3.3,算法工程师,0.28
苏州,50人以下,3,3.3,计算机视觉,0.28
北京,150-500人,3,3.3,大模型算法,0.28
重庆,50人以下,3,3.3,大模型算法,0.28
上海,50-150人,3,3.3,数据分析,0.28
上海,150-500人,3,3.3,数据分析,0.28
深圳,50人以下,3,3.3,数据分析,0.28
北京,50人以下,3,3.3,数据工程师,0.28
上海,150-500人,3,3.3,数据工程师,0.28
北京,150-500人,3,3.3,产品经理,0.28
北京,150-500人,3,3.3,产品经理,0.28
上海,50人以下,3,3.3,产品经理,0.28
上海,50人以下,3,3.3,产品经理,0.28
广州,50人以下,3,3.3,产品经理,0.28
深圳,50人以下,3,3.3,产品经理,0.28
西安,50人以下,3,3.3,产品经理,0.28
重庆,50人以下,3,3.3,产品经理,0.28
合肥,50人以下,3,3.3,产品经理,0.28
广州,50人以下,3,3.3,产品运营,0.28
深圳,50人以下,3,3.3,产品运营,0.28
深圳,150-500人,3,3.3,产品运营,0.28
深圳,50人以下,3,3.3,产品运营,0.28
深圳,50-150人,3,3.3,产品运营,0.28
武汉,50人以下,3,3.3,产品运营,0.28
武汉,50人以下,3,3.3,产品运营,0.28
武汉,50人以下,3,3.3,产品运营,0.28
上海,15-50人,3,3.3,UI设计师,0.28
武汉,50人以下,3,3.3,UI设计师,0.28
广州,150-500人,2,3.2,Java开发,0.3745
上海,150-500人,2,3.15,产品经理,0.3718
成都,15-50人,0,3.1,Java开发,0.5691
成都,15-50人,0,3.1,Java开发,0.5691
郑州,50人以下,0,3.1,客户端开发,0.5691
杭州,50-150人,0,3.1,人工智能,0.5691
杭州,15人以下,0,3.1,产品经理,0.5691
杭州,15人以下,0,3.1,产品经理,0.5691
北京,15-50人,0,3.1,产品运营,0.5691
杭州,50-150人,0,3.1,产品运营,0.5691
青岛,15-50人,0,3.1,产品运营,0.5691
上海,50人以下,0,3.1,UI设计师,0.5691
合肥,50人以下,0,3.1,UI设计师,0.5691
成都,50-150人,1,3.1,Java开发,0.4691
上海,15-50人,1,3.1,后端开发,0.4691
上海,150-500人,1,3.1,后端开发,0.4691
上海,50人以下,1,3.1,测试开发,0.4691
郑州,50人以下,1,3.1,产品经理,0.4691
广州,15-50人,1,3.1,产品运营,0.4691
广州,50人以下,2,3.1,Java开发,0.3691
广州,50-150人,2,3.1,Java开发,0.3691
成都,150-500人,2,3.1,Java开发,0.3691
广州,50-150人,2,3.1,后端开发,0.3691
上海,15人以下,2,3.1,客户端开发,0.3691
天津,50-150人,2,3.1,数据工程师,0.3691
深圳,15-50人,2,3.1,产品经理,0.3691
厦门,50人以下,2,3.1,产品经理,0.3691
上海,50-150人,2,3.1,产品运营,0.3691
广州,50人以下,2,3.1,产品运营,0.3691
深圳,50人以下,2,3.1,产品运营,0.3691
杭州,15-50人,2,3.1,产品运营,0.3691
成都,50人以下,2,3.1,产品运营,0.3691
杭州,50人以下,2,3.1,游戏开发,0.3691
深圳,50-150人,2,3.1,UI设计师,0.3691
北京,50人以下,0,3.0,客户端开发,0.5636
北京,50人以下,0,3.0,数据分析,0.5636
北京,50人以下,0,3.0,产品经理,0.5636
北京,50人以下,0,3.0,产品经理,0.5636
北京,50人以下,0,3.0,产品经理,0.5636
北京,50人以下,0,3.0,产品经理,0.5636
广州,50人以下,0,3.0,产品经理,0.5636
广州,50人以下,0,3.0,产品经理,0.5636
杭州,50人以下,0,3.0,产品经理,0.5636
杭州,50人以下,0,3.0,产品经理,0.5636
北京,50人以下,0,3.0,产品运营,0.5636
北京,50人以下,0,3.0,产品运营,0.5636
北京,50人以下,0,3.0,产品运营,0.5636
北京,50人以下,0,3.0,产品运营,0.5636
广州,50人以下,0,3.0,产品运营,0.5636
北京,50人以下,2,3.0,数据分析,0.3636
杭州,50人以下,2,3.0,数据工程师,0.3636
北京,50人以下,2,3.0,产品经理,0.3636
北京,50人以下,2,3.0,产品运营,0.3636
北京,50人以下,2,3.0,产品运营,0.3636
北京,50人以下,2,3.0,产品运营,0.3636
广州,50人以下,2,3.0,产品运营,0.3636
深圳,50人以下,2,3.0,产品运营,0.3636
杭州,50人以下,2,3.0,产品运营,0.3636
北京,50人以下,0,2.95,Java开发,0.5609
青岛,15-50人,0,2.95,Java开发,0.5609
上海,50人以下,0,2.95,后端开发,0.5609
广州,50人以下,0,2.95,后端开发,0.5609
深圳,150-500人,0,2.95,后端开发,0.5609
深圳,50-150人,0,2.95,后端开发,0.5609
深圳,150-500人,0,2.95,后端开发,0.5609
深圳,150-500人,0,2.95,后端开发,0.5609
深圳,150-500人,0,2.95,后端开发,0.5609
深圳,150-500人,0,2.95,后端开发,0.5609
武汉,50人以下,0,2.95,后端开发,0.5609
武汉,50人以下,0,2.95,后端开发,0.5609
南京,50人以下,0,2.95,后端开发,0.5609
西安,50人以下,0,2.95,后端开发,0.5609
北京,50人以下,0,2.95,测试开发,0.5609
上海,50人以下,0,2.95,测试开发,0.5609
上海,150-500人,0,2.95,测试开发,0.5609
苏州,50-150人,0,2.95,测试开发,0.5609
上海,150-500人,0,2.95,客户端开发,0.5609
广州,50人以下,0,2.95,客户端开发,0.5609
南京,50人以下,0,2.95,客户端开发,0.5609
上海,50人以下,0,2.95,算法工程师,0.5609
上海,50人以下,0,2.95,算法工程师,0.5609
上海,50人以下,0,2.95,算法工程师,0.5609
西安,50人以下,0,2.95,算法工程师,0.5609
北京,50人以下,0,2.95,大模型算法,0.5609
上海,150-500人,0,2.95,数据分析,0.5609
上海,50人以下,0,2.95,数据分析,0.5609
上海,50人以下,0,2.95,数据分析,0.5609
成都,50人以下,0,2.95,数据分析,0.5609
武汉,50人以下,0,2.95,数据分析,0.5609
武汉,50人以下,0,2.95,数据分析,0.5609
北京,50人以下,0,2.95,数据工程师,0.5609
上海,50人以下,0,2.95,数据工程师,0.5609
上海,50人以下,0,2.95,数据工程师,0.5609
天津,50人以下,0,2.95,数据工程师,0.5609
北京,50人以下,0,2.95,产品经理,0.5609
北京,50人以下,0,2.95,产品经理,0.5609
北京,50人以下,0,2.95,产品经理,0.5609
北京,50人以下,0,2.95,产品经理,0.5609
北京,50人以下,0,2.95,产品经理,0.5609
北京,50-150人,0,2.95,产品经理,0.5609
上海,150-500人,0,2.95,产品经理,0.5609
上海,50人以下,0,2.95,产品经理,0.5609
上海,50人以下,0,2.95,产品经理,0.5609
杭州,50-150人,0,2.95,产品经理,0.5609
杭州,50人以下,0,2.95,产品经理,0.5609
杭州,50-150人,0,2.95,产品经理,0.5609
杭州,50人以下,0,2.95,产品经理,0.5609
杭州,50人以下,0,2.95,产品经理,0.5609
杭州,50人以下,0,2.95,产品经理,0.5609
杭州,15-50人,0,2.95,产品经理,0.5609
成都,50人以下,0,2.95,产品经理,0.5609
成都,15-50人,0,2.95,产品经理,0.5609
武汉,50人以下,0,2.95,产品经理,0.5609
北京,50人以下,0,2.95,产品运营,0.5609
北京,15-50人,0,2.95,产品运营,0.5609
北京,50-150人,0,2.95,产品运营,0.5609
广州,50人以下,0,2.95,产品运营,0.5609
广州,15-50人,0,2.95,产品运营,0.5609
广州,150-500人,0,2.95,产品运营,0.5609
深圳,15人以下,0,2.95,产品运营,0.5609
深圳,50人以下,0,2.95,产品运营,0.5609
深圳,50人以下,0,2.95,产品运营,0.5609
深圳,50-150人,0,2.95,产品运营,0.5609
深圳,50-150人,0,2.95,产品运营,0.5609
深圳,15-50人,0,2.95,产品运营,0.5609
深圳,50人以下,0,2.95,产品运营,0.5609
杭州,15-50人,0,2.95,产品运营,0.5609
杭州,150-500人,0,2.95,产品运营,0.5609
成都,50人以下,0,2.95,产品运营,0.5609
成都,50人以下,0,2.95,产品运营,0.5609
成都,50人以下,0,2.95,产品运营,0.5609
成都,50人以下,0,2.95,产品运营,0.5609
成都,50人以下,0,2.95,产品运营,0.5609
成都,50人以下,0,2.95,产品运营,0.5609
武汉,50人以下,0,2.95,产品运营,0.5609
南京,50-150人,0,2.95,产品运营,0.5609
西安,150-500人,0,2.95,产品运营,0.5609
苏州,15-50人,0,2.95,产品运营,0.5609
苏州,15-50人,0,2.95,产品运营,0.5609
北京,50人以下,0,2.95,数据运营,0.5609
北京,50人以下,0,2.95,数据运营,0.5609
上海,15-50人,0,2.95,游戏开发,0.5609
广州,50-150人,0,2.95,游戏开发,0.5609
上海,50-150人,0,2.95,UI设计师,0.5609
上海,50人以下,0,2.95,UI设计师,0.5609
上海,150-500人,0,2.95,UI设计师,0.5609
上海,15-50人,1,2.95,Java开发,0.4609
上海,50-150人,1,2.95,Java开发,0.4609
广州,150-500人,1,2.95,前端开发,0.4609
广州,50人以下,1,2.95,后端开发,0.4609
青岛,150-500人,1,2.95,后端开发,0.4609
南京,50人以下,1,2.95,数据分析,0.4609
上海,15-50人,1,2.95,产品经理,0.4609
上海,50人以下,1,2.95,产品经理,0.4609
广州,15-50人,1,2.95,产品经理,0.4609
杭州,150-500人,1,2.95,产品经理,0.4609
杭州,150-500人,1,2.95,产品经理,0.4609
武汉,150-500人,1,2.95,产品经理,0.4609
北京,150-500人,1,2.95,产品运营,0.4609
北京,50人以下,1,2.95,产品运营,0.4609
上海,50人以下,1,2.95,产品运营,0.4609
广州,15-50人,1,2.95,产品运营,0.4609
广州,150-500人,1,2.95,产品运营,0.4609
广州,50-150人,1,2.95,产品运营,0.4609
广州,15-50人,1,2.95,产品运营,0.4609
深圳,50人以下,1,2.95,产品运营,0.4609
杭州,50人以下,1,2.95,产品运营,0.4609
杭州,15-50人,1,2.95,产品运营,0.4609
成都,50-150人,1,2.95,产品运营,0.4609
成都,50人以下,1,2.95,产品运营,0.4609
南京,150-500人,1,2.95,产品运营,0.4609
天津,50人以下,1,2.95,产品运营,0.4609
天津,50-150人,1,2.95,产品运营,0.4609
天津,50人以下,1,2.95,产品运营,0.4609
郑州,50人以下,1,2.95,产品运营,0.4609
佛山,50人以下,1,2.95,产品运营,0.4609
上海,15人以下,1,2.95,数据运营,0.4609
广州,150-500人,1,2.95,游戏开发,0.4609
武汉,150-500人,1,2.95,游戏开发,0.4609
北京,50人以下,1,2.95,UI设计师,0.4609
上海,150-500人,1,2.95,UI设计师,0.4609
上海,15-50人,1,2.95,UI设计师,0.4609
上海,15-50人,1,2.95,UI设计师,0.4609
上海,15-50人,1,2.95,UI设计师,0.4609
上海,50人以下,1,2.95,UI设计师,0.4609
上海,50人以下,1,2.95,UI设计师,0.4609
广州,15-50人,1,2.95,UI设计师,0.4609
北京,50人以下,2,2.95,Java开发,0.3609
北京,50人以下,2,2.95,Java开发,0.3609
上海,50人以下,2,2.95,Java开发,0.3609
杭州,15-50人,2,2.95,Java开发,0.3609
西安,50人以下,2,2.95,Java开发,0.3609
郑州,50人以下,2,2.95,Java开发,0.3609
北京,150-500人,2,2.95,前端开发,0.3609
广州,150-500人,2,2.95,前端开发,0.3609
北京,15-50人,2,2.95,后端开发,0.3609
北京,15-50人,2,2.95,后端开发,0.3609
上海,50人以下,2,2.95,后端开发,0.3609
上海,15人以下,2,2.95,后端开发,0.3609
上海,15-50人,2,2.95,后端开发,0.3609
上海,50人以下,2,2.95,后端开发,0.3609
上海,50人以下,2,2.95,后端开发,0.3609
上海,50人以下,2,2.95,后端开发,0.3609
上海,50人以下,2,2.95,后端开发,0.3609
上海,50人以下,2,2.95,后端开发,0.3609
上海,15-50人,2,2.95,后端开发,0.3609
深圳,50人以下,2,2.95,后端开发,0.3609
杭州,150-500人,2,2.95,后端开发,0.3609
武汉,50人以下,2,2.95,后端开发,0.3609
武汉,50人以下,2,2.95,后端开发,0.3609
合肥,50人以下,2,2.95,后端开发,0.3609
合肥,50人以下,2,2.95,后端开发,0.3609
合肥,50人以下,2,2.95,后端开发,0.3609
上海,150-500人,2,2.95,测试开发,0.3609
上海,50人以下,2,2.95,测试开发,0.3609
上海,50人以下,2,2.95,测试开发,0.3609
上海,50人以下,2,2.95,测试开发,0.3609
上海,50人以下,2,2.95,测试开发,0.3609
苏州,50人以下,2,2.95,测试开发,0.3609
苏州,50人以下,2,2.95,测试开发,0.3609
天津,50人以下,2,2.95,测试开发,0.3609
天津,50人以下,2,2.95,测试开发,0.3609
青岛,150-500人,2,2.95,测试开发,0.3609
北京,50人以下,2,2.95,客户端开发,0.3609
北京,50人以下,2,2.95,客户端开发,0.3609
上海,150-500人,2,2.95,客户端开发,0.3609
上海,50人以下,2,2.95,客户端开发,0.3609
上海,15-50人,2,2.95,客户端开发,0.3609
上海,150-500人,2,2.95,客户端开发,0.3609
上海,50人以下,2,2.95,客户端开发,0.3609
杭州,50人以下,2,2.95,客户端开发,0.3609
郑州,50人以下,2,2.95,客户端开发,0.3609
无锡,50人以下,2,2.95,客户端开发,0.3609
上海,50人以下,2,2.95,运维开发,0.3609
上海,150-500人,2,2.95,运维开发,0.3609
重庆,50人以下,2,2.95,运维开发,0.3609
无锡,50人以下,2,2.95,运维开发,0.3609
北京,50人以下,2,2.95,算法工程师,0.3609
上海,50人以下,2,2.95,算法工程师,0.3609
上海,15-50人,2,2.95,算法工程师,0.3609
杭州,50人以下,2,2.95,算法工程师,0.3609
成都,50人以下,2,2.95,算法工程师,0.3609
北京,50人以下,2,2.95,人工智能,0.3609
上海,50人以下,2,2.95,人工智能,0.3609
上海,15-50人,2,2.95,人工智能,0.3609
上海,50人以下,2,2.95,人工智能,0.3609
上海,50人以下,2,2.95,人工智能,0.3609
杭州,50人以下,2,2.95,人工智能,0.3609
武汉,150-500人,2,2.95,人工智能,0.3609
北京,50人以下,2,2.95,计算机视觉,0.3609
北京,50人以下,2,2.95,计算机视觉,0.3609
上海,50人以下,2,2.95,计算机视觉,0.3609
上海,150-500人,2,2.95,计算机视觉,0.3609
广州,150-500人,2,2.95,计算机视觉,0.3609
广州,50人以下,2,2.95,计算机视觉,0.3609
杭州,50人以下,2,2.95,计算机视觉,0.3609
北京,50人以下,2,2.95,大模型算法,0.3609
成都,50人以下,2,2.95,大模型算法,0.3609
北京,50人以下,2,2.95,数据分析,0.3609
北京,50人以下,2,2.95,数据分析,0.3609
北京,50人以下,2,2.95,数据分析,0.3609
北京,150-500人,2,2.95,数据分析,0.3609
北京,50人以下,2,2.95,数据分析,0.3609
北京,50人以下,2,2.95,数据分析,0.3609
北京,15-50人,2,2.95,数据分析,0.3609
北京,50-150人,2,2.95,数据分析,0.3609
北京,50人以下,2,2.95,数据分析,0.3609
上海,15-50人,2,2.95,数据分析,0.3609
上海,50人以下,2,2.95,数据分析,0.3609
上海,50人以下,2,2.95,数据分析,0.3609
上海,50人以下,2,2.95,数据分析,0.3609
上海,150-500人,2,2.95,数据分析,0.3609
上海,50人以下,2,2.95,数据分析,0.3609
广州,50人以下,2,2.95,数据分析,0.3609
深圳,15-50人,2,2.95,数据分析,0.3609
杭州,50人以下,2,2.95,数据分析,0.3609
杭州,50人以下,2,2.95,数据分析,0.3609
杭州,50-150人,2,2.95,数据分析,0.3609
成都,150-500人,2,2.95,数据分析,0.3609
武汉,150-500人,2,2.95,数据分析,0.3609
重庆,15-50人,2,2.95,数据分析,0.3609
天津,50人以下,2,2.95,数据分析,0.3609
天津,50人以下,2,2.95,数据分析,0.3609
上海,50人以下,2,2.95,数据挖掘,0.3609
北京,50人以下,2,2.95,数据工程师,0.3609
北京,50人以下,2,2.95,数据工程师,0.3609
北京,50人以下,2,2.95,数据工程师,0.3609
北京,50人以下,2,2.95,数据工程师,0.3609
北京,50人以下,2,2.95,数据工程师,0.3609
北京,50人以下,2,2.95,数据工程师,0.3609
上海,50人以下,2,2.95,数据工程师,0.3609
上海,150-500人,2,2.95,数据工程师,0.3609
上海,50人以下,2,2.95,数据工程师,0.3609
上海,15人以下,2,2.95,数据工程师,0.3609
上海,50人以下,2,2.95,数据工程师,0.3609
上海,50人以下,2,2.95,数据工程师,0.3609
上海,50人以下,2,2.95,数据工程师,0.3609
上海,50人以下,2,2.95,数据工程师,0.3609
上海,50人以下,2,2.95,数据工程师,0.3609
上海,50人以下,2,2.95,数据工程师,0.3609
上海,50人以下,2,2.95,数据工程师,0.3609
广州,50人以下,2,2.95,数据工程师,0.3609
广州,15-50人,2,2.95,数据工程师,0.3609
广州,50人以下,2,2.95,数据工程师,0.3609
广州,50人以下,2,2.95,数据工程师,0.3609
深圳,50人以下,2,2.95,数据工程师,0.3609
武汉,50人以下,2,2.95,数据工程师,0.3609
北京,150-500人,2,2.95,产品经理,0.3609
北京,50人以下,2,2.95,产品经理,0.3609
北京,50人以下,2,2.95,产品经理,0.3609
北京,50人以下,2,2.95,产品经理,0.3609
北京,50人以下,2,2.95,产品经理,0.3609
北京,150-500人,2,2.95,产品经理,0.3609
北京,50人以下,2,2.95,产品经理,0.3609
北京,50人以下,2,2.95,产品经理,0.3609
北京,50人以下,2,2.95,产品经理,0.3609
北京,50人以下,2,2.95,产品经理,0.3609
北京,50人以下,2,2.95,产品经理,0.3609
北京,50人以下,2,2.95,产品经理,0.3609
北京,50人以下,2,2.95,产品经理,0.3609
北京,50人以下,2,2.95,产品经理,0.3609
北京,50人以下,2,2.95,产品经理,0.3609
北京,50人以下,2,2.95,产品经理,0.3609
北京,50人以下,2,2.95,产品经理,0.3609
北京,50人以下,2,2.95,产品经理,0.3609
北京,50人以下,2,2.95,产品经理,0.3609
北京,150-500人,2,2.95,产品经理,0.3609
北京,150-500人,2,2.95,产品经理,0.3609
全国,15-50人,2,2.95,产品经理,0.3609
北京,50人以下,2,2.95,产品经理,0.3609
北京,50人以下,2,2.95,产品经理,0.3609
北京,50人以下,2,2.95,产品经理,0.3609
北京,50人以下,2,2.95,产品经理,0.3609
北京,150-500人,2,2.95,产品经理,0.3609
上海,50-150人,2,2.95,产品经理,0.3609
上海,50人以下,2,2.95,产品经理,0.3609
上海,50人以下,2,2.95,产品经理,0.3609
上海,15-50人,2,2.95,产品经理,0.3609
上海,50人以下,2,2.95,产品经理,0.3609
上海,15-50人,2,2.95,产品经理,0.3609
上海,50人以下,2,2.95,产品经理,0.3609
上海,50人以下,2,2.95,产品经理,0.3609
上海,150-500人,2,2.95,产品经理,0.3609
上海,150-500人,2,2.95,产品经理,0.3609
上海,150-500人,2,2.95,产品经理,0.3609
上海,150-500人,2,2.95,产品经理,0.3609
上海,15-50人,2,2.95,产品经理,0.3609
上海,50人以下,2,2.95,产品经理,0.3609
上海,50人以下,2,2.95,产品经理,0.3609
上海,50人以下,2,2.95,产品经理,0.3609
上海,50人以下,2,2.95,产品经理,0.3609
上海,50人以下,2,2.95,产品经理,0.3609
上海,50-150人,2,2.95,产品经理,0.3609
上海,150-500人,2,2.95,产品经理,0.3609
广州,15-50人,2,2.95,产品经理,0.3609
广州,50人以下,2,2.95,产品经理,0.3609
广州,50人以下,2,2.95,产品经理,0.3609
广州,50-150人,2,2.95,产品经理,0.3609
广州,50人以下,2,2.95,产品经理,0.3609
广州,50人以下,2,2.95,产品经理,0.3609
广州,50人以下,2,2.95,产品经理,0.3609
广州,50-150人,2,2.95,产品经理,0.3609
广州,50人以下,2,2.95,产品经理,0.3609
广州,15-50人,2,2.95,产品经理,0.3609
广州,50人以下,2,2.95,产品经理,0.3609
深圳,50-150人,2,2.95,产品经理,0.3609
深圳,150-500人,2,2.95,产品经理,0.3609
深圳,50人以下,2,2.95,产品经理,0.3609
杭州,50人以下,2,2.95,产品经理,0.3609
杭州,50人以下,2,2.95,产品经理,0.3609
杭州,50人以下,2,2.95,产品经理,0.3609
杭州,50-150人,2,2.95,产品经理,0.3609
杭州,50人以下,2,2.95,产品经理,0.3609
杭州,50人以下,2,2.95,产品经理,0.3609
成都,50-150人,2,2.95,产品经理,0.3609
成都,50-150人,2,2.95,产品经理,0.3609
成都,50-150人,2,2.95,产品经理,0.3609
成都,50人以下,2,2.95,产品经理,0.3609
成都,50人以下,2,2.95,产品经理,0.3609
成都,50-150人,2,2.95,产品经理,0.3609
成都,15-50人,2,2.95,产品经理,0.3609
成都,50-150人,2,2.95,产品经理,0.3609
成都,50-150人,2,2.95,产品经理,0.3609
成都,50-150人,2,2.95,产品经理,0.3609
成都,50人以下,2,2.95,产品经理,0.3609
武汉,50人以下,2,2.95,产品经理,0.3609
武汉,15-50人,2,2.95,产品经理,0.3609
南京,50人以下,2,2.95,产品经理,0.3609
南京,50-150人,2,2.95,产品经理,0.3609
南京,50-150人,2,2.95,产品经理,0.3609
南京,15-50人,2,2.95,产品经理,0.3609
南京,150-500人,2,2.95,产品经理,0.3609
苏州,50人以下,2,2.95,产品经理,0.3609
苏州,150-500人,2,2.95,产品经理,0.3609
苏州,50-150人,2,2.95,产品经理,0.3609
天津,50人以下,2,2.95,产品经理,0.3609
合肥,50人以下,2,2.95,产品经理,0.3609
无锡,50人以下,2,2.95,产品经理,0.3609
北京,50人以下,2,2.95,产品运营,0.3609
北京,50人以下,2,2.95,产品运营,0.3609
北京,50人以下,2,2.95,产品运营,0.3609
北京,50人以下,2,2.95,产品运营,0.3609
北京,50人以下,2,2.95,产品运营,0.3609
北京,50-150人,2,2.95,产品运营,0.3609
北京,50人以下,2,2.95,产品运营,0.3609
北京,50人以下,2,2.95,产品运营,0.3609
北京,50-150人,2,2.95,产品运营,0.3609
北京,50人以下,2,2.95,产品运营,0.3609
上海,50人以下,2,2.95,产品运营,0.3609
上海,50人以下,2,2.95,产品运营,0.3609
上海,15人以下,2,2.95,产品运营,0.3609
上海,50人以下,2,2.95,产品运营,0.3609
上海,50人以下,2,2.95,产品运营,0.3609
上海,50人以下,2,2.95,产品运营,0.3609
上海,50人以下,2,2.95,产品运营,0.3609
上海,50人以下,2,2.95,产品运营,0.3609
上海,50人以下,2,2.95,产品运营,0.3609
上海,50人以下,2,2.95,产品运营,0.3609
上海,50-150人,2,2.95,产品运营,0.3609
广州,50人以下,2,2.95,产品运营,0.3609
广州,50人以下,2,2.95,产品运营,0.3609
广州,50人以下,2,2.95,产品运营,0.3609
广州,50-150人,2,2.95,产品运营,0.3609
广州,15-50人,2,2.95,产品运营,0.3609
广州,15-50人,2,2.95,产品运营,0.3609
广州,15-50人,2,2.95,产品运营,0.3609
广州,15-50人,2,2.95,产品运营,0.3609
广州,150-500人,2,2.95,产品运营,0.3609
广州,50人以下,2,2.95,产品运营,0.3609
广州,50人以下,2,2.95,产品运营,0.3609
广州,150-500人,2,2.95,产品运营,0.3609
广州,150-500人,2,2.95,产品运营,0.3609
广州,50人以下,2,2.95,产品运营,0.3609
广州,50人以下,2,2.95,产品运营,0.3609
广州,50人以下,2,2.95,产品运营,0.3609
广州,50人以下,2,2.95,产品运营,0.3609
广州,50人以下,2,2.95,产品运营,0.3609
广州,50人以下,2,2.95,产品运营,0.3609
广州,150-500人,2,2.95,产品运营,0.3609
广州,50人以下,2,2.95,产品运营,0.3609
深圳,50-150人,2,2.95,产品运营,0.3609
深圳,15-50人,2,2.95,产品运营,0.3609
深圳,50人以下,2,2.95,产品运营,0.3609
深圳,50人以下,2,2.95,产品运营,0.3609
深圳,50人以下,2,2.95,产品运营,0.3609
深圳,50-150人,2,2.95,产品运营,0.3609
深圳,15-50人,2,2.95,产品运营,0.3609
深圳,50人以下,2,2.95,产品运营,0.3609
杭州,50人以下,2,2.95,产品运营,0.3609
杭州,50人以下,2,2.95,产品运营,0.3609
杭州,50人以下,2,2.95,产品运营,0.3609
杭州,50人以下,2,2.95,产品运营,0.3609
杭州,50人以下,2,2.95,产品运营,0.3609
杭州,50人以下,2,2.95,产品运营,0.3609
杭州,150-500人,2,2.95,产品运营,0.3609
杭州,15-50人,2,2.95,产品运营,0.3609
杭州,150-500人,2,2.95,产品运营,0.3609
杭州,150-500人,2,2.95,产品运营,0.3609
杭州,50人以下,2,2.95,产品运营,0.3609
成都,50人以下,2,2.95,产品运营,0.3609
成都,15-50人,2,2.95,产品运营,0.3609
成都,50人以下,2,2.95,产品运营,0.3609
成都,50人以下,2,2.95,产品运营,0.3609
成都,50人以下,2,2.95,产品运营,0.3609
成都,50人以下,2,2.95,产品运营,0.3609
成都,50人以下,2,2.95,产品运营,0.3609
成都,15-50人,2,2.95,产品运营,0.3609
武汉,15人以下,2,2.95,产品运营,0.3609
武汉,15-50人,2,2.95,产品运营,0.3609
武汉,50人以下,2,2.95,产品运营,0.3609
南京,15-50人,2,2.95,产品运营,0.3609
南京,50人以下,2,2.95,产品运营,0.3609
南京,150-500人,2,2.95,产品运营,0.3609
南京,150-500人,2,2.95,产品运营,0.3609
南京,150-500人,2,2.95,产品运营,0.3609
南京,50-150人,2,2.95,产品运营,0.3609
西安,50人以下,2,2.95,产品运营,0.3609
西安,50人以下,2,2.95,产品运营,0.3609
西安,50人以下,2,2.95,产品运营,0.3609
重庆,50人以下,2,2.95,产品运营,0.3609
苏州,15-50人,2,2.95,产品运营,0.3609
苏州,50人以下,2,2.95,产品运营,0.3609
苏州,50-150人,2,2.95,产品运营,0.3609
苏州,50-150人,2,2.95,产品运营,0.3609
天津,50人以下,2,2.95,产品运营,0.3609
天津,50人以下,2,2.95,产品运营,0.3609
郑州,50人以下,2,2.95,产品运营,0.3609
郑州,50人以下,2,2.95,产品运营,0.3609
合肥,50-150人,2,2.95,产品运营,0.3609
合肥,50人以下,2,2.95,产品运营,0.3609
合肥,50人以下,2,2.95,产品运营,0.3609
无锡,50人以下,2,2.95,产品运营,0.3609
北京,50人以下,2,2.95,数据运营,0.3609
北京,50人以下,2,2.95,数据运营,0.3609
北京,50人以下,2,2.95,数据运营,0.3609
北京,50人以下,2,2.95,数据运营,0.3609
北京,50人以下,2,2.95,数据运营,0.3609
上海,15-50人,2,2.95,数据运营,0.3609
上海,50人以下,2,2.95,数据运营,0.3609
上海,50人以下,2,2.95,数据运营,0.3609
上海,15-50人,2,2.95,数据运营,0.3609
上海,15-50人,2,2.95,数据运营,0.3609
上海,50人以下,2,2.95,数据运营,0.3609
上海,50人以下,2,2.95,数据运营,0.3609
北京,15-50人,2,2.95,游戏开发,0.3609
上海,15-50人,2,2.95,游戏开发,0.3609
杭州,50人以下,2,2.95,游戏开发,0.3609
北京,150-500人,2,2.95,UI设计师,0.3609
北京,150-500人,2,2.95,UI设计师,0.3609
上海,150-500人,2,2.95,UI设计师,0.3609
上海,15-50人,2,2.95,UI设计师,0.3609
上海,50人以下,2,2.95,UI设计师,0.3609
上海,50人以下,2,2.95,UI设计师,0.3609
上海,15人以下,2,2.95,UI设计师,0.3609
上海,150-500人,2,2.95,UI设计师,0.3609
上海,50人以下,2,2.95,UI设计师,0.3609
广州,50人以下,2,2.95,UI设计师,0.3609
深圳,50-150人,2,2.95,UI设计师,0.3609
成都,50人以下,2,2.95,UI设计师,0.3609
天津,50人以下,2,2.95,UI设计师,0.3609
青岛,150-500人,2,2.95,UI设计师,0.3609
上海,50-150人,3,2.95,Java开发,0.2609
青岛,50人以下,3,2.95,Java开发,0.2609
南京,15-50人,3,2.95,前端开发,0.2609
上海,50人以下,3,2.95,后端开发,0.2609
上海,50人以下,3,2.95,后端开发,0.2609
杭州,15-50人,3,2.95,后端开发,0.2609
南京,50人以下,3,2.95,后端开发,0.2609
南京,15-50人,3,2.95,后端开发,0.2609
合肥,50人以下,3,2.95,后端开发,0.2609
上海,150-500人,3,2.95,算法工程师,0.2609
北京,15-50人,3,2.95,数据分析,0.2609
北京,15-50人,3,2.95,数据分析,0.2609
上海,50-150人,3,2.95,数据分析,0.2609
上海,50人以下,3,2.95,数据分析,0.2609
深圳,50-150人,3,2.95,数据分析,0.2609
北京,150-500人,3,2.95,产品经理,0.2609
上海,50人以下,3,2.95,产品经理,0.2609
上海,150-500人,3,2.95,产品经理,0.2609
上海,50-150人,3,2.95,产品经理,0.2609
北京,15人以下,3,2.95,产品运营,0.2609
杭州,50人以下,3,2.95,产品运营,0.2609
杭州,50人以下,3,2.95,产品运营,0.2609
武汉,50-150人,3,2.95,产品运营,0.2609
广州,50-150人,2,2.85,产品经理,0.3555
成都,未知规模,0,2.75,Java开发,0.55
北京,15-50人,0,2.75,后端开发,0.55
上海,15-50人,0,2.75,后端开发,0.55
上海,50-150人,0,2.75,后端开发,0.55
上海,150-500人,0,2.75,后端开发,0.55
合肥,50人以下,0,2.75,后端开发,0.55
合肥,50人以下,0,2.75,后端开发,0.55
上海,50-150人,0,2.75,测试开发,0.55
北京,50人以下,0,2.75,客户端开发,0.55
上海,50-150人,0,2.75,客户端开发,0.55
佛山,50人以下,0,2.75,客户端开发,0.55
上海,50-150人,0,2.75,算法工程师,0.55
上海,15-50人,0,2.75,算法工程师,0.55
广州,15-50人,0,2.75,算法工程师,0.55
上海,15-50人,0,2.75,大模型算法,0.55
北京,50人以下,0,2.75,数据分析,0.55
上海,15-50人,0,2.75,数据分析,0.55
深圳,15-50人,0,2.75,数据分析,0.55
杭州,50-150人,0,2.75,数据工程师,0.55
北京,15-50人,0,2.75,产品经理,0.55
北京,50人以下,0,2.75,产品经理,0.55
北京,50人以下,0,2.75,产品经理,0.55
北京,50人以下,0,2.75,产品经理,0.55
北京,50人以下,0,2.75,产品经理,0.55
北京,50人以下,0,2.75,产品经理,0.55
北京,50人以下,0,2.75,产品经理,0.55
深圳,150-500人,0,2.75,产品经理,0.55
杭州,15人以下,0,2.75,产品经理,0.55
成都,50-150人,0,2.75,产品经理,0.55
成都,50-150人,0,2.75,产品经理,0.55
西安,50-150人,0,2.75,产品经理,0.55
合肥,50人以下,0,2.75,产品经理,0.55
青岛,15人以下,0,2.75,产品经理,0.55
佛山,15-50人,0,2.75,产品经理,0.55
上海,15-50人,0,2.75,产品运营,0.55
广州,50人以下,0,2.75,产品运营,0.55
广州,50人以下,0,2.75,产品运营,0.55
全国,150-500人,0,2.75,产品运营,0.55
广州,50人以下,0,2.75,产品运营,0.55
广州,50人以下,0,2.75,产品运营,0.55
广州,50人以下,0,2.75,产品运营,0.55
深圳,15-50人,0,2.75,产品运营,0.55
深圳,50人以下,0,2.75,产品运营,0.55
杭州,50人以下,0,2.75,产品运营,0.55
成都,150-500人,0,2.75,产品运营,0.55
成都,50人以下,0,2.75,产品运营,0.55
武汉,50-150人,0,2.75,产品运营,0.55
武汉,150-500人,0,2.75,产品运营,0.55
南京,15-50人,0,2.75,产品运营,0.55
重庆,50人以下,0,2.75,产品运营,0.55
天津,150-500人,0,2.75,产品运营,0.55
合肥,50人以下,0,2.75,产品运营,0.55
合肥,50人以下,0,2.75,产品运营,0.55
合肥,50人以下,0,2.75,产品运营,0.55
合肥,50人以下,0,2.75,产品运营,0.55
合肥,50人以下,0,2.75,产品运营,0.55
厦门,50-150人,0,2.75,产品运营,0.55
无锡,15-50人,0,2.75,产品运营,0.55
北京,50人以下,0,2.75,数据运营,0.55
北京,50-150人,0,2.75,数据运营,0.55
成都,15-50人,0,2.75,游戏开发,0.55
成都,15-50人,0,2.75,游戏开发,0.55
北京,50人以下,0,2.75,UI设计师,0.55
北京,50人以下,0,2.75,UI设计师,0.55
上海,15-50人,0,2.75,UI设计师,0.55
上海,150-500人,0,2.75,UI设计师,0.55
上海,150-500人,0,2.75,UI设计师,0.55
上海,15-50人,0,2.75,UI设计师,0.55
上海,50人以下,0,2.75,UI设计师,0.55
广州,15-50人,0,2.75,UI设计师,0.55
深圳,50-150人,1,2.75,Java开发,0.45
深圳,50-150人,1,2.75,Java开发,0.45
武汉,15-50人,1,2.75,Java开发,0.45
北京,50-150人,1,2.75,后端开发,0.45
成都,150-500人,1,2.75,后端开发,0.45
武汉,50-150人,1,2.75,后端开发,0.45
天津,15-50人,1,2.75,后端开发,0.45
北京,50人以下,1,2.75,测试开发,0.45
上海,50人以下,1,2.75,测试开发,0.45
深圳,50人以下,1,2.75,测试开发,0.45
成都,150-500人,1,2.75,测试开发,0.45
武汉,50人以下,1,2.75,测试开发,0.45
南京,50人以下,1,2.75,测试开发,0.45
苏州,150-500人,1,2.75,测试开发,0.45
广州,50人以下,1,2.75,大模型算法,0.45
成都,50人以下,1,2.75,数据分析,0.45
重庆,15-50人,1,2.75,数据分析,0.45
青岛,150-500人,1,2.75,数据分析,0.45
广州,15-50人,1,2.75,产品经理,0.45
广州,50-150人,1,2.75,产品经理,0.45
广州,50人以下,1,2.75,产品经理,0.45
深圳,150-500人,1,2.75,产品经理,0.45
深圳,50人以下,1,2.75,产品经理,0.45
杭州,15人以下,1,2.75,产品经理,0.45
成都,50-150人,1,2.75,产品经理,0.45
成都,50人以下,1,2.75,产品经理,0.45
南京,150-500人,1,2.75,产品经理,0.45
西安,50人以下,1,2.75,产品经理,0.45
天津,15-50人,1,2.75,产品经理,0.45
上海,50人以下,1,2.75,产品运营,0.45
广州,50人以下,1,2.75,产品运营,0.45
广州,150-500人,1,2.75,产品运营,0.45
广州,50人以下,1,2.75,产品运营,0.45
广州,50-150人,1,2.75,产品运营,0.45
广州,15-50人,1,2.75,产品运营,0.45
深圳,50人以下,1,2.75,产品运营,0.45
杭州,15-50人,1,2.75,产品运营,0.45
杭州,150-500人,1,2.75,产品运营,0.45
杭州,50-150人,1,2.75,产品运营,0.45
成都,15-50人,1,2.75,产品运营,0.45
成都,15-50人,1,2.75,产品运营,0.45
成都,50人以下,1,2.75,产品运营,0.45
成都,50人以下,1,2.75,产品运营,0.45
武汉,50人以下,1,2.75,产品运营,0.45
武汉,50人以下,1,2.75,产品运营,0.45
西安,50人以下,1,2.75,产品运营,0.45
合肥,50人以下,1,2.75,产品运营,0.45
广州,50-150人,1,2.75,游戏开发,0.45
广州,15-50人,1,2.75,游戏开发,0.45
成都,50人以下,1,2.75,游戏开发,0.45
上海,15-50人,1,2.75,UI设计师,0.45
重庆,50人以下,1,2.75,UI设计师,0.45
上海,15人以下,2,2.75,Java开发,0.35
上海,150-500人,2,2.75,Java开发,0.35
广州,50-150人,2,2.75,Java开发,0.35
广州,50人以下,2,2.75,Java开发,0.35
广州,15-50人,2,2.75,Java开发,0.35
广州,50人以下,2,2.75,Java开发,0.35
广州,50人以下,2,2.75,Java开发,0.35
广州,15人以下,2,2.75,Java开发,0.35
深圳,15-50人,2,2.75,Java开发,0.35
深圳,150-500人,2,2.75,Java开发,0.35
杭州,15-50人,2,2.75,Java开发,0.35
杭州,50人以下,2,2.75,Java开发,0.35
杭州,15-50人,2,2.75,Java开发,0.35
杭州,50人以下,2,2.75,Java开发,0.35
杭州,50人以下,2,2.75,Java开发,0.35
成都,150-500人,2,2.75,Java开发,0.35
成都,15-50人,2,2.75,Java开发,0.35
武汉,50人以下,2,2.75,Java开发,0.35
西安,150-500人,2,2.75,Java开发,0.35
武汉,50-150人,2,2.75,前端开发,0.35
北京,50人以下,2,2.75,后端开发,0.35
北京,50人以下,2,2.75,后端开发,0.35
北京,50人以下,2,2.75,后端开发,0.35
北京,50人以下,2,2.75,后端开发,0.35
北京,50人以下,2,2.75,后端开发,0.35
北京,150-500人,2,2.75,后端开发,0.35
北京,50人以下,2,2.75,后端开发,0.35
北京,50人以下,2,2.75,后端开发,0.35
上海,150-500人,2,2.75,后端开发,0.35
上海,150-500人,2,2.75,后端开发,0.35
广州,50-150人,2,2.75,后端开发,0.35
广州,50人以下,2,2.75,后端开发,0.35
深圳,150-500人,2,2.75,后端开发,0.35
深圳,50人以下,2,2.75,后端开发,0.35
杭州,15-50人,2,2.75,后端开发,0.35
成都,150-500人,2,2.75,后端开发,0.35
成都,15-50人,2,2.75,后端开发,0.35
武汉,15人以下,2,2.75,后端开发,0.35
武汉,15-50人,2,2.75,后端开发,0.35
南京,50人以下,2,2.75,后端开发,0.35
西安,15-50人,2,2.75,后端开发,0.35
天津,50人以下,2,2.75,后端开发,0.35
长沙,150-500人,2,2.75,后端开发,0.35
合肥,50人以下,2,2.75,后端开发,0.35
合肥,50人以下,2,2.75,后端开发,0.35
合肥,50人以下,2,2.75,后端开发,0.35
北京,150-500人,2,2.75,Python开发,0.35
北京,150-500人,2,2.75,测试开发,0.35
上海,50-150人,2,2.75,测试开发,0.35
上海,50人以下,2,2.75,测试开发,0.35
广州,50人以下,2,2.75,测试开发,0.35
深圳,50人以下,2,2.75,测试开发,0.35
青岛,50人以下,2,2.75,测试开发,0.35
宁波,50人以下,2,2.75,测试开发,0.35
北京,50-150人,2,2.75,客户端开发,0.35
上海,50人以下,2,2.75,客户端开发,0.35
宁波,50人以下,2,2.75,客户端开发,0.35
上海,50人以下,2,2.75,运维开发,0.35
武汉,50人以下,2,2.75,运维开发,0.35
北京,50人以下,2,2.75,算法工程师,0.35
上海,50人以下,2,2.75,算法工程师,0.35
杭州,15-50人,2,2.75,算法工程师,0.35
成都,50人以下,2,2.75,算法工程师,0.35
青岛,50人以下,2,2.75,算法工程师,0.35
上海,150-500人,2,2.75,人工智能,0.35
北京,15-50人,2,2.75,计算机视觉,0.35
上海,50人以下,2,2.75,计算机视觉,0.35
上海,50人以下,2,2.75,计算机视觉,0.35
深圳,50人以下,2,2.75,计算机视觉,0.35
重庆,50人以下,2,2.75,计算机视觉,0.35
合肥,50人以下,2,2.75,计算机视觉,0.35
北京,150-500人,2,2.75,大模型算法,0.35
成都,50-150人,2,2.75,大模型算法,0.35
苏州,50人以下,2,2.75,大模型算法,0.35
北京,50-150人,2,2.75,数据分析,0.35
北京,50人以下,2,2.75,数据分析,0.35
北京,50人以下,2,2.75,数据分析,0.35
北京,50人以下,2,2.75,数据分析,0.35
北京,50人以下,2,2.75,数据分析,0.35
北京,50人以下,2,2.75,数据分析,0.35
北京,50-150人,2,2.75,数据分析,0.35
北京,50人以下,2,2.75,数据分析,0.35
北京,50人以下,2,2.75,数据分析,0.35
北京,50人以下,2,2.75,数据分析,0.35
北京,50人以下,2,2.75,数据分析,0.35
北京,50-150人,2,2.75,数据分析,0.35
上海,50人以下,2,2.75,数据分析,0.35
上海,50人以下,2,2.75,数据分析,0.35
上海,50人以下,2,2.75,数据分析,0.35
武汉,50人以下,2,2.75,数据分析,0.35
南京,50人以下,2,2.75,数据分析,0.35
南京,150-500人,2,2.75,数据分析,0.35
重庆,50人以下,2,2.75,数据分析,0.35
天津,15人以下,2,2.75,数据分析,0.35
北京,50人以下,2,2.75,数据工程师,0.35
北京,50人以下,2,2.75,数据工程师,0.35
北京,50人以下,2,2.75,数据工程师,0.35
上海,15-50人,2,2.75,数据工程师,0.35
上海,150-500人,2,2.75,数据工程师,0.35
天津,50人以下,2,2.75,数据工程师,0.35
合肥,15-50人,2,2.75,数据工程师,0.35
宁波,50人以下,2,2.75,数据工程师,0.35
北京,15-50人,2,2.75,产品经理,0.35
北京,50人以下,2,2.75,产品经理,0.35
北京,50-150人,2,2.75,产品经理,0.35
北京,50人以下,2,2.75,产品经理,0.35
北京,50人以下,2,2.75,产品经理,0.35
北京,50人以下,2,2.75,产品经理,0.35
北京,50人以下,2,2.75,产品经理,0.35
北京,50人以下,2,2.75,产品经理,0.35
北京,50人以下,2,2.75,产品经理,0.35
北京,15-50人,2,2.75,产品经理,0.35
北京,50人以下,2,2.75,产品经理,0.35
北京,150-500人,2,2.75,产品经理,0.35
北京,15-50人,2,2.75,产品经理,0.35
北京,50人以下,2,2.75,产品经理,0.35
北京,50人以下,2,2.75,产品经理,0.35
北京,50人以下,2,2.75,产品经理,0.35
北京,50人以下,2,2.75,产品经理,0.35
北京,50人以下,2,2.75,产品经理,0.35
北京,50人以下,2,2.75,产品经理,0.35
北京,50人以下,2,2.75,产品经理,0.35
北京,50人以下,2,2.75,产品经理,0.35
北京,50人以下,2,2.75,产品经理,0.35
北京,50人以下,2,2.75,产品经理,0.35
北京,50人以下,2,2.75,产品经理,0.35
北京,15-50人,2,2.75,产品经理,0.35
北京,50人以下,2,2.75,产品经理,0.35
北京,50人以下,2,2.75,产品经理,0.35
北京,50人以下,2,2.75,产品经理,0.35
北京,50人以下,2,2.75,产品经理,0.35
北京,50人以下,2,2.75,产品经理,0.35
北京,50人以下,2,2.75,产品经理,0.35
北京,50人以下,2,2.75,产品经理,0.35
北京,50人以下,2,2.75,产品经理,0.35
北京,50人以下,2,2.75,产品经理,0.35
北京,50人以下,2,2.75,产品经理,0.35
上海,50人以下,2,2.75,产品经理,0.35
上海,15-50人,2,2.75,产品经理,0.35
上海,50-150人,2,2.75,产品经理,0.35
上海,50-150人,2,2.75,产品经理,0.35
上海,15-50人,2,2.75,产品经理,0.35
上海,50人以下,2,2.75,产品经理,0.35
上海,15-50人,2,2.75,产品经理,0.35
上海,15-50人,2,2.75,产品经理,0.35
上海,15-50人,2,2.75,产品经理,0.35
上海,15-50人,2,2.75,产品经理,0.35
上海,15-50人,2,2.75,产品经理,0.35
广州,50人以下,2,2.75,产品经理,0.35
广州,50-150人,2,2.75,产品经理,0.35
广州,50人以下,2,2.75,产品经理,0.35
广州,50人以下,2,2.75,产品经理,0.35
广州,50-150人,2,2.75,产品经理,0.35
广州,50人以下,2,2.75,产品经理,0.35
广州,50人以下,2,2.75,产品经理,0.35
广州,50人以下,2,2.75,产品经理,0.35
广州,50人以下,2,2.75,产品经理,0.35
广州,50人以下,2,2.75,产品经理,0.35
广州,50人以下,2,2.75,产品经理,0.35
广州,50人以下,2,2.75,产品经理,0.35
广州,50人以下,2,2.75,产品经理,0.35
广州,50人以下,2,2.75,产品经理,0.35
广州,50人以下,2,2.75,产品经理,0.35
广州,50-150人,2,2.75,产品经理,0.35
广州,50人以下,2,2.75,产品经理,0.35
广州,50人以下,2,2.75,产品经理,0.35
深圳,15-50人,2,2.75,产品经理,0.35
深圳,50人以下,2,2.75,产品经理,0.35
深圳,50人以下,2,2.75,产品经理,0.35
深圳,15-50人,2,2.75,产品经理,0.35
深圳,50人以下,2,2.75,产品经理,0.35
深圳,50人以下,2,2.75,产品经理,0.35
深圳,150-500人,2,2.75,产品经理,0.35
杭州,50人以下,2,2.75,产品经理,0.35
杭州,50人以下,2,2.75,产品经理,0.35
杭州,50人以下,2,2.75,产品经理,0.35
杭州,50人以下,2,2.75,产品经理,0.35
杭州,50人以下,2,2.75,产品经理,0.35
杭州,15人以下,2,2.75,产品经理,0.35
杭州,15人以下,2,2.75,产品经理,0.35
成都,50人以下,2,2.75,产品经理,0.35
成都,15-50人,2,2.75,产品经理,0.35
成都,50人以下,2,2.75,产品经理,0.35
成都,50-150人,2,2.75,产品经理,0.35
成都,50人以下,2,2.75,产品经理,0.35
武汉,50人以下,2,2.75,产品经理,0.35
武汉,50人以下,2,2.75,产品经理,0.35
南京,150-500人,2,2.75,产品经理,0.35
南京,50人以下,2,2.75,产品经理,0.35
南京,50人以下,2,2.75,产品经理,0.35
西安,15-50人,2,2.75,产品经理,0.35
重庆,50人以下,2,2.75,产品经理,0.35
重庆,50人以下,2,2.75,产品经理,0.35
苏州,15-50人,2,2.75,产品经理,0.35
苏州,15-50人,2,2.75,产品经理,0.35
合肥,150-500人,2,2.75,产品经理,0.35
合肥,50人以下,2,2.75,产品经理,0.35
北京,50人以下,2,2.75,产品运营,0.35
北京,50人以下,2,2.75,产品运营,0.35
北京,50人以下,2,2.75,产品运营,0.35
上海,50人以下,2,2.75,产品运营,0.35
上海,15人以下,2,2.75,产品运营,0.35
广州,15人以下,2,2.75,产品运营,0.35
广州,50-150人,2,2.75,产品运营,0.35
广州,50-150人,2,2.75,产品运营,0.35
全国,15-50人,2,2.75,产品运营,0.35
广州,15-50人,2,2.75,产品运营,0.35
广州,50人以下,2,2.75,产品运营,0.35
广州,50人以下,2,2.75,产品运营,0.35
广州,15-50人,2,2.75,产品运营,0.35
广州,15-50人,2,2.75,产品运营,0.35
广州,15-50人,2,2.75,产品运营,0.35
广州,50-150人,2,2.75,产品运营,0.35
广州,50人以下,2,2.75,产品运营,0.35
深圳,15-50人,2,2.75,产品运营,0.35
深圳,15人以下,2,2.75,产品运营,0.35
深圳,15-50人,2,2.75,产品运营,0.35
深圳,50-150人,2,2.75,产品运营,0.35
深圳,50-150人,2,2.75,产品运营,0.35
杭州,15人以下,2,2.75,产品运营,0.35
杭州,50-150人,2,2.75,产品运营,0.35
杭州,150-500人,2,2.75,产品运营,0.35
杭州,50人以下,2,2.75,产品运营,0.35
杭州,150-500人,2,2.75,产品运营,0.35
杭州,150-500人,2,2.75,产品运营,0.35
杭州,50人以下,2,2.75,产品运营,0.35
成都,50人以下,2,2.75,产品运营,0.35
武汉,15-50人,2,2.75,产品运营,0.35
南京,150-500人,2,2.75,产品运营,0.35
南京,150-500人,2,2.75,产品运营,0.35
南京,150-500人,2,2.75,产品运营,0.35
南京,150-500人,2,2.75,产品运营,0.35
南京,50人以下,2,2.75,产品运营,0.35
西安,50人以下,2,2.75,产品运营,0.35
重庆,15人以下,2,2.75,产品运营,0.35
重庆,50人以下,2,2.75,产品运营,0.35
重庆,15-50人,2,2.75,产品运营,0.35
苏州,50人以下,2,2.75,产品运营,0.35
天津,50人以下,2,2.75,产品运营,0.35
长沙,150-500人,2,2.75,产品运营,0.35
长沙,150-500人,2,2.75,产品运营,0.35
郑州,50人以下,2,2.75,产品运营,0.35
郑州,150-500人,2,2.75,产品运营,0.35
厦门,150-500人,2,2.75,产品运营,0.35
北京,50人以下,2,2.75,数据运营,0.35
北京,50人以下,2,2.75,数据运营,0.35
北京,150-500人,2,2.75,数据运营,0.35
北京,50人以下,2,2.75,数据运营,0.35
北京,50人以下,2,2.75,数据运营,0.35
上海,50人以下,2,2.75,数据运营,0.35
上海,15-50人,2,2.75,数据运营,0.35
上海,15-50人,2,2.75,数据运营,0.35
上海,15人以下,2,2.75,数据运营,0.35
上海,50-150人,2,2.75,数据运营,0.35
北京,15-50人,2,2.75,游戏开发,0.35
广州,50人以下,2,2.75,游戏开发,0.35
成都,50人以下,2,2.75,游戏开发,0.35
北京,50人以下,2,2.75,UI设计师,0.35
北京,150-500人,2,2.75,UI设计师,0.35
北京,50人以下,2,2.75,UI设计师,0.35
北京,150-500人,2,2.75,UI设计师,0.35
北京,50人以下,2,2.75,UI设计师,0.35
上海,15-50人,2,2.75,UI设计师,0.35
上海,50人以下,2,2.75,UI设计师,0.35
上海,50人以下,2,2.75,UI设计师,0.35
上海,50人以下,2,2.75,UI设计师,0.35
上海,150-500人,2,2.75,UI设计师,0.35
上海,15人以下,2,2.75,UI设计师,0.35
上海,50人以下,2,2.75,UI设计师,0.35
上海,15-50人,2,2.75,UI设计师,0.35
上海,50人以下,2,2.75,UI设计师,0.35
上海,50人以下,2,2.75,UI设计师,0.35
上海,50人以下,2,2.75,UI设计师,0.35
广州,15-50人,2,2.75,UI设计师,0.35
广州,150-500人,2,2.75,UI设计师,0.35
北京,50人以下,3,2.75,Java开发,0.25
合肥,50人以下,3,2.75,Java开发,0.25
北京,50人以下,3,2.75,后端开发,0.25
深圳,15-50人,3,2.75,后端开发,0.25
成都,150-500人,3,2.75,后端开发,0.25
深圳,50人以下,3,2.75,测试开发,0.25
成都,50人以下,3,2.75,测试开发,0.25
北京,150-500人,3,2.75,数据分析,0.25
上海,50-150人,3,2.75,数据分析,0.25
深圳,100-499人,3,2.75,数据分析,0.25
北京,50人以下,3,2.75,产品经理,0.25
上海,50人以下,3,2.75,产品经理,0.25
长沙,150-500人,3,2.75,产品经理,0.25
北京,15人以下,3,2.75,产品运营,0.25
成都,50人以下,3,2.75,UI设计师,0.25
重庆,50人以下,0,2.6,后端开发,0.5418
深圳,15-50人,0,2.6,Python开发,0.5418
重庆,50人以下,0,2.6,测试开发,0.5418
北京,15人以下,0,2.6,客户端开发,0.5418
武汉,50人以下,0,2.6,数据分析,0.5418
北京,150-500人,0,2.6,数据工程师,0.5418
北京,150-500人,0,2.6,产品经理,0.5418
上海,150-500人,0,2.6,产品经理,0.5418
广州,50人以下,0,2.6,产品经理,0.5418
无锡,50人以下,0,2.6,产品经理,0.5418
北京,50人以下,0,2.6,产品运营,0.5418
北京,150-500人,0,2.6,产品运营,0.5418
北京,50人以下,0,2.6,产品运营,0.5418
北京,50人以下,0,2.6,产品运营,0.5418
广州,15-50人,0,2.6,产品运营,0.5418
广州,15-50人,0,2.6,产品运营,0.5418
广州,50人以下,0,2.6,产品运营,0.5418
广州,15-50人,0,2.6,产品运营,0.5418
广州,50人以下,0,2.6,产品运营,0.5418
深圳,15人以下,0,2.6,产品运营,0.5418
深圳,15人以下,0,2.6,产品运营,0.5418
深圳,15人以下,0,2.6,产品运营,0.5418
武汉,50人以下,0,2.6,产品运营,0.5418
南京,50-150人,0,2.6,产品运营,0.5418
无锡,50人以下,0,2.6,产品运营,0.5418
北京,50人以下,0,2.6,数据运营,0.5418
北京,50人以下,0,2.6,数据运营,0.5418
北京,50人以下,0,2.6,UI设计师,0.5418
上海,150-500人,0,2.6,UI设计师,0.5418
上海,50人以下,0,2.6,UI设计师,0.5418
广州,50人以下,0,2.6,UI设计师,0.5418
上海,50-150人,1,2.6,后端开发,0.4418
重庆,50人以下,1,2.6,后端开发,0.4418
上海,50人以下,1,2.6,客户端开发,0.4418
上海,15人以下,1,2.6,算法工程师,0.4418
成都,50人以下,1,2.6,产品运营,0.4418
天津,50人以下,1,2.6,产品运营,0.4418
上海,50人以下,2,2.6,Java开发,0.3418
长沙,150-500人,2,2.6,Java开发,0.3418
北京,50人以下,2,2.6,后端开发,0.3418
上海,50人以下,2,2.6,后端开发,0.3418
上海,50人以下,2,2.6,后端开发,0.3418
上海,50人以下,2,2.6,后端开发,0.3418
武汉,50人以下,2,2.6,后端开发,0.3418
重庆,50人以下,2,2.6,后端开发,0.3418
重庆,50人以下,2,2.6,测试开发,0.3418
重庆,50人以下,2,2.6,测试开发,0.3418
北京,50人以下,2,2.6,客户端开发,0.3418
北京,50人以下,2,2.6,客户端开发,0.3418
重庆,50人以下,2,2.6,算法工程师,0.3418
上海,50人以下,2,2.6,人工智能,0.3418
上海,50人以下,2,2.6,人工智能,0.3418
上海,50人以下,2,2.6,人工智能,0.3418
北京,50人以下,2,2.6,计算机视觉,0.3418
北京,50人以下,2,2.6,计算机视觉,0.3418
佛山,15-50人,2,2.6,计算机视觉,0.3418
北京,150-500人,2,2.6,数据分析,0.3418
上海,50人以下,2,2.6,数据分析,0.3418
上海,50人以下,2,2.6,数据分析,0.3418
上海,50人以下,2,2.6,数据分析,0.3418
上海,50-150人,2,2.6,数据分析,0.3418
上海,15人以下,2,2.6,数据分析,0.3418
上海,15-50人,2,2.6,数据分析,0.3418
上海,50人以下,2,2.6,数据分析,0.3418
武汉,50人以下,2,2.6,数据分析,0.3418
武汉,50人以下,2,2.6,数据分析,0.3418
重庆,50人以下,2,2.6,数据分析,0.3418
北京,50人以下,2,2.6,数据工程师,0.3418
上海,15-50人,2,2.6,数据工程师,0.3418
上海,50人以下,2,2.6,数据工程师,0.3418
上海,150-500人,2,2.6,数据工程师,0.3418
上海,150-500人,2,2.6,数据工程师,0.3418
广州,50人以下,2,2.6,数据工程师,0.3418
广州,150-500人,2,2.6,数据工程师,0.3418
深圳,150-500人,2,2.6,数据工程师,0.3418
北京,50人以下,2,2.6,产品经理,0.3418
北京,50人以下,2,2.6,产品经理,0.3418
北京,50人以下,2,2.6,产品经理,0.3418
北京,150-500人,2,2.6,产品经理,0.3418
北京,50人以下,2,2.6,产品经理,0.3418
北京,50人以下,2,2.6,产品经理,0.3418
北京,50人以下,2,2.6,产品经理,0.3418
北京,50人以下,2,2.6,产品经理,0.3418
北京,50人以下,2,2.6,产品经理,0.3418
北京,50人以下,2,2.6,产品经理,0.3418
上海,50人以下,2,2.6,产品经理,0.3418
上海,15-50人,2,2.6,产品经理,0.3418
上海,150-500人,2,2.6,产品经理,0.3418
广州,150-500人,2,2.6,产品经理,0.3418
广州,50人以下,2,2.6,产品经理,0.3418
广州,50人以下,2,2.6,产品经理,0.3418
广州,50人以下,2,2.6,产品经理,0.3418
成都,15-50人,2,2.6,产品经理,0.3418
南京,15-50人,2,2.6,产品经理,0.3418
重庆,50人以下,2,2.6,产品经理,0.3418
重庆,50人以下,2,2.6,产品经理,0.3418
北京,150-500人,2,2.6,产品运营,0.3418
北京,50人以下,2,2.6,产品运营,0.3418
北京,50人以下,2,2.6,产品运营,0.3418
北京,50人以下,2,2.6,产品运营,0.3418
北京,150-500人,2,2.6,产品运营,0.3418
上海,15人以下,2,2.6,产品运营,0.3418
广州,50人以下,2,2.6,产品运营,0.3418
广州,50人以下,2,2.6,产品运营,0.3418
广州,50人以下,2,2.6,产品运营,0.3418
广州,50人以下,2,2.6,产品运营,0.3418
广州,50人以下,2,2.6,产品运营,0.3418
广州,150-500人,2,2.6,产品运营,0.3418
广州,150-500人,2,2.6,产品运营,0.3418
广州,50人以下,2,2.6,产品运营,0.3418
深圳,15-50人,2,2.6,产品运营,0.3418
深圳,15-50人,2,2.6,产品运营,0.3418
杭州,50人以下,2,2.6,产品运营,0.3418
杭州,50人以下,2,2.6,产品运营,0.3418
杭州,50人以下,2,2.6,产品运营,0.3418
杭州,15-50人,2,2.6,产品运营,0.3418
成都,15-50人,2,2.6,产品运营,0.3418
成都,50人以下,2,2.6,产品运营,0.3418
重庆,50人以下,2,2.6,产品运营,0.3418
长沙,50人以下,2,2.6,产品运营,0.3418
郑州,50人以下,2,2.6,产品运营,0.3418
无锡,50人以下,2,2.6,产品运营,0.3418
无锡,50人以下,2,2.6,产品运营,0.3418
无锡,50人以下,2,2.6,产品运营,0.3418
佛山,15-50人,2,2.6,产品运营,0.3418
北京,50人以下,2,2.6,数据运营,0.3418
北京,50人以下,2,2.6,数据运营,0.3418
北京,50人以下,2,2.6,数据运营,0.3418
北京,50人以下,2,2.6,数据运营,0.3418
北京,50人以下,2,2.6,数据运营,0.3418
北京,50人以下,2,2.6,数据运营,0.3418
上海,150-500人,2,2.6,数据运营,0.3418
上海,150-500人,2,2.6,UI设计师,0.3418
上海,150-500人,2,2.6,UI设计师,0.3418
上海,15-50人,2,2.6,UI设计师,0.3418
上海,150-500人,2,2.6,UI设计师,0.3418
上海,50人以下,2,2.6,UI设计师,0.3418
上海,50-150人,2,2.6,UI设计师,0.3418
广州,50人以下,2,2.6,UI设计师,0.3418
深圳,50人以下,3,2.6,后端开发,0.2418
重庆,50人以下,3,2.6,后端开发,0.2418
成都,50人以下,3,2.6,UI设计师,0.2418
南京,50人以下,0,2.55,客户端开发,0.5391
上海,15-50人,0,2.55,数据分析,0.5391
广州,50人以下,0,2.55,产品经理,0.5391
重庆,15-50人,0,2.55,产品经理,0.5391
天津,15-50人,0,2.55,产品经理,0.5391
无锡,15-50人,0,2.55,产品经理,0.5391
全国,50人以下,0,2.55,产品运营,0.5391
广州,15-50人,0,2.55,产品运营,0.5391
西安,15-50人,0,2.55,产品运营,0.5391
长沙,15-50人,0,2.55,产品运营,0.5391
郑州,15-50人,0,2.55,产品运营,0.5391
佛山,150-500人,0,2.55,产品运营,0.5391
北京,50人以下,0,2.55,数据运营,0.5391
全国,15-50人,0,2.55,UI设计师,0.5391
武汉,50-150人,0,2.55,UI设计师,0.5391
成都,50-150人,1,2.55,Java开发,0.4391
深圳,50人以下,1,2.55,算法工程师,0.4391
郑州,50人以下,1,2.55,算法工程师,0.4391
广州,50人以下,1,2.55,产品经理,0.4391
广州,50人以下,1,2.55,产品经理,0.4391
杭州,15人以下,1,2.55,产品经理,0.4391
长沙,50人以下,1,2.55,产品经理,0.4391
佛山,15-50人,1,2.55,产品经理,0.4391
佛山,50-150人,1,2.55,产品经理,0.4391
广州,15人以下,1,2.55,产品运营,0.4391
武汉,50人以下,1,2.55,产品运营,0.4391
武汉,15-50人,1,2.55,产品运营,0.4391
武汉,50-150人,1,2.55,产品运营,0.4391
重庆,50人以下,1,2.55,产品运营,0.4391
武汉,50-150人,1,2.55,UI设计师,0.4391
北京,150-500人,2,2.55,Java开发,0.3391
北京,150-500人,2,2.55,Java开发,0.3391
上海,150-500人,2,2.55,Java开发,0.3391
北京,150-500人,2,2.55,后端开发,0.3391
武汉,50-150人,2,2.55,测试开发,0.3391
西安,50人以下,2,2.55,测试开发,0.3391
广州,50人以下,2,2.55,计算机视觉,0.3391
北京,150-500人,2,2.55,数据分析,0.3391
上海,15-50人,2,2.55,数据分析,0.3391
北京,50人以下,2,2.55,产品经理,0.3391
上海,50人以下,2,2.55,产品经理,0.3391
西安,50人以下,2,2.55,产品经理,0.3391
长沙,50人以下,2,2.55,产品经理,0.3391
北京,50人以下,2,2.55,产品运营,0.3391
全国,50人以下,2,2.55,产品运营,0.3391
广州,50人以下,2,2.55,产品运营,0.3391
广州,15-50人,2,2.55,产品运营,0.3391
厦门,50人以下,2,2.55,产品运营,0.3391
北京,50人以下,2,2.55,数据运营,0.3391
北京,50人以下,2,2.55,数据运营,0.3391
北京,15人以下,2,2.55,数据运营,0.3391
武汉,50-150人,3,2.55,后端开发,0.2391
武汉,15-50人,3,2.55,后端开发,0.2391
武汉,15-50人,3,2.55,后端开发,0.2391
全国,15-50人,3,2.55,产品经理,0.2391
上海,50人以下,3,2.55,产品经理,0.2391
南京,15-50人,3,2.55,产品运营,0.2391
北京,50人以下,2,2.5,产品经理,0.3364
北京,50人以下,0,2.4000000000000004,Java开发,0.5309
北京,50人以下,0,2.4000000000000004,后端开发,0.5309
上海,50人以下,0,2.4000000000000004,测试开发,0.5309
广州,50人以下,0,2.4000000000000004,测试开发,0.5309
广州,15-50人,0,2.4000000000000004,测试开发,0.5309
北京,15-50人,0,2.4000000000000004,客户端开发,0.5309
成都,15-50人,0,2.4000000000000004,客户端开发,0.5309
成都,150-500人,0,2.4000000000000004,算法工程师,0.5309
上海,15-50人,0,2.4000000000000004,数据分析,0.5309
重庆,50人以下,0,2.4000000000000004,数据分析,0.5309
北京,50人以下,0,2.4000000000000004,产品经理,0.5309
北京,50人以下,0,2.4000000000000004,产品经理,0.5309
北京,50人以下,0,2.4000000000000004,产品经理,0.5309
北京,50人以下,0,2.4000000000000004,产品经理,0.5309
北京,50人以下,0,2.4000000000000004,产品经理,0.5309
北京,50人以下,0,2.4000000000000004,产品经理,0.5309
北京,50人以下,0,2.4000000000000004,产品经理,0.5309
北京,50人以下,0,2.4000000000000004,产品经理,0.5309
上海,15-50人,0,2.4000000000000004,产品经理,0.5309
广州,15人以下,0,2.4000000000000004,产品经理,0.5309
南京,150-500人,0,2.4000000000000004,产品经理,0.5309
南京,50-150人,0,2.4000000000000004,产品经理,0.5309
西安,50-150人,0,2.4000000000000004,产品经理,0.5309
合肥,50人以下,0,2.4000000000000004,产品经理,0.5309
北京,50人以下,0,2.4000000000000004,产品运营,0.5309
北京,50人以下,0,2.4000000000000004,产品运营,0.5309
北京,50人以下,0,2.4000000000000004,产品运营,0.5309
北京,50人以下,0,2.4000000000000004,产品运营,0.5309
北京,50人以下,0,2.4000000000000004,产品运营,0.5309
北京,50人以下,0,2.4000000000000004,产品运营,0.5309
北京,50人以下,0,2.4000000000000004,产品运营,0.5309
北京,50人以下,0,2.4000000000000004,产品运营,0.5309
广州,15-50人,0,2.4000000000000004,产品运营,0.5309
杭州,50人以下,0,2.4000000000000004,产品运营,0.5309
成都,50-150人,0,2.4000000000000004,产品运营,0.5309
成都,50-150人,0,2.4000000000000004,产品运营,0.5309
成都,150-500人,0,2.4000000000000004,产品运营,0.5309
成都,50-150人,0,2.4000000000000004,产品运营,0.5309
南京,50人以下,0,2.4000000000000004,产品运营,0.5309
南京,50人以下,0,2.4000000000000004,产品运营,0.5309
南京,50人以下,0,2.4000000000000004,产品运营,0.5309
南京,50人以下,0,2.4000000000000004,产品运营,0.5309
合肥,50人以下,0,2.4000000000000004,产品运营,0.5309
青岛,15-50人,0,2.4000000000000004,产品运营,0.5309
北京,50人以下,0,2.4000000000000004,数据运营,0.5309
北京,50人以下,0,2.4000000000000004,数据运营,0.5309
北京,50人以下,0,2.4000000000000004,数据运营,0.5309
北京,150-500人,0,2.4000000000000004,数据运营,0.5309
北京,15人以下,0,2.4000000000000004,数据运营,0.5309
北京,50人以下,0,2.4000000000000004,UI设计师,0.5309
上海,50人以下,0,2.4000000000000004,UI设计师,0.5309
广州,50人以下,0,2.4000000000000004,UI设计师,0.5309
杭州,50人以下,0,2.4000000000000004,UI设计师,0.5309
广州,150-500人,1,2.4000000000000004,测试开发,0.4309
合肥,50人以下,1,2.4000000000000004,运维开发,0.4309
无锡,50人以下,1,2.4000000000000004,运维开发,0.4309
深圳,50人以下,1,2.4000000000000004,算法工程师,0.4309
成都,15-50人,1,2.4000000000000004,算法工程师,0.4309
上海,50人以下,1,2.4000000000000004,数据分析,0.4309
广州,50人以下,1,2.4000000000000004,数据分析,0.4309
成都,15-50人,1,2.4000000000000004,数据分析,0.4309
上海,150-500人,1,2.4000000000000004,数据仓库,0.4309
上海,50人以下,1,2.4000000000000004,产品经理,0.4309
上海,50-150人,1,2.4000000000000004,产品经理,0.4309
武汉,15-50人,1,2.4000000000000004,产品经理,0.4309
长沙,15-50人,1,2.4000000000000004,产品经理,0.4309
广州,50人以下,1,2.4000000000000004,产品运营,0.4309
广州,50人以下,1,2.4000000000000004,产品运营,0.4309
广州,50-150人,1,2.4000000000000004,产品运营,0.4309
广州,50人以下,1,2.4000000000000004,产品运营,0.4309
深圳,50人以下,1,2.4000000000000004,产品运营,0.4309
深圳,50人以下,1,2.4000000000000004,产品运营,0.4309
杭州,15-50人,1,2.4000000000000004,产品运营,0.4309
成都,50-150人,1,2.4000000000000004,产品运营,0.4309
武汉,50人以下,1,2.4000000000000004,产品运营,0.4309
郑州,150-500人,1,2.4000000000000004,产品运营,0.4309
广州,150-500人,1,2.4000000000000004,游戏开发,0.4309
上海,50人以下,1,2.4000000000000004,UI设计师,0.4309
北京,50人以下,2,2.4000000000000004,Java开发,0.3309
上海,50人以下,2,2.4000000000000004,Java开发,0.3309
武汉,50人以下,2,2.4000000000000004,Java开发,0.3309
武汉,150-500人,2,2.4000000000000004,Java开发,0.3309
郑州,50人以下,2,2.4000000000000004,Java开发,0.3309
合肥,50人以下,2,2.4000000000000004,Java开发,0.3309
上海,50人以下,2,2.4000000000000004,后端开发,0.3309
上海,150-500人,2,2.4000000000000004,后端开发,0.3309
上海,50人以下,2,2.4000000000000004,后端开发,0.3309
成都,15-50人,2,2.4000000000000004,后端开发,0.3309
武汉,150-500人,2,2.4000000000000004,后端开发,0.3309
武汉,50人以下,2,2.4000000000000004,后端开发,0.3309
南京,50-150人,2,2.4000000000000004,后端开发,0.3309
合肥,50人以下,2,2.4000000000000004,后端开发,0.3309
合肥,50人以下,2,2.4000000000000004,后端开发,0.3309
合肥,50人以下,2,2.4000000000000004,后端开发,0.3309
北京,50人以下,2,2.4000000000000004,测试开发,0.3309
北京,50人以下,2,2.4000000000000004,客户端开发,0.3309
北京,50人以下,2,2.4000000000000004,客户端开发,0.3309
上海,50人以下,2,2.4000000000000004,客户端开发,0.3309
上海,50人以下,2,2.4000000000000004,客户端开发,0.3309
上海,50人以下,2,2.4000000000000004,客户端开发,0.3309
广州,50-150人,2,2.4000000000000004,客户端开发,0.3309
广州,50-150人,2,2.4000000000000004,客户端开发,0.3309
广州,50人以下,2,2.4000000000000004,客户端开发,0.3309
广州,50人以下,2,2.4000000000000004,客户端开发,0.3309
深圳,50-150人,2,2.4000000000000004,客户端开发,0.3309
深圳,50-150人,2,2.4000000000000004,客户端开发,0.3309
南京,50人以下,2,2.4000000000000004,客户端开发,0.3309
北京,50人以下,2,2.4000000000000004,算法工程师,0.3309
上海,50-150人,2,2.4000000000000004,算法工程师,0.3309
上海,150-500人,2,2.4000000000000004,算法工程师,0.3309
广州,15-50人,2,2.4000000000000004,算法工程师,0.3309
合肥,50人以下,2,2.4000000000000004,算法工程师,0.3309
北京,150-500人,2,2.4000000000000004,人工智能,0.3309
上海,50人以下,2,2.4000000000000004,人工智能,0.3309
上海,50人以下,2,2.4000000000000004,人工智能,0.3309
重庆,50人以下,2,2.4000000000000004,人工智能,0.3309
广州,50人以下,2,2.4000000000000004,推荐算法,0.3309
北京,50人以下,2,2.4000000000000004,计算机视觉,0.3309
成都,50人以下,2,2.4000000000000004,计算机视觉,0.3309
南京,50人以下,2,2.4000000000000004,计算机视觉,0.3309
北京,50人以下,2,2.4000000000000004,大模型算法,0.3309
北京,50人以下,2,2.4000000000000004,数据分析,0.3309
北京,15-50人,2,2.4000000000000004,数据分析,0.3309
上海,50人以下,2,2.4000000000000004,数据分析,0.3309
上海,50人以下,2,2.4000000000000004,数据分析,0.3309
深圳,50-150人,2,2.4000000000000004,数据分析,0.3309
杭州,150-500人,2,2.4000000000000004,数据分析,0.3309
重庆,150-500人,2,2.4000000000000004,数据分析,0.3309
北京,50-150人,2,2.4000000000000004,数据工程师,0.3309
北京,50人以下,2,2.4000000000000004,数据工程师,0.3309
北京,50人以下,2,2.4000000000000004,数据工程师,0.3309
北京,50人以下,2,2.4000000000000004,数据工程师,0.3309
北京,50人以下,2,2.4000000000000004,数据工程师,0.3309
上海,15-50人,2,2.4000000000000004,数据工程师,0.3309
成都,50人以下,2,2.4000000000000004,数据工程师,0.3309
重庆,50-150人,2,2.4000000000000004,数据工程师,0.3309
天津,50人以下,2,2.4000000000000004,数据工程师,0.3309
北京,50人以下,2,2.4000000000000004,产品经理,0.3309
北京,50人以下,2,2.4000000000000004,产品经理,0.3309
北京,50人以下,2,2.4000000000000004,产品经理,0.3309
北京,50人以下,2,2.4000000000000004,产品经理,0.3309
北京,50人以下,2,2.4000000000000004,产品经理,0.3309
北京,50人以下,2,2.4000000000000004,产品经理,0.3309
北京,50人以下,2,2.4000000000000004,产品经理,0.3309
北京,50人以下,2,2.4000000000000004,产品经理,0.3309
北京,50人以下,2,2.4000000000000004,产品经理,0.3309
北京,50人以下,2,2.4000000000000004,产品经理,0.3309
北京,50人以下,2,2.4000000000000004,产品经理,0.3309
北京,50人以下,2,2.4000000000000004,产品经理,0.3309
北京,50人以下,2,2.4000000000000004,产品经理,0.3309
北京,50人以下,2,2.4000000000000004,产品经理,0.3309
北京,150-500人,2,2.4000000000000004,产品经理,0.3309
北京,50人以下,2,2.4000000000000004,产品经理,0.3309
北京,50人以下,2,2.4000000000000004,产品经理,0.3309
北京,150-500人,2,2.4000000000000004,产品经理,0.3309
北京,50人以下,2,2.4000000000000004,产品经理,0.3309
北京,50人以下,2,2.4000000000000004,产品经理,0.3309
北京,50人以下,2,2.4000000000000004,产品经理,0.3309
北京,50人以下,2,2.4000000000000004,产品经理,0.3309
上海,50人以下,2,2.4000000000000004,产品经理,0.3309
上海,50人以下,2,2.4000000000000004,产品经理,0.3309
上海,150-500人,2,2.4000000000000004,产品经理,0.3309
上海,50人以下,2,2.4000000000000004,产品经理,0.3309
上海,50人以下,2,2.4000000000000004,产品经理,0.3309
上海,50人以下,2,2.4000000000000004,产品经理,0.3309
广州,50人以下,2,2.4000000000000004,产品经理,0.3309
广州,50人以下,2,2.4000000000000004,产品经理,0.3309
广州,50人以下,2,2.4000000000000004,产品经理,0.3309
广州,50人以下,2,2.4000000000000004,产品经理,0.3309
广州,50人以下,2,2.4000000000000004,产品经理,0.3309
深圳,150-500人,2,2.4000000000000004,产品经理,0.3309
杭州,50人以下,2,2.4000000000000004,产品经理,0.3309
杭州,15-50人,2,2.4000000000000004,产品经理,0.3309
杭州,50人以下,2,2.4000000000000004,产品经理,0.3309
成都,50-150人,2,2.4000000000000004,产品经理,0.3309
成都,50-150人,2,2.4000000000000004,产品经理,0.3309
成都,50人以下,2,2.4000000000000004,产品经理,0.3309
成都,150-500人,2,2.4000000000000004,产品经理,0.3309
武汉,50-150人,2,2.4000000000000004,产品经理,0.3309
武汉,150-500人,2,2.4000000000000004,产品经理,0.3309
武汉,150-500人,2,2.4000000000000004,产品经理,0.3309
南京,50人以下,2,2.4000000000000004,产品经理,0.3309
南京,150-500人,2,2.4000000000000004,产品经理,0.3309
西安,150-500人,2,2.4000000000000004,产品经理,0.3309
长沙,150-500人,2,2.4000000000000004,产品经理,0.3309
合肥,50人以下,2,2.4000000000000004,产品经理,0.3309
合肥,50人以下,2,2.4000000000000004,产品经理,0.3309
合肥,50人以下,2,2.4000000000000004,产品经理,0.3309
合肥,50人以下,2,2.4000000000000004,产品经理,0.3309
合肥,50人以下,2,2.4000000000000004,产品经理,0.3309
合肥,50人以下,2,2.4000000000000004,产品经理,0.3309
合肥,50人以下,2,2.4000000000000004,产品经理,0.3309
青岛,50-150人,2,2.4000000000000004,产品经理,0.3309
无锡,15-50人,2,2.4000000000000004,产品经理,0.3309
北京,50人以下,2,2.4000000000000004,产品运营,0.3309
北京,50人以下,2,2.4000000000000004,产品运营,0.3309
北京,50人以下,2,2.4000000000000004,产品运营,0.3309
北京,50人以下,2,2.4000000000000004,产品运营,0.3309
北京,50人以下,2,2.4000000000000004,产品运营,0.3309
北京,50人以下,2,2.4000000000000004,产品运营,0.3309
北京,50人以下,2,2.4000000000000004,产品运营,0.3309
北京,50人以下,2,2.4000000000000004,产品运营,0.3309
北京,50人以下,2,2.4000000000000004,产品运营,0.3309
北京,50人以下,2,2.4000000000000004,产品运营,0.3309
北京,50人以下,2,2.4000000000000004,产品运营,0.3309
北京,50人以下,2,2.4000000000000004,产品运营,0.3309
北京,50人以下,2,2.4000000000000004,产品运营,0.3309
北京,50人以下,2,2.4000000000000004,产品运营,0.3309
北京,50人以下,2,2.4000000000000004,产品运营,0.3309
北京,50人以下,2,2.4000000000000004,产品运营,0.3309
北京,50人以下,2,2.4000000000000004,产品运营,0.3309
北京,50人以下,2,2.4000000000000004,产品运营,0.3309
北京,50人以下,2,2.4000000000000004,产品运营,0.3309
北京,50人以下,2,2.4000000000000004,产品运营,0.3309
北京,50人以下,2,2.4000000000000004,产品运营,0.3309
北京,50人以下,2,2.4000000000000004,产品运营,0.3309
北京,50人以下,2,2.4000000000000004,产品运营,0.3309
北京,50人以下,2,2.4000000000000004,产品运营,0.3309
北京,50人以下,2,2.4000000000000004,产品运营,0.3309
北京,50人以下,2,2.4000000000000004,产品运营,0.3309
北京,50人以下,2,2.4000000000000004,产品运营,0.3309
北京,50人以下,2,2.4000000000000004,产品运营,0.3309
上海,50人以下,2,2.4000000000000004,产品运营,0.3309
上海,50人以下,2,2.4000000000000004,产品运营,0.3309
上海,50人以下,2,2.4000000000000004,产品运营,0.3309
上海,150-500人,2,2.4000000000000004,产品运营,0.3309
广州,50人以下,2,2.4000000000000004,产品运营,0.3309
广州,50人以下,2,2.4000000000000004,产品运营,0.3309
广州,15-50人,2,2.4000000000000004,产品运营,0.3309
广州,50人以下,2,2.4000000000000004,产品运营,0.3309
广州,50人以下,2,2.4000000000000004,产品运营,0.3309
广州,15-50人,2,2.4000000000000004,产品运营,0.3309
广州,50人以下,2,2.4000000000000004,产品运营,0.3309
广州,50人以下,2,2.4000000000000004,产品运营,0.3309
广州,50人以下,2,2.4000000000000004,产品运营,0.3309
广州,50人以下,2,2.4000000000000004,产品运营,0.3309
广州,50人以下,2,2.4000000000000004,产品运营,0.3309
广州,50-150人,2,2.4000000000000004,产品运营,0.3309
广州,50人以下,2,2.4000000000000004,产品运营,0.3309
广州,50人以下,2,2.4000000000000004,产品运营,0.3309
深圳,50人以下,2,2.4000000000000004,产品运营,0.3309
杭州,50人以下,2,2.4000000000000004,产品运营,0.3309
成都,15-50人,2,2.4000000000000004,产品运营,0.3309
成都,15-50人,2,2.4000000000000004,产品运营,0.3309
成都,15人以下,2,2.4000000000000004,产品运营,0.3309
成都,15-50人,2,2.4000000000000004,产品运营,0.3309
成都,50人以下,2,2.4000000000000004,产品运营,0.3309
成都,50人以下,2,2.4000000000000004,产品运营,0.3309
成都,50人以下,2,2.4000000000000004,产品运营,0.3309
成都,150-500人,2,2.4000000000000004,产品运营,0.3309
成都,50人以下,2,2.4000000000000004,产品运营,0.3309
成都,50人以下,2,2.4000000000000004,产品运营,0.3309
武汉,50-150人,2,2.4000000000000004,产品运营,0.3309
南京,50人以下,2,2.4000000000000004,产品运营,0.3309
南京,150-500人,2,2.4000000000000004,产品运营,0.3309
南京,150-500人,2,2.4000000000000004,产品运营,0.3309
南京,50人以下,2,2.4000000000000004,产品运营,0.3309
重庆,50人以下,2,2.4000000000000004,产品运营,0.3309
重庆,50人以下,2,2.4000000000000004,产品运营,0.3309
重庆,15-50人,2,2.4000000000000004,产品运营,0.3309
重庆,50人以下,2,2.4000000000000004,产品运营,0.3309
重庆,15-50人,2,2.4000000000000004,产品运营,0.3309
重庆,50人以下,2,2.4000000000000004,产品运营,0.3309
重庆,50人以下,2,2.4000000000000004,产品运营,0.3309
天津,50人以下,2,2.4000000000000004,产品运营,0.3309
长沙,50人以下,2,2.4000000000000004,产品运营,0.3309
长沙,50人以下,2,2.4000000000000004,产品运营,0.3309
长沙,50人以下,2,2.4000000000000004,产品运营,0.3309
合肥,50人以下,2,2.4000000000000004,产品运营,0.3309
合肥,50人以下,2,2.4000000000000004,产品运营,0.3309
合肥,50人以下,2,2.4000000000000004,产品运营,0.3309
合肥,50人以下,2,2.4000000000000004,产品运营,0.3309
厦门,50人以下,2,2.4000000000000004,产品运营,0.3309
佛山,50人以下,2,2.4000000000000004,产品运营,0.3309
北京,50人以下,2,2.4000000000000004,数据运营,0.3309
北京,50人以下,2,2.4000000000000004,数据运营,0.3309
北京,50人以下,2,2.4000000000000004,数据运营,0.3309
北京,50人以下,2,2.4000000000000004,数据运营,0.3309
北京,50人以下,2,2.4000000000000004,数据运营,0.3309
北京,50人以下,2,2.4000000000000004,数据运营,0.3309
北京,50人以下,2,2.4000000000000004,数据运营,0.3309
北京,50人以下,2,2.4000000000000004,数据运营,0.3309
北京,50人以下,2,2.4000000000000004,数据运营,0.3309
北京,50人以下,2,2.4000000000000004,数据运营,0.3309
北京,50人以下,2,2.4000000000000004,数据运营,0.3309
北京,50人以下,2,2.4000000000000004,数据运营,0.3309
北京,50人以下,2,2.4000000000000004,数据运营,0.3309
北京,50人以下,2,2.4000000000000004,数据运营,0.3309
北京,50人以下,2,2.4000000000000004,数据运营,0.3309
北京,50人以下,2,2.4000000000000004,数据运营,0.3309
北京,50人以下,2,2.4000000000000004,数据运营,0.3309
北京,50人以下,2,2.4000000000000004,数据运营,0.3309
北京,50人以下,2,2.4000000000000004,数据运营,0.3309
北京,150-500人,2,2.4000000000000004,数据运营,0.3309
北京,50人以下,2,2.4000000000000004,数据运营,0.3309
北京,50人以下,2,2.4000000000000004,数据运营,0.3309
北京,50人以下,2,2.4000000000000004,数据运营,0.3309
北京,50人以下,2,2.4000000000000004,数据运营,0.3309
北京,50人以下,2,2.4000000000000004,数据运营,0.3309
北京,50人以下,2,2.4000000000000004,数据运营,0.3309
北京,50人以下,2,2.4000000000000004,数据运营,0.3309
北京,50人以下,2,2.4000000000000004,数据运营,0.3309
上海,50人以下,2,2.4000000000000004,数据运营,0.3309
北京,50人以下,2,2.4000000000000004,游戏开发,0.3309
北京,50人以下,2,2.4000000000000004,UI设计师,0.3309
北京,50人以下,2,2.4000000000000004,UI设计师,0.3309
北京,50人以下,2,2.4000000000000004,UI设计师,0.3309
北京,50人以下,2,2.4000000000000004,UI设计师,0.3309
北京,150-500人,2,2.4000000000000004,UI设计师,0.3309
北京,50人以下,2,2.4000000000000004,UI设计师,0.3309
北京,50人以下,2,2.4000000000000004,UI设计师,0.3309
北京,50人以下,2,2.4000000000000004,UI设计师,0.3309
北京,50人以下,2,2.4000000000000004,UI设计师,0.3309
北京,50人以下,2,2.4000000000000004,UI设计师,0.3309
上海,150-500人,2,2.4000000000000004,UI设计师,0.3309
上海,50人以下,2,2.4000000000000004,UI设计师,0.3309
上海,50人以下,2,2.4000000000000004,UI设计师,0.3309
上海,50人以下,2,2.4000000000000004,UI设计师,0.3309
上海,50人以下,2,2.4000000000000004,UI设计师,0.3309
广州,50-150人,2,2.4000000000000004,UI设计师,0.3309
广州,50人以下,2,2.4000000000000004,UI设计师,0.3309
广州,50人以下,2,2.4000000000000004,UI设计师,0.3309
广州,50人以下,2,2.4000000000000004,UI设计师,0.3309
广州,15-50人,2,2.4000000000000004,UI设计师,0.3309
广州,15-50人,2,2.4000000000000004,UI设计师,0.3309
深圳,50-150人,2,2.4000000000000004,UI设计师,0.3309
成都,15-50人,2,2.4000000000000004,UI设计师,0.3309
武汉,50人以下,2,2.4000000000000004,UI设计师,0.3309
重庆,15-50人,2,2.4000000000000004,UI设计师,0.3309
长沙,50人以下,2,2.4000000000000004,UI设计师,0.3309
北京,50人以下,3,2.4000000000000004,后端开发,0.2309
合肥,50人以下,3,2.4000000000000004,后端开发,0.2309
上海,50人以下,3,2.4000000000000004,运维开发,0.2309
上海,50人以下,3,2.4000000000000004,运维开发,0.2309
合肥,15-50人,3,2.4000000000000004,产品经理,0.2309
成都,50人以下,3,2.4000000000000004,产品运营,0.2309
武汉,50-150人,3,2.4000000000000004,产品运营,0.2309
南京,50人以下,3,2.4000000000000004,产品运营,0.2309
南京,50人以下,3,2.4000000000000004,产品运营,0.2309
成都,50人以下,3,2.4000000000000004,UI设计师,0.2309
广州,50人以下,0,2.35,Java开发,0.5282
成都,150-500人,0,2.2,Java开发,0.52
成都,150-500人,0,2.2,测试开发,0.52
北京,50人以下,0,2.2,客户端开发,0.52
北京,50人以下,0,2.2,客户端开发,0.52
郑州,150-500人,0,2.2,客户端开发,0.52
北京,50人以下,0,2.2,数据分析,0.52
北京,50人以下,0,2.2,数据分析,0.52
北京,50人以下,0,2.2,数据分析,0.52
上海,50人以下,0,2.2,数据工程师,0.52
广州,50人以下,0,2.2,产品经理,0.52
广州,50人以下,0,2.2,产品经理,0.52
广州,50人以下,0,2.2,产品经理,0.52
杭州,50人以下,0,2.2,产品经理,0.52
杭州,15-50人,0,2.2,产品经理,0.52
成都,50-150人,0,2.2,产品经理,0.52
成都,50人以下,0,2.2,产品经理,0.52
南京,50人以下,0,2.2,产品经理,0.52
长沙,150-500人,0,2.2,产品经理,0.52
郑州,50-150人,0,2.2,产品经理,0.52
郑州,50-150人,0,2.2,产品经理,0.52
厦门,50人以下,0,2.2,产品经理,0.52
北京,50人以下,0,2.2,产品运营,0.52
上海,150-500人,0,2.2,产品运营,0.52
广州,50人以下,0,2.2,产品运营,0.52
广州,50人以下,0,2.2,产品运营,0.52
广州,50人以下,0,2.2,产品运营,0.52
广州,15-50人,0,2.2,产品运营,0.52
广州,50人以下,0,2.2,产品运营,0.52
广州,50人以下,0,2.2,产品运营,0.52
广州,50人以下,0,2.2,产品运营,0.52
广州,50-150人,0,2.2,产品运营,0.52
杭州,50人以下,0,2.2,产品运营,0.52
杭州,50-150人,0,2.2,产品运营,0.52
成都,15人以下,0,2.2,产品运营,0.52
成都,50-150人,0,2.2,产品运营,0.52
武汉,50-150人,0,2.2,产品运营,0.52
武汉,50-150人,0,2.2,产品运营,0.52
南京,50-150人,0,2.2,产品运营,0.52
西安,50-150人,0,2.2,产品运营,0.52
西安,50-150人,0,2.2,产品运营,0.52
天津,50-150人,0,2.2,产品运营,0.52
天津,15-50人,0,2.2,产品运营,0.52
长沙,15-50人,0,2.2,产品运营,0.52
长沙,50-150人,0,2.2,产品运营,0.52
厦门,15-50人,0,2.2,产品运营,0.52
厦门,15-50人,0,2.2,产品运营,0.52
北京,50人以下,0,2.2,UI设计师,0.52
北京,50人以下,0,2.2,UI设计师,0.52
北京,150-500人,0,2.2,UI设计师,0.52
上海,50人以下,0,2.2,UI设计师,0.52
上海,50人以下,0,2.2,UI设计师,0.52
上海,50人以下,0,2.2,UI设计师,0.52
上海,150-500人,0,2.2,UI设计师,0.52
上海,50人以下,0,2.2,UI设计师,0.52
上海,150-500人,1,2.2,后端开发,0.42
南京,50人以下,1,2.2,测试开发,0.42
天津,15-50人,1,2.2,测试开发,0.42
青岛,50人以下,1,2.2,算法工程师,0.42
北京,50人以下,1,2.2,数据分析,0.42
成都,50-150人,1,2.2,产品经理,0.42
全国,15-50人,1,2.2,产品运营,0.42
广州,50-150人,1,2.2,产品运营,0.42
广州,50人以下,1,2.2,产品运营,0.42
杭州,50人以下,1,2.2,产品运营,0.42
武汉,50-150人,1,2.2,产品运营,0.42
南京,50-150人,1,2.2,产品运营,0.42
重庆,50-150人,1,2.2,产品运营,0.42
郑州,50-150人,1,2.2,产品运营,0.42
上海,50人以下,1,2.2,游戏开发,0.42
全国,50人以下,2,2.2,Java开发,0.32
上海,150-500人,2,2.2,Java开发,0.32
上海,150-500人,2,2.2,Java开发,0.32
广州,15-50人,2,2.2,Java开发,0.32
长沙,50人以下,2,2.2,Java开发,0.32
长沙,50人以下,2,2.2,Java开发,0.32
长沙,50人以下,2,2.2,Java开发,0.32
长沙,50人以下,2,2.2,Java开发,0.32
广州,15-50人,2,2.2,前端开发,0.32
杭州,50人以下,2,2.2,前端开发,0.32
北京,50人以下,2,2.2,后端开发,0.32
上海,50人以下,2,2.2,后端开发,0.32
杭州,15-50人,2,2.2,后端开发,0.32
成都,50-150人,2,2.2,后端开发,0.32
武汉,150-500人,2,2.2,后端开发,0.32
长沙,50人以下,2,2.2,后端开发,0.32
长沙,50人以下,2,2.2,Python开发,0.32
北京,150-500人,2,2.2,测试开发,0.32
深圳,50人以下,2,2.2,测试开发,0.32
成都,150-500人,2,2.2,测试开发,0.32
长沙,50人以下,2,2.2,测试开发,0.32
北京,150-500人,2,2.2,客户端开发,0.32
北京,50人以下,2,2.2,客户端开发,0.32
北京,150-500人,2,2.2,客户端开发,0.32
北京,50-150人,2,2.2,客户端开发,0.32
上海,50人以下,2,2.2,客户端开发,0.32
上海,50人以下,2,2.2,客户端开发,0.32
广州,50人以下,2,2.2,客户端开发,0.32
广州,50-150人,2,2.2,客户端开发,0.32
重庆,50人以下,2,2.2,客户端开发,0.32
长沙,50人以下,2,2.2,算法工程师,0.32
长沙,50人以下,2,2.2,算法工程师,0.32
长沙,50人以下,2,2.2,人工智能,0.32
上海,15-50人,2,2.2,计算机视觉,0.32
北京,150-500人,2,2.2,大模型算法,0.32
北京,50人以下,2,2.2,大模型算法,0.32
北京,50人以下,2,2.2,数据分析,0.32
北京,150-500人,2,2.2,数据分析,0.32
北京,50人以下,2,2.2,数据分析,0.32
北京,50人以下,2,2.2,数据分析,0.32
广州,500-1000人,2,2.2,数据分析,0.32
深圳,50人以下,2,2.2,数据分析,0.32
深圳,50人以下,2,2.2,数据分析,0.32
武汉,50-150人,2,2.2,数据分析,0.32
长沙,50人以下,2,2.2,数据分析,0.32
北京,50-150人,2,2.2,数据工程师,0.32
北京,50人以下,2,2.2,数据工程师,0.32
上海,15人以下,2,2.2,数据工程师,0.32
上海,50人以下,2,2.2,数据工程师,0.32
长沙,50人以下,2,2.2,数据工程师,0.32
北京,50人以下,2,2.2,产品经理,0.32
北京,50人以下,2,2.2,产品经理,0.32
北京,50人以下,2,2.2,产品经理,0.32
北京,50人以下,2,2.2,产品经理,0.32
北京,50人以下,2,2.2,产品经理,0.32
北京,50人以下,2,2.2,产品经理,0.32
上海,50人以下,2,2.2,产品经理,0.32
上海,50人以下,2,2.2,产品经理,0.32
上海,150-500人,2,2.2,产品经理,0.32
广州,15人以下,2,2.2,产品经理,0.32
广州,15-50人,2,2.2,产品经理,0.32
广州,15-50人,2,2.2,产品经理,0.32
深圳,50人以下,2,2.2,产品经理,0.32
深圳,50人以下,2,2.2,产品经理,0.32
深圳,50人以下,2,2.2,产品经理,0.32
深圳,50人以下,2,2.2,产品经理,0.32
深圳,50人以下,2,2.2,产品经理,0.32
深圳,50人以下,2,2.2,产品经理,0.32
杭州,50人以下,2,2.2,产品经理,0.32
杭州,15-50人,2,2.2,产品经理,0.32
成都,15-50人,2,2.2,产品经理,0.32
成都,150-500人,2,2.2,产品经理,0.32
成都,150-500人,2,2.2,产品经理,0.32
武汉,15-50人,2,2.2,产品经理,0.32
重庆,150-500人,2,2.2,产品经理,0.32
长沙,50人以下,2,2.2,产品经理,0.32
长沙,50人以下,2,2.2,产品经理,0.32
长沙,50人以下,2,2.2,产品经理,0.32
长沙,50人以下,2,2.2,产品经理,0.32
合肥,50人以下,2,2.2,产品经理,0.32
合肥,50人以下,2,2.2,产品经理,0.32
上海,15人以下,2,2.2,产品运营,0.32
上海,50-150人,2,2.2,产品运营,0.32
广州,50人以下,2,2.2,产品运营,0.32
广州,50人以下,2,2.2,产品运营,0.32
广州,50人以下,2,2.2,产品运营,0.32
广州,50人以下,2,2.2,产品运营,0.32
广州,15-50人,2,2.2,产品运营,0.32
广州,50人以下,2,2.2,产品运营,0.32
广州,15-50人,2,2.2,产品运营,0.32
广州,50人以下,2,2.2,产品运营,0.32
广州,50人以下,2,2.2,产品运营,0.32
广州,50人以下,2,2.2,产品运营,0.32
广州,50人以下,2,2.2,产品运营,0.32
广州,50人以下,2,2.2,产品运营,0.32
广州,50-150人,2,2.2,产品运营,0.32
广州,50人以下,2,2.2,产品运营,0.32
深圳,15-50人,2,2.2,产品运营,0.32
深圳,50人以下,2,2.2,产品运营,0.32
深圳,15-50人,2,2.2,产品运营,0.32
深圳,50人以下,2,2.2,产品运营,0.32
深圳,15-50人,2,2.2,产品运营,0.32
杭州,15-50人,2,2.2,产品运营,0.32
成都,50人以下,2,2.2,产品运营,0.32
成都,150-500人,2,2.2,产品运营,0.32
成都,50-150人,2,2.2,产品运营,0.32
成都,15-50人,2,2.2,产品运营,0.32
武汉,15-50人,2,2.2,产品运营,0.32
南京,15-50人,2,2.2,产品运营,0.32
南京,50人以下,2,2.2,产品运营,0.32
南京,50人以下,2,2.2,产品运营,0.32
南京,50人以下,2,2.2,产品运营,0.32
南京,150-500人,2,2.2,产品运营,0.32
西安,50人以下,2,2.2,产品运营,0.32
苏州,50人以下,2,2.2,产品运营,0.32
长沙,50人以下,2,2.2,产品运营,0.32
郑州,15-50人,2,2.2,产品运营,0.32
合肥,50人以下,2,2.2,产品运营,0.32
厦门,15-50人,2,2.2,产品运营,0.32
北京,50-150人,2,2.2,数据运营,0.32
北京,50人以下,2,2.2,数据运营,0.32
北京,50人以下,2,2.2,数据运营,0.32
上海,15-50人,2,2.2,数据运营,0.32
上海,50人以下,2,2.2,数据运营,0.32
上海,15-50人,2,2.2,数据运营,0.32
上海,50-150人,2,2.2,数据运营,0.32
北京,50人以下,2,2.2,UI设计师,0.32
上海,50人以下,2,2.2,UI设计师,0.32
上海,150-500人,2,2.2,UI设计师,0.32
上海,15-50人,2,2.2,UI设计师,0.32
上海,50人以下,2,2.2,UI设计师,0.32
深圳,50人以下,2,2.2,UI设计师,0.32
深圳,50人以下,2,2.2,UI设计师,0.32
深圳,50人以下,2,2.2,UI设计师,0.32
南京,50人以下,2,2.2,UI设计师,0.32
合肥,150-500人,2,2.2,UI设计师,0.32
合肥,50人以下,2,2.2,UI设计师,0.32
厦门,15-50人,2,2.2,UI设计师,0.32
佛山,150-500人,2,2.2,UI设计师,0.32
上海,50-150人,3,2.2,Java开发,0.22
深圳,50人以下,3,2.2,后端开发,0.22
深圳,50人以下,3,2.2,后端开发,0.22
成都,50-150人,3,2.2,后端开发,0.22
深圳,50人以下,3,2.2,数据分析,0.22
武汉,50-150人,3,2.2,数据分析,0.22
北京,150-500人,3,2.2,数据工程师,0.22
北京,50人以下,3,2.2,产品经理,0.22
上海,50人以下,3,2.2,产品经理,0.22
深圳,50人以下,3,2.2,产品经理,0.22
深圳,50人以下,3,2.2,产品经理,0.22
武汉,50人以下,3,2.2,产品经理,0.22
深圳,50人以下,3,2.2,产品运营,0.22
北京,15-50人,3,2.05,客户端开发,0.2118
合肥,50人以下,0,2.0,Java开发,0.5091
北京,50-150人,0,2.0,客户端开发,0.5091
上海,15人以下,0,2.0,数据工程师,0.5091
北京,15-50人,0,2.0,产品经理,0.5091
北京,50人以下,0,2.0,产品经理,0.5091
北京,15-50人,0,2.0,产品经理,0.5091
广州,150-500人,0,2.0,产品经理,0.5091
广州,50人以下,0,2.0,产品经理,0.5091
西安,150-500人,0,2.0,产品经理,0.5091
重庆,150-500人,0,2.0,产品经理,0.5091
上海,50人以下,0,2.0,产品运营,0.5091
广州,50-150人,0,2.0,产品运营,0.5091
广州,50-150人,0,2.0,产品运营,0.5091
广州,50-150人,0,2.0,产品运营,0.5091
南京,50-150人,0,2.0,产品运营,0.5091
重庆,15-50人,0,2.0,产品运营,0.5091
青岛,50-150人,0,2.0,产品运营,0.5091
上海,50人以下,0,2.0,数据运营,0.5091
上海,50人以下,0,2.0,UI设计师,0.5091
合肥,50人以下,0,2.0,UI设计师,0.5091
成都,50人以下,1,2.0,Java开发,0.4091
厦门,15-50人,1,2.0,Java开发,0.4091
厦门,15-50人,1,2.0,Java开发,0.4091
厦门,15-50人,1,2.0,Java开发,0.4091
武汉,15-50人,1,2.0,人工智能,0.4091
天津,15-50人,1,2.0,产品经理,0.4091
北京,50人以下,1,2.0,产品运营,0.4091
广州,15-50人,1,2.0,产品运营,0.4091
广州,50-150人,1,2.0,产品运营,0.4091
成都,150-500人,1,2.0,产品运营,0.4091
南京,50-150人,1,2.0,产品运营,0.4091
佛山,15-50人,1,2.0,产品运营,0.4091
广州,50人以下,1,2.0,UI设计师,0.4091
合肥,50人以下,2,2.0,Java开发,0.3091
北京,50人以下,2,2.0,后端开发,0.3091
武汉,15-50人,2,2.0,后端开发,0.3091
合肥,50人以下,2,2.0,后端开发,0.3091
佛山,50人以下,2,2.0,后端开发,0.3091
佛山,50人以下,2,2.0,后端开发,0.3091
北京,50人以下,2,2.0,客户端开发,0.3091
成都,150-500人,2,2.0,计算机视觉,0.3091
南京,15-50人,2,2.0,计算机视觉,0.3091
北京,50人以下,2,2.0,数据分析,0.3091
北京,50人以下,2,2.0,数据分析,0.3091
上海,50人以下,2,2.0,数据分析,0.3091
成都,150-500人,2,2.0,数据分析,0.3091
南京,50-150人,2,2.0,数据分析,0.3091
武汉,15-50人,2,2.0,数据工程师,0.3091
北京,50人以下,2,2.0,产品经理,0.3091
北京,50人以下,2,2.0,产品经理,0.3091
北京,50人以下,2,2.0,产品经理,0.3091
全国,50-150人,2,2.0,产品经理,0.3091
北京,50人以下,2,2.0,产品经理,0.3091
北京,50人以下,2,2.0,产品经理,0.3091
成都,50人以下,2,2.0,产品经理,0.3091
成都,150-500人,2,2.0,产品经理,0.3091
南京,50-150人,2,2.0,产品经理,0.3091
长沙,15-50人,2,2.0,产品经理,0.3091
北京,50人以下,2,2.0,产品运营,0.3091
北京,50人以下,2,2.0,产品运营,0.3091
广州,50-150人,2,2.0,产品运营,0.3091
广州,50-150人,2,2.0,产品运营,0.3091
广州,50-150人,2,2.0,产品运营,0.3091
广州,150-500人,2,2.0,产品运营,0.3091
广州,50-150人,2,2.0,产品运营,0.3091
广州,50-150人,2,2.0,产品运营,0.3091
广州,150-500人,2,2.0,产品运营,0.3091
深圳,50人以下,2,2.0,产品运营,0.3091
深圳,50人以下,2,2.0,产品运营,0.3091
杭州,50-150人,2,2.0,产品运营,0.3091
成都,50人以下,2,2.0,产品运营,0.3091
成都,50人以下,2,2.0,产品运营,0.3091
成都,15-50人,2,2.0,产品运营,0.3091
武汉,50-150人,2,2.0,产品运营,0.3091
重庆,15-50人,2,2.0,产品运营,0.3091
长沙,15-50人,2,2.0,产品运营,0.3091
长沙,50-150人,2,2.0,产品运营,0.3091
合肥,50人以下,2,2.0,产品运营,0.3091
佛山,50人以下,2,2.0,产品运营,0.3091
北京,50人以下,2,2.0,数据运营,0.3091
上海,50人以下,2,2.0,数据运营,0.3091
重庆,50人以下,2,2.0,游戏开发,0.3091
重庆,50人以下,2,2.0,游戏开发,0.3091
北京,15-50人,2,2.0,UI设计师,0.3091
广州,150-500人,2,2.0,UI设计师,0.3091
广州,150-500人,2,2.0,UI设计师,0.3091
武汉,50人以下,2,2.0,UI设计师,0.3091
武汉,15-50人,3,2.0,后端开发,0.2091
上海,50人以下,3,2.0,计算机视觉,0.2091
上海,50-150人,3,2.0,产品经理,0.2091
上海,50人以下,3,2.0,产品经理,0.2091
成都,15-50人,3,2.0,产品运营,0.2091
北京,50人以下,2,1.9000000000000001,Java开发,0.3036
上海,50人以下,0,1.8,产品经理,0.4982
广州,50人以下,0,1.8,产品经理,0.4982
深圳,50-150人,2,1.8,数据分析,0.2982
上海,50人以下,2,1.8,产品经理,0.2982
广州,50人以下,2,1.8,产品经理,0.2982
广州,50人以下,2,1.8,产品经理,0.2982
深圳,15-50人,2,1.8,产品经理,0.2982
重庆,15人以下,2,1.8,产品经理,0.2982
成都,50-150人,2,1.8,UI设计师,0.2982
广州,50人以下,3,1.8,后端开发,0.1982
广州,50人以下,3,1.8,产品经理,0.1982
广州,50人以下,3,1.8,产品运营,0.1982
广州,50人以下,3,1.8,产品运营,0.1982
广州,50人以下,3,1.8,产品运营,0.1982
上海,150-500人,2,1.75,人工智能,0.2955
上海,15-50人,2,1.75,数据工程师,0.2955
上海,150-500人,2,1.75,产品经理,0.2955
北京,50-150人,3,1.75,后端开发,0.1955
北京,150-500人,0,1.6500000000000001,Java开发,0.49
广州,50人以下,0,1.6500000000000001,客户端开发,0.49
全国,50人以下,0,1.6500000000000001,计算机视觉,0.49
北京,15人以下,0,1.6500000000000001,产品经理,0.49
北京,50人以下,0,1.6500000000000001,产品经理,0.49
上海,15-50人,0,1.6500000000000001,产品经理,0.49
广州,50人以下,0,1.6500000000000001,产品经理,0.49
广州,50人以下,0,1.6500000000000001,产品经理,0.49
杭州,50人以下,0,1.6500000000000001,产品经理,0.49
杭州,50人以下,0,1.6500000000000001,产品经理,0.49
成都,15-50人,0,1.6500000000000001,产品经理,0.49
北京,50人以下,0,1.6500000000000001,产品运营,0.49
全国,50人以下,0,1.6500000000000001,产品运营,0.49
全国,50人以下,0,1.6500000000000001,产品运营,0.49
广州,50人以下,0,1.6500000000000001,产品运营,0.49
杭州,15-50人,0,1.6500000000000001,产品运营,0.49
武汉,50人以下,0,1.6500000000000001,产品运营,0.49
西安,15-50人,0,1.6500000000000001,产品运营,0.49
苏州,50-150人,0,1.6500000000000001,产品运营,0.49
郑州,50人以下,0,1.6500000000000001,产品运营,0.49
郑州,50-150人,0,1.6500000000000001,产品运营,0.49
厦门,50人以下,0,1.6500000000000001,产品运营,0.49
上海,50人以下,0,1.6500000000000001,UI设计师,0.49
杭州,50人以下,0,1.6500000000000001,UI设计师,0.49
杭州,50人以下,0,1.6500000000000001,UI设计师,0.49
北京,15-50人,1,1.6500000000000001,Java开发,0.39
广州,50-150人,1,1.6500000000000001,测试开发,0.39
上海,50-150人,1,1.6500000000000001,客户端开发,0.39
广州,50人以下,1,1.6500000000000001,计算机视觉,0.39
西安,50-150人,1,1.6500000000000001,产品经理,0.39
苏州,15-50人,1,1.6500000000000001,产品经理,0.39
广州,15人以下,1,1.6500000000000001,产品运营,0.39
杭州,15-50人,1,1.6500000000000001,产品运营,0.39
长沙,15-50人,1,1.6500000000000001,产品运营,0.39
南京,50-150人,1,1.6500000000000001,游戏开发,0.39
全国,15-50人,2,1.6500000000000001,Java开发,0.29
北京,50-150人,2,1.6500000000000001,Java开发,0.29
北京,150-500人,2,1.6500000000000001,后端开发,0.29
北京,15-50人,2,1.6500000000000001,后端开发,0.29
北京,150-500人,2,1.6500000000000001,后端开发,0.29
重庆,50人以下,2,1.6500000000000001,客户端开发,0.29
重庆,50人以下,2,1.6500000000000001,运维开发,0.29
上海,150-500人,2,1.6500000000000001,人工智能,0.29
上海,50人以下,2,1.6500000000000001,数据分析,0.29
全国,50人以下,2,1.6500000000000001,产品经理,0.29
上海,15人以下,2,1.6500000000000001,产品经理,0.29
上海,50人以下,2,1.6500000000000001,产品经理,0.29
广州,15-50人,2,1.6500000000000001,产品经理,0.29
广州,50人以下,2,1.6500000000000001,产品经理,0.29
广州,15-50人,2,1.6500000000000001,产品经理,0.29
杭州,15-50人,2,1.6500000000000001,产品经理,0.29
广州,15-50人,2,1.6500000000000001,产品运营,0.29
广州,50人以下,2,1.6500000000000001,产品运营,0.29
全国,50人以下,2,1.6500000000000001,产品运营,0.29
深圳,15-50人,2,1.6500000000000001,产品运营,0.29
杭州,50人以下,2,1.6500000000000001,产品运营,0.29
成都,50人以下,2,1.6500000000000001,产品运营,0.29
无锡,50人以下,2,1.6500000000000001,产品运营,0.29
广州,50人以下,2,1.6500000000000001,UI设计师,0.29
广州,50人以下,2,1.6500000000000001,UI设计师,0.29
广州,50人以下,2,1.6500000000000001,UI设计师,0.29
广州,50人以下,2,1.6500000000000001,UI设计师,0.29
广州,50人以下,2,1.6500000000000001,UI设计师,0.29
广州,50人以下,2,1.6500000000000001,UI设计师,0.29
北京,15-50人,3,1.6500000000000001,算法工程师,0.19
成都,50-150人,3,1.6500000000000001,数据工程师,0.19
上海,150-500人,3,1.6500000000000001,产品经理,0.19
上海,15人以下,2,1.5,后端开发,0.2818
上海,50-150人,2,1.5,数据分析,0.2818
北京,50人以下,3,1.5,后端开发,0.1818
北京,50人以下,3,1.5,后端开发,0.1818
北京,50-150人,4,1.5,Python开发,0.0818
成都,50人以下,0,1.4500000000000002,Java开发,0.4791
南京,150-500人,0,1.4500000000000002,客户端开发,0.4791
成都,50人以下,0,1.4500000000000002,产品经理,0.4791
武汉,15-50人,0,1.4500000000000002,产品经理,0.4791
上海,15-50人,0,1.4500000000000002,产品运营,0.4791
全国,50-150人,0,1.4500000000000002,产品运营,0.4791
广州,50人以下,0,1.4500000000000002,产品运营,0.4791
广州,50-150人,0,1.4500000000000002,产品运营,0.4791
深圳,50-150人,0,1.4500000000000002,产品运营,0.4791
深圳,50-150人,0,1.4500000000000002,产品运营,0.4791
深圳,50-150人,0,1.4500000000000002,产品运营,0.4791
武汉,15-50人,0,1.4500000000000002,产品运营,0.4791
厦门,50人以下,1,1.4500000000000002,客户端开发,0.3791
杭州,50人以下,1,1.4500000000000002,产品运营,0.3791
上海,15-50人,1,1.4500000000000002,数据运营,0.3791
北京,50人以下,2,1.4500000000000002,客户端开发,0.2791
北京,150-500人,2,1.4500000000000002,产品经理,0.2791
北京,50人以下,2,1.4500000000000002,产品经理,0.2791
北京,50人以下,2,1.4500000000000002,产品经理,0.2791
北京,50人以下,2,1.4500000000000002,产品经理,0.2791
上海,50人以下,2,1.4500000000000002,产品经理,0.2791
上海,50人以下,2,1.4500000000000002,产品经理,0.2791
上海,150-500人,2,1.4500000000000002,产品经理,0.2791
南京,15-50人,2,1.4500000000000002,产品经理,0.2791
北京,50人以下,2,1.4500000000000002,产品运营,0.2791
北京,50人以下,2,1.4500000000000002,产品运营,0.2791
北京,50人以下,2,1.4500000000000002,产品运营,0.2791
北京,50人以下,2,1.4500000000000002,产品运营,0.2791
杭州,50人以下,2,1.4500000000000002,产品运营,0.2791
杭州,50人以下,2,1.4500000000000002,产品运营,0.2791
成都,50-150人,2,1.4500000000000002,产品运营,0.2791
成都,50-150人,2,1.4500000000000002,产品运营,0.2791
成都,50-150人,2,1.4500000000000002,产品运营,0.2791
西安,150-500人,2,1.4500000000000002,产品运营,0.2791
西安,150-500人,2,1.4500000000000002,产品运营,0.2791
北京,50人以下,2,1.4500000000000002,UI设计师,0.2791
广州,50-150人,2,1.4500000000000002,UI设计师,0.2791
广州,150-500人,2,1.4500000000000002,UI设计师,0.2791
武汉,50人以下,2,1.4500000000000002,UI设计师,0.2791
上海,50人以下,3,1.4500000000000002,Java开发,0.1791
北京,150-500人,3,1.4500000000000002,数据分析,0.1791
上海,50人以下,3,1.4500000000000002,数据分析,0.1791
上海,50人以下,3,1.4500000000000002,数据工程师,0.1791
成都,150-500人,0,1.1,人工智能,0.46
北京,50人以下,0,1.1,数据工程师,0.46
广州,150-500人,0,1.1,产品运营,0.46
广州,50人以下,0,1.1,产品运营,0.46
深圳,150-500人,0,1.1,产品运营,0.46
深圳,15-50人,0,1.1,产品运营,0.46
杭州,150-500人,0,1.1,产品运营,0.46
南京,15-50人,0,1.1,产品运营,0.46
长沙,15-50人,0,1.1,产品运营,0.46
广州,15人以下,1,1.1,产品运营,0.36
北京,50人以下,2,1.1,数据工程师,0.26
北京,50人以下,2,1.1,数据工程师,0.26
北京,50人以下,2,1.1,产品经理,0.26
北京,50人以下,2,1.1,产品经理,0.26
北京,50人以下,2,1.1,产品经理,0.26
北京,50人以下,2,1.1,产品经理,0.26
北京,50人以下,2,1.1,产品经理,0.26
上海,15人以下,2,1.1,产品经理,0.26
广州,15人以下,2,1.1,产品经理,0.26
成都,150-500人,2,1.1,产品经理,0.26
北京,50人以下,2,1.1,产品运营,0.26
北京,50人以下,2,1.1,产品运营,0.26
北京,50人以下,2,1.1,产品运营,0.26
北京,50人以下,2,1.1,产品运营,0.26
北京,50人以下,2,1.1,产品运营,0.26
北京,50人以下,2,1.1,产品运营,0.26
北京,50人以下,2,1.1,产品运营,0.26
北京,50人以下,2,1.1,产品运营,0.26
北京,50人以下,2,1.1,产品运营,0.26
北京,50人以下,2,1.1,产品运营,0.26
北京,50人以下,2,1.1,产品运营,0.26
北京,50人以下,2,1.1,产品运营,0.26
北京,50人以下,2,1.1,产品运营,0.26
北京,15人以下,2,1.1,产品运营,0.26
北京,50人以下,2,1.1,产品运营,0.26
北京,50人以下,2,1.1,产品运营,0.26
北京,50人以下,2,1.1,产品运营,0.26
成都,150-500人,2,1.1,产品运营,0.26
成都,150-500人,2,1.1,产品运营,0.26
成都,150-500人,2,1.1,产品运营,0.26
成都,150-500人,2,1.1,产品运营,0.26
成都,150-500人,2,1.1,产品运营,0.26
成都,150-500人,2,1.1,产品运营,0.26
北京,50人以下,2,1.1,数据运营,0.26
北京,50人以下,2,1.1,数据运营,0.26
北京,50人以下,2,1.1,数据运营,0.26
北京,50人以下,2,1.1,数据运营,0.26
北京,50人以下,2,1.1,数据运营,0.26
北京,50人以下,2,1.1,UI设计师,0.26
成都,150-500人,2,1.1,UI设计师,0.26
西安,150-500人,2,1.05,产品运营,0.2573
北京,50-150人,2,1.0,后端开发,0.2545
上海,50人以下,3,1.0,计算机视觉,0.1545
深圳,150-500人,1,0.9,算法工程师,0.3491
深圳,150-500人,2,0.9,Java开发,0.2491
深圳,150-500人,2,0.9,后端开发,0.2491
深圳,50人以下,2,0.9,后端开发,0.2491
全国,15-50人,2,0.9,测试开发,0.2491
深圳,150-500人,2,0.9,测试开发,0.2491
北京,50人以下,2,0.9,客户端开发,0.2491
深圳,150-500人,2,0.9,算法工程师,0.2491
深圳,150-500人,2,0.9,产品经理,0.2491
北京,50人以下,3,0.9,测试开发,0.1491
广州,50人以下,3,0.9,数据分析,0.1491
杭州,50-150人,3,0.9,产品经理,0.1491
全国,50-150人,3,0.9,产品运营,0.1491
全国,50-150人,3,0.9,产品运营,0.1491
广州,50-150人,3,0.9,产品运营,0.1491
广州,50-150人,3,0.9,产品运营,0.1491
广州,50-150人,3,0.9,产品运营,0.1491
广州,50-150人,3,0.9,产品运营,0.1491
广州,50-150人,3,0.9,产品运营,0.1491
广州,50-150人,3,0.9,产品运营,0.1491
广州,50-150人,3,0.9,产品运营,0.1491
广州,50-150人,3,0.9,产品运营,0.1491
广州,50-150人,3,0.9,数据运营,0.1491
广州,50-150人,3,0.9,数据运营,0.1491
北京,50人以下,3,0.8,后端开发,0.1436
北京,50人以下,2,0.5,Java开发,0.2273
